Order_ID,Order_Date,Customer_ID,Customer_Name,City,State,Category,Product,Brand,Quantity,MRP,Discount_Percent,Sale_Rate,Sales_Amount,Cost,Profit,Payment_Method,Salesperson,Order_Status
ORD100001,2025-07-09 00:00:00,CUST1152,Aditya Singh,Nagpur,Maharashtra,Home Care,Glass Cleaner,Tata,7,250,5,237.5,1662.5,1163.75,498.75,Cash,Pooja,Completed
ORD100002,2025-05-29 00:00:00,CUST1170,Kavya Verma,Kota,Rajasthan,Beverages,Soft Drink,Patanjali,4,250,12,220,880,599.64,280.36,UPI,Pooja,Completed
ORD100003,2025-04-14 00:00:00,CUST1242,Priya Mehta,Pune,Maharashtra,Snacks,Chips,Britannia,5,200,15,170,0,580.25,0,Cash,Neha,Returned
ORD100004,2025-04-02 00:00:00,CUST1054,Priya Gupta,Surat,Gujarat,Beverages,Green Tea,P&G,7,50,12,44,308,233.52,74.48,Cash,Neha,Completed
ORD100005,2025-10-25 00:00:00,CUST1237,Vivaan Joshi,Vadodara,Gujarat,Personal Care,Toothpaste,P&G,6,120,8,110.4,662.4,456.42,205.98,UPI,Amit,Completed
ORD100006,2025-06-02 00:00:00,CUST1139,Aditya Sharma,Khandwa,Madhya Pradesh,Snacks,Biscuits,Patanjali,1,120,0,120,120,100.13,19.87,Debit Card,Rohan,Completed
ORD100007,2025-05-18 00:00:00,CUST1062,Vikas Joshi,Ahmedabad,Gujarat,Personal Care,Shampoo,Nestle,4,120,0,120,480,386.24,93.76,Debit Card,Sneha,Completed
ORD100008,2026-01-08 00:00:00,CUST1207,Meera Jain,Jaipur,Rajasthan,Home Care,Glass Cleaner,HUL,1,80,2,78.4,78.4,57.01,21.39,Cash,Vikas,Completed
ORD100009,2025-04-29 00:00:00,CUST1036,Pooja Agrawal,Indore,Madhya Pradesh,Beverages,Soft Drink,ITC,6,80,15,68,408,326.76,81.24,UPI,Sneha,Completed
ORD100010,2026-02-25 00:00:00,CUST1128,Priya Agrawal,Kota,Rajasthan,Snacks,Biscuits,Tata,6,500,8,460,2760,1997.4,762.6,Net Banking,Sneha,Completed
ORD100011,2025-08-15 00:00:00,CUST1165,Aarav Verma,Indore,Madhya Pradesh,Home Care,Dishwash,ITC,5,200,5,190,950,647.3,302.7,UPI,Rohan,Completed
ORD100012,2025-07-22 00:00:00,CUST1101,Aarav Khan,Indore,Madhya Pradesh,Beverages,Tea,Patanjali,2,60,8,55.2,110.4,80.64,29.76,Cash,Amit,Completed
ORD100013,2025-12-03 00:00:00,CUST1203,Vikas Sharma,Kota,Rajasthan,Snacks,Biscuits,Patanjali,3,40,10,36,0,84,0,Debit Card,Vikas,Returned
ORD100014,2025-08-26 00:00:00,CUST1252,Ananya Gupta,Nashik,Maharashtra,Baby Care,Baby Powder,Patanjali,1,500,5,475,475,340.72,134.28,Cash,Rohan,Completed
ORD100015,2025-08-29 00:00:00,CUST1298,Aditya Agrawal,Surat,Gujarat,Beverages,Tea,Patanjali,7,40,0,40,280,228.27,51.73,Debit Card,Neha,Completed
ORD100016,2026-01-29 00:00:00,CUST1208,Aditya Gupta,Jaipur,Rajasthan,Personal Care,Face Wash,Tata,5,300,15,255,1275,953.45,321.55,Net Banking,Amit,Completed
ORD100017,2026-03-04 00:00:00,CUST1194,Rohan Verma,Pune,Maharashtra,Grocery,Sugar,Parle,4,50,12,44,0,152.76,0,Debit Card,Amit,Returned
ORD100018,2025-04-22 00:00:00,CUST1238,Sneha Singh,Khandwa,Madhya Pradesh,Grocery,Toor Dal,ITC,7,50,0,50,350,259.56,90.44,Net Banking,Rohan,Completed
ORD100019,2026-02-11 00:00:00,CUST1147,Arjun Verma,Udaipur,Rajasthan,Home Care,Floor Cleaner,Tata,6,30,8,27.6,0,134.76,0,Debit Card,Amit,Cancelled
ORD100020,2026-01-27 00:00:00,CUST1181,Meera Verma,Kota,Rajasthan,Snacks,Dry Fruits,Parle,3,500,0,500,1500,1305.93,194.07,Net Banking,Pooja,Completed
ORD100021,2025-09-21 00:00:00,CUST1280,Vivaan Singh,Ujjain,Madhya Pradesh,Grocery,Cooking Oil,Dabur,1,250,15,212.5,0,180.38,0,UPI,Rohan,Returned
ORD100022,2026-03-21 00:00:00,CUST1013,Kavya Jain,Bhopal,Madhya Pradesh,Grocery,Basmati Rice,Nestle,3,100,15,85,255,188.37,66.63,Cash,Pooja,Completed
ORD100023,2026-03-08 00:00:00,CUST1051,Neha Jain,Ahmedabad,Gujarat,Baby Care,Diapers,HUL,7,500,2,490,3430,2396.87,1033.13,UPI,Vikas,Completed
ORD100024,2025-12-20 00:00:00,CUST1053,Kavya Joshi,Vadodara,Gujarat,Baby Care,Baby Lotion,ITC,2,100,15,85,170,127.84,42.16,UPI,Sneha,Completed
ORD100025,2025-07-29 00:00:00,CUST1275,Kavya Jain,Khandwa,Madhya Pradesh,Baby Care,Baby Powder,Britannia,4,40,8,36.8,147.2,121.12,26.08,Cash,Vikas,Completed
ORD100026,2025-08-04 00:00:00,CUST1118,Neha Khan,Jabalpur,Madhya Pradesh,Grocery,Sugar,Tata,1,250,2,245,245,174.27,70.73,Net Banking,Amit,Completed
ORD100027,2025-10-02 00:00:00,CUST1285,Sneha Joshi,Udaipur,Rajasthan,Snacks,Dry Fruits,Britannia,3,500,2,490,1470,1104.27,365.73,Cash,Sneha,Completed
ORD100028,2025-12-06 00:00:00,CUST1010,Rohan Joshi,Jaipur,Rajasthan,Beverages,Coffee,Tata,7,60,0,60,420,324.66,95.34,Net Banking,Pooja,Completed
ORD100029,2025-09-07 00:00:00,CUST1152,Kavya Patel,Nashik,Maharashtra,Home Care,Floor Cleaner,Patanjali,5,60,15,51,0,221.55,0,UPI,Amit,Cancelled
ORD100030,2025-04-12 00:00:00,CUST1095,Sneha Patel,Pune,Maharashtra,Home Care,Glass Cleaner,HUL,1,30,2,29.4,29.4,21.21,8.19,Cash,Neha,Completed
ORD100031,2025-06-14 00:00:00,CUST1217,Rahul Mehta,Ahmedabad,Gujarat,Personal Care,Hair Oil,Dabur,3,200,15,170,510,358.86,151.14,UPI,Vikas,Completed
ORD100032,2025-11-10 00:00:00,CUST1037,Kavya Sharma,Surat,Gujarat,Grocery,Cooking Oil,ITC,2,30,15,25.5,0,40.6,0,Debit Card,Amit,Cancelled
ORD100033,2025-11-19 00:00:00,CUST1076,Neha Agrawal,Jabalpur,Madhya Pradesh,Grocery,Basmati Rice,ITC,1,100,10,90,90,77.32,12.68,Net Banking,Pooja,Completed
ORD100034,2025-08-29 00:00:00,CUST1144,Neha Agrawal,Pune,Maharashtra,Snacks,Dry Fruits,HUL,4,200,8,184,736,599.48,136.52,Cash,Neha,Completed
ORD100035,2025-06-13 00:00:00,CUST1253,Rohan Agrawal,Kota,Rajasthan,Personal Care,Hair Oil,HUL,7,300,5,285,1995,1403.29,591.71,UPI,Neha,Completed
ORD100036,2026-02-15 00:00:00,CUST1145,Meera Agrawal,Pune,Maharashtra,Personal Care,Shampoo,Tata,5,80,12,70.4,352,308.8,43.2,Net Banking,Pooja,Completed
ORD100037,2025-09-20 00:00:00,CUST1141,Vivaan Jain,Mumbai,Maharashtra,Home Care,Glass Cleaner,Parle,7,300,2,294,2058,1772.47,285.53,Debit Card,Vikas,Completed
ORD100038,2025-07-26 00:00:00,CUST1134,Priya Joshi,Surat,Gujarat,Grocery,Cooking Oil,Nestle,7,500,0,500,3500,2438.03,1061.97,Cash,Vikas,Completed
ORD100039,2025-08-21 00:00:00,CUST1001,Rahul Singh,Jaipur,Rajasthan,Beverages,Fruit Juice,HUL,4,200,2,196,784,559.2,224.8,UPI,Amit,Completed
ORD100040,2025-10-03 00:00:00,CUST1178,Kavya Joshi,Kota,Rajasthan,Baby Care,Diapers,P&G,4,80,2,78.4,313.6,225.04,88.56,Net Banking,Rohan,Completed
ORD100041,2025-06-21 00:00:00,CUST1256,Rahul Mehta,Ahmedabad,Gujarat,Grocery,Basmati Rice,Tata,4,500,10,450,1800,1271.96,528.04,UPI,Sneha,Completed
ORD100042,2025-06-02 00:00:00,CUST1217,Rohan Sharma,Jaipur,Rajasthan,Snacks,Biscuits,Parle,1,40,15,34,34,24.14,9.86,Credit Card,Neha,Completed
ORD100043,2025-05-23 00:00:00,CUST1165,Priya Jain,Indore,Madhya Pradesh,Snacks,Cookies,Patanjali,5,80,12,70.4,352,303.65,48.35,UPI,Vikas,Completed
ORD100044,2025-07-04 00:00:00,CUST1072,Amit Jain,Nashik,Maharashtra,Grocery,Cooking Oil,ITC,6,30,0,30,180,149.64,30.36,UPI,Sneha,Completed
ORD100045,2025-07-21 00:00:00,CUST1255,Meera Agrawal,Surat,Gujarat,Personal Care,Toothpaste,Patanjali,6,500,10,450,2700,1883.76,816.24,Debit Card,Vikas,Completed
ORD100046,2026-02-02 00:00:00,CUST1249,Rohan Sharma,Pune,Maharashtra,Home Care,Toilet Cleaner,Dabur,6,40,2,39.2,235.2,189.9,45.3,Credit Card,Pooja,Completed
ORD100047,2026-03-06 00:00:00,CUST1069,Vivaan Singh,Bhopal,Madhya Pradesh,Home Care,Dishwash,Tata,5,60,2,58.8,294,254.4,39.6,UPI,Vikas,Completed
ORD100048,2026-03-26 00:00:00,CUST1184,Neha Verma,Burhanpur,Madhya Pradesh,Home Care,Detergent,Nestle,7,120,15,102,714,542.71,171.29,Net Banking,Rohan,Completed
ORD100049,2025-04-22 00:00:00,CUST1001,Rahul Mehta,Vadodara,Gujarat,Snacks,Namkeen,HUL,3,80,10,72,216,161.79,54.21,UPI,Sneha,Completed
ORD100050,2026-03-16 00:00:00,CUST1107,Meera Sharma,Nashik,Maharashtra,Personal Care,Hair Oil,Nestle,2,200,15,170,340,273.9,66.1,UPI,Amit,Completed
ORD100051,2026-03-31 00:00:00,CUST1154,Sneha Khan,Burhanpur,Madhya Pradesh,Snacks,Cookies,P&G,6,250,8,230,1380,1040.22,339.78,Cash,Rohan,Completed
ORD100052,2025-07-28 00:00:00,CUST1028,Priya Agrawal,Kota,Rajasthan,Home Care,Toilet Cleaner,Dabur,2,100,5,95,190,144.3,45.7,UPI,Sneha,Completed
ORD100053,2025-07-20 00:00:00,CUST1228,Meera Singh,Khandwa,Madhya Pradesh,Grocery,Basmati Rice,ITC,1,60,2,58.8,58.8,49.26,9.54,UPI,Amit,Completed
ORD100054,2025-11-15 00:00:00,CUST1289,Rahul Singh,Nashik,Maharashtra,Grocery,Toor Dal,Parle,4,250,2,245,980,714.28,265.72,UPI,Sneha,Completed
ORD100055,2025-11-15 00:00:00,CUST1036,Vikas Singh,Khandwa,Madhya Pradesh,Baby Care,Baby Powder,P&G,7,200,15,170,1190,821.52,368.48,UPI,Pooja,Completed
ORD100056,2025-04-26 00:00:00,CUST1173,Kavya Joshi,Udaipur,Rajasthan,Baby Care,Baby Lotion,P&G,6,50,12,44,264,228.6,35.4,Cash,Sneha,Completed
ORD100057,2026-02-27 00:00:00,CUST1259,Aarav Singh,Ahmedabad,Gujarat,Beverages,Tea,Patanjali,2,100,10,90,0,140.62,0,UPI,Neha,Returned
ORD100058,2025-12-21 00:00:00,CUST1038,Amit Verma,Nashik,Maharashtra,Beverages,Coffee,P&G,2,60,0,60,120,84.94,35.06,UPI,Amit,Completed
ORD100059,2026-01-21 00:00:00,CUST1060,Pooja Khan,Kota,Rajasthan,Baby Care,Baby Soap,P&G,3,200,2,196,588,421.14,166.86,Credit Card,Vikas,Completed
ORD100060,2025-06-28 00:00:00,CUST1237,Priya Mehta,Jabalpur,Madhya Pradesh,Home Care,Glass Cleaner,Tata,5,50,5,47.5,0,191.6,0,Debit Card,Sneha,Cancelled
ORD100061,2026-02-03 00:00:00,CUST1104,Vikas Verma,Jaipur,Rajasthan,Baby Care,Baby Lotion,Britannia,7,30,0,30,210,157.71,52.29,UPI,Sneha,Completed
ORD100062,2025-09-04 00:00:00,CUST1038,Neha Sharma,Udaipur,Rajasthan,Home Care,Floor Cleaner,ITC,7,30,8,27.6,193.2,160.02,33.18,Debit Card,Rohan,Completed
ORD100063,2026-01-28 00:00:00,CUST1228,Pooja Khan,Vadodara,Gujarat,Beverages,Coffee,Tata,3,250,0,250,750,525.45,224.55,UPI,Vikas,Completed
ORD100064,2026-01-08 00:00:00,CUST1069,Arjun Jain,Nagpur,Maharashtra,Beverages,Green Tea,Dabur,3,50,5,47.5,142.5,113.01,29.49,UPI,Sneha,Completed
ORD100065,2025-09-18 00:00:00,CUST1133,Vikas Joshi,Pune,Maharashtra,Personal Care,Soap,P&G,6,40,0,40,240,175.5,64.5,Debit Card,Neha,Completed
ORD100066,2026-01-27 00:00:00,CUST1101,Rahul Jain,Surat,Gujarat,Personal Care,Face Wash,Parle,3,150,0,150,450,389.31,60.69,Credit Card,Sneha,Completed
ORD100067,2026-02-07 00:00:00,CUST1117,Priya Mehta,Ahmedabad,Gujarat,Baby Care,Baby Powder,P&G,7,80,15,68,476,328.86,147.14,Cash,Pooja,Completed
ORD100068,2026-03-30 00:00:00,CUST1251,Aditya Singh,Pune,Maharashtra,Baby Care,Baby Shampoo,Britannia,2,300,2,294,588,507.86,80.14,Cash,Pooja,Completed
ORD100069,2025-06-23 00:00:00,CUST1177,Arjun Singh,Mumbai,Maharashtra,Grocery,Basmati Rice,Parle,2,500,2,490,980,796.46,183.54,Net Banking,Vikas,Completed
ORD100070,2025-04-19 00:00:00,CUST1018,Aarav Verma,Indore,Madhya Pradesh,Snacks,Chips,P&G,3,30,10,27,81,61.2,19.8,UPI,Neha,Completed
ORD100071,2025-12-22 00:00:00,CUST1162,Kavya Sharma,Nagpur,Maharashtra,Personal Care,Soap,ITC,1,150,10,135,135,93.84,41.16,Cash,Pooja,Completed
ORD100072,2025-05-24 00:00:00,CUST1249,Meera Joshi,Surat,Gujarat,Snacks,Biscuits,Nestle,7,50,15,42.5,297.5,242.27,55.23,Cash,Amit,Completed
ORD100073,2025-09-12 00:00:00,CUST1182,Rahul Agrawal,Mumbai,Maharashtra,Personal Care,Soap,P&G,6,150,12,132,792,670.08,121.92,Net Banking,Neha,Completed
ORD100074,2025-04-11 00:00:00,CUST1234,Meera Patel,Ujjain,Madhya Pradesh,Home Care,Glass Cleaner,HUL,4,500,2,490,1960,1682.72,277.28,UPI,Pooja,Completed
ORD100075,2026-01-05 00:00:00,CUST1081,Priya Khan,Ahmedabad,Gujarat,Baby Care,Baby Lotion,Dabur,5,500,5,475,2375,2065.5,309.5,Net Banking,Amit,Completed
ORD100076,2025-04-04 00:00:00,CUST1154,Priya Patel,Nagpur,Maharashtra,Baby Care,Baby Lotion,P&G,2,200,15,170,340,246.02,93.98,UPI,Rohan,Completed
ORD100077,2025-06-15 00:00:00,CUST1087,Rahul Jain,Ahmedabad,Gujarat,Personal Care,Toothpaste,Nestle,6,40,0,40,240,182.64,57.36,Cash,Rohan,Completed
ORD100078,2025-10-07 00:00:00,CUST1122,Sneha Patel,Kota,Rajasthan,Home Care,Floor Cleaner,Nestle,5,120,2,117.6,588,507.35,80.65,Cash,Rohan,Completed
ORD100079,2026-01-20 00:00:00,CUST1232,Aditya Singh,Ujjain,Madhya Pradesh,Beverages,Fruit Juice,Tata,3,150,5,142.5,427.5,321.12,106.38,UPI,Sneha,Completed
ORD100080,2026-03-31 00:00:00,CUST1201,Priya Patel,Indore,Madhya Pradesh,Personal Care,Toothpaste,ITC,3,50,8,46,138,95.25,42.75,Cash,Amit,Completed
ORD100081,2025-07-17 00:00:00,CUST1172,Aditya Singh,Nagpur,Maharashtra,Grocery,Toor Dal,P&G,2,200,15,170,340,236.36,103.64,UPI,Rohan,Completed
ORD100082,2025-06-19 00:00:00,CUST1216,Aditya Khan,Burhanpur,Madhya Pradesh,Home Care,Dishwash,Patanjali,2,200,15,170,340,266.64,73.36,UPI,Amit,Completed
ORD100083,2025-04-26 00:00:00,CUST1047,Priya Agrawal,Vadodara,Gujarat,Baby Care,Baby Lotion,Dabur,1,500,15,425,425,347.92,77.08,Net Banking,Neha,Completed
ORD100084,2025-11-09 00:00:00,CUST1103,Aarav Khan,Nashik,Maharashtra,Baby Care,Baby Soap,Britannia,1,50,2,49,49,37.45,11.55,UPI,Pooja,Completed
ORD100085,2025-04-04 00:00:00,CUST1210,Aarav Jain,Pune,Maharashtra,Snacks,Chips,P&G,2,120,15,102,204,141.38,62.62,Net Banking,Neha,Completed
ORD100086,2025-04-29 00:00:00,CUST1245,Kavya Mehta,Bhopal,Madhya Pradesh,Personal Care,Soap,Britannia,5,40,5,38,190,131.85,58.15,UPI,Pooja,Completed
ORD100087,2025-08-20 00:00:00,CUST1158,Vivaan Gupta,Kota,Rajasthan,Baby Care,Baby Lotion,Britannia,4,80,0,80,320,232.88,87.12,Debit Card,Vikas,Completed
ORD100088,2025-05-31 00:00:00,CUST1198,Amit Khan,Indore,Madhya Pradesh,Snacks,Biscuits,Patanjali,1,150,8,138,0,99.86,0,Net Banking,Rohan,Returned
ORD100089,2025-11-29 00:00:00,CUST1107,Vivaan Mehta,Kota,Rajasthan,Grocery,Sugar,ITC,3,150,8,138,414,350.88,63.12,UPI,Amit,Completed
ORD100090,2025-11-27 00:00:00,CUST1061,Ananya Jain,Kota,Rajasthan,Snacks,Dry Fruits,Parle,7,120,0,120,840,658.28,181.72,UPI,Neha,Completed
ORD100091,2025-12-23 00:00:00,CUST1105,Vikas Verma,Surat,Gujarat,Home Care,Glass Cleaner,P&G,5,200,0,200,0,859,0,UPI,Vikas,Cancelled
ORD100092,2025-08-02 00:00:00,CUST1038,Vikas Joshi,Jaipur,Rajasthan,Personal Care,Toothpaste,Nestle,7,150,0,150,1050,829.71,220.29,Cash,Neha,Completed
ORD100093,2026-03-15 00:00:00,CUST1115,Priya Verma,Khandwa,Madhya Pradesh,Snacks,Cookies,Tata,5,30,2,29.4,147,114.5,32.5,UPI,Neha,Completed
ORD100094,2025-09-16 00:00:00,CUST1269,Ananya Mehta,Nagpur,Maharashtra,Snacks,Biscuits,Parle,3,150,8,138,0,351.96,0,Net Banking,Pooja,Cancelled
ORD100095,2025-09-05 00:00:00,CUST1039,Meera Patel,Nashik,Maharashtra,Beverages,Soft Drink,Nestle,3,120,2,117.6,352.8,249,103.8,Credit Card,Sneha,Completed
ORD100096,2026-03-31 00:00:00,CUST1163,Rohan Verma,Surat,Gujarat,Personal Care,Hair Oil,Patanjali,1,30,15,25.5,25.5,19.26,6.24,Debit Card,Neha,Completed
ORD100097,2026-02-18 00:00:00,CUST1219,Aarav Singh,Nashik,Maharashtra,Beverages,Green Tea,Tata,5,100,8,92,460,328.8,131.2,Debit Card,Sneha,Completed
ORD100098,2025-04-07 00:00:00,CUST1029,Ananya Sharma,Bhopal,Madhya Pradesh,Home Care,Floor Cleaner,Dabur,6,500,8,460,2760,2234.28,525.72,UPI,Rohan,Completed
ORD100099,2026-01-10 00:00:00,CUST1157,Ananya Gupta,Bhopal,Madhya Pradesh,Personal Care,Shampoo,ITC,1,50,10,45,45,38.29,6.71,Credit Card,Sneha,Completed
ORD100100,2026-03-23 00:00:00,CUST1084,Rohan Verma,Burhanpur,Madhya Pradesh,Home Care,Detergent,Patanjali,6,500,8,460,0,2280.48,0,UPI,Rohan,Cancelled
ORD100101,2025-04-27 00:00:00,CUST1072,Kavya Mehta,Bhopal,Madhya Pradesh,Beverages,Coffee,HUL,1,200,8,184,184,145.83,38.17,Net Banking,Vikas,Completed
ORD100102,2026-02-10 00:00:00,CUST1046,Meera Mehta,Burhanpur,Madhya Pradesh,Baby Care,Baby Shampoo,ITC,7,50,10,45,315,222.46,92.54,Cash,Amit,Completed
ORD100103,2026-03-10 00:00:00,CUST1072,Ananya Sharma,Mumbai,Maharashtra,Beverages,Tea,Parle,1,500,15,425,425,344.38,80.62,Cash,Neha,Completed
ORD100104,2025-09-26 00:00:00,CUST1088,Neha Sharma,Vadodara,Gujarat,Baby Care,Baby Powder,Nestle,1,500,12,440,440,379.09,60.91,Cash,Sneha,Completed
ORD100105,2026-01-14 00:00:00,CUST1233,Pooja Sharma,Jabalpur,Madhya Pradesh,Baby Care,Diapers,ITC,1,250,2,245,245,182.6,62.4,Credit Card,Neha,Completed
ORD100106,2026-02-11 00:00:00,CUST1123,Rohan Mehta,Nashik,Maharashtra,Baby Care,Baby Shampoo,Dabur,7,40,2,39.2,274.4,195.79,78.61,Net Banking,Amit,Completed
ORD100107,2025-04-03 00:00:00,CUST1127,Neha Jain,Vadodara,Gujarat,Beverages,Green Tea,Britannia,3,60,8,55.2,165.6,132.39,33.21,UPI,Neha,Completed
ORD100108,2025-11-07 00:00:00,CUST1119,Rahul Agrawal,Khandwa,Madhya Pradesh,Snacks,Biscuits,HUL,2,50,15,42.5,85,65.8,19.2,Cash,Pooja,Completed
ORD100109,2025-07-02 00:00:00,CUST1207,Aarav Agrawal,Nashik,Maharashtra,Home Care,Glass Cleaner,P&G,1,300,5,285,285,198.45,86.55,UPI,Sneha,Completed
ORD100110,2025-05-20 00:00:00,CUST1177,Aditya Mehta,Kota,Rajasthan,Snacks,Cookies,Tata,4,500,8,460,1840,1533.72,306.28,UPI,Vikas,Completed
ORD100111,2025-08-03 00:00:00,CUST1268,Aditya Patel,Mumbai,Maharashtra,Personal Care,Shampoo,ITC,6,120,2,117.6,705.6,619.8,85.8,UPI,Amit,Completed
ORD100112,2026-02-10 00:00:00,CUST1111,Sneha Khan,Khandwa,Madhya Pradesh,Baby Care,Baby Shampoo,Dabur,7,80,10,72,504,349.72,154.28,UPI,Pooja,Completed
ORD100113,2025-09-11 00:00:00,CUST1287,Ananya Jain,Nashik,Maharashtra,Grocery,Cooking Oil,Nestle,1,500,2,490,490,417.28,72.72,Cash,Sneha,Completed
ORD100114,2026-02-07 00:00:00,CUST1064,Rohan Gupta,Ujjain,Madhya Pradesh,Personal Care,Toothpaste,Nestle,1,80,8,73.6,0,58.7,0,UPI,Rohan,Returned
ORD100115,2025-07-17 00:00:00,CUST1251,Pooja Gupta,Ahmedabad,Gujarat,Beverages,Soft Drink,Patanjali,1,150,8,138,0,106.16,0,UPI,Neha,Cancelled
ORD100116,2025-09-08 00:00:00,CUST1179,Sneha Jain,Ujjain,Madhya Pradesh,Beverages,Coffee,Patanjali,7,50,12,44,308,220.5,87.5,UPI,Neha,Completed
ORD100117,2025-09-25 00:00:00,CUST1294,Arjun Agrawal,Udaipur,Rajasthan,Baby Care,Baby Shampoo,Nestle,2,200,15,170,340,262.12,77.88,Cash,Vikas,Completed
ORD100118,2026-03-24 00:00:00,CUST1005,Meera Singh,Bhopal,Madhya Pradesh,Personal Care,Toothpaste,Britannia,2,80,0,80,160,132.18,27.82,UPI,Amit,Completed
ORD100119,2025-06-15 00:00:00,CUST1289,Aarav Verma,Vadodara,Gujarat,Home Care,Floor Cleaner,Dabur,2,30,2,29.4,58.8,50.2,8.6,Net Banking,Sneha,Completed
ORD100120,2025-09-23 00:00:00,CUST1269,Neha Joshi,Nagpur,Maharashtra,Grocery,Wheat Flour,Dabur,2,100,15,85,170,148.82,21.18,UPI,Amit,Completed
ORD100121,2026-03-05 00:00:00,CUST1129,Vikas Singh,Bhopal,Madhya Pradesh,Snacks,Cookies,Parle,3,100,2,98,294,244.74,49.26,UPI,Vikas,Completed
ORD100122,2025-07-11 00:00:00,CUST1267,Aditya Khan,Khandwa,Madhya Pradesh,Personal Care,Hair Oil,HUL,4,200,0,200,800,582,218,Debit Card,Neha,Completed
ORD100123,2025-04-12 00:00:00,CUST1133,Vivaan Joshi,Ahmedabad,Gujarat,Home Care,Glass Cleaner,P&G,2,100,8,92,184,126.06,57.94,UPI,Pooja,Completed
ORD100124,2026-01-06 00:00:00,CUST1292,Ananya Verma,Mumbai,Maharashtra,Baby Care,Baby Shampoo,Tata,7,300,15,255,1785,1533.91,251.09,Cash,Vikas,Completed
ORD100125,2026-01-16 00:00:00,CUST1136,Priya Gupta,Pune,Maharashtra,Personal Care,Hair Oil,ITC,5,60,12,52.8,264,195.75,68.25,Debit Card,Neha,Completed
ORD100126,2026-02-06 00:00:00,CUST1241,Priya Jain,Khandwa,Madhya Pradesh,Personal Care,Face Wash,Britannia,7,500,2,490,3430,2881.06,548.94,Net Banking,Pooja,Completed
ORD100127,2025-07-27 00:00:00,CUST1277,Rohan Mehta,Pune,Maharashtra,Baby Care,Baby Lotion,P&G,5,250,15,212.5,1062.5,924.65,137.85,Credit Card,Neha,Completed
ORD100128,2025-04-19 00:00:00,CUST1100,Kavya Agrawal,Indore,Madhya Pradesh,Snacks,Namkeen,P&G,1,250,5,237.5,237.5,198.57,38.93,Debit Card,Neha,Completed
ORD100129,2025-08-27 00:00:00,CUST1150,Rahul Verma,Vadodara,Gujarat,Grocery,Wheat Flour,Tata,7,30,5,28.5,199.5,170.31,29.19,UPI,Rohan,Completed
ORD100130,2025-08-24 00:00:00,CUST1042,Rohan Agrawal,Jabalpur,Madhya Pradesh,Snacks,Dry Fruits,Nestle,6,200,2,196,1176,864.24,311.76,Debit Card,Rohan,Completed
ORD100131,2026-03-19 00:00:00,CUST1164,Aditya Mehta,Kota,Rajasthan,Home Care,Toilet Cleaner,Parle,2,120,10,108,216,150.32,65.68,UPI,Rohan,Completed
ORD100132,2025-11-16 00:00:00,CUST1200,Vivaan Verma,Khandwa,Madhya Pradesh,Snacks,Biscuits,Dabur,4,80,8,73.6,294.4,213.96,80.44,UPI,Vikas,Completed
ORD100133,2026-01-11 00:00:00,CUST1116,Vikas Singh,Nashik,Maharashtra,Baby Care,Baby Shampoo,Britannia,4,40,12,35.2,140.8,111.44,29.36,UPI,Pooja,Completed
ORD100134,2025-04-03 00:00:00,CUST1144,Sneha Agrawal,Jaipur,Rajasthan,Grocery,Wheat Flour,Nestle,7,500,0,500,0,2590.63,0,UPI,Sneha,Returned
ORD100135,2025-12-28 00:00:00,CUST1038,Arjun Patel,Jaipur,Rajasthan,Grocery,Toor Dal,ITC,6,100,2,98,0,492.48,0,Cash,Pooja,Cancelled
ORD100136,2026-02-17 00:00:00,CUST1180,Sneha Agrawal,Bhopal,Madhya Pradesh,Snacks,Namkeen,Nestle,5,40,5,38,190,138.3,51.7,Net Banking,Neha,Completed
ORD100137,2025-05-12 00:00:00,CUST1166,Vivaan Verma,Pune,Maharashtra,Baby Care,Baby Powder,Parle,4,80,8,73.6,0,212.48,0,Debit Card,Neha,Returned
ORD100138,2025-10-23 00:00:00,CUST1276,Vivaan Jain,Kota,Rajasthan,Home Care,Toilet Cleaner,Nestle,7,80,5,76,532,380.24,151.76,Credit Card,Amit,Completed
ORD100139,2025-08-19 00:00:00,CUST1117,Vivaan Khan,Nagpur,Maharashtra,Beverages,Tea,Parle,6,60,5,57,342,297.72,44.28,UPI,Pooja,Completed
ORD100140,2025-12-10 00:00:00,CUST1130,Kavya Agrawal,Khandwa,Madhya Pradesh,Snacks,Cookies,ITC,2,500,15,425,850,686.94,163.06,Cash,Rohan,Completed
ORD100141,2025-06-22 00:00:00,CUST1099,Rahul Mehta,Nashik,Maharashtra,Personal Care,Face Wash,Dabur,6,300,2,294,1764,1219.92,544.08,Credit Card,Sneha,Completed
ORD100142,2025-11-07 00:00:00,CUST1124,Rohan Agrawal,Khandwa,Madhya Pradesh,Grocery,Sugar,ITC,7,150,0,150,1050,762.86,287.14,Debit Card,Vikas,Completed
ORD100143,2025-06-25 00:00:00,CUST1133,Sneha Agrawal,Kota,Rajasthan,Snacks,Chips,Britannia,3,500,12,440,1320,1116.06,203.94,UPI,Rohan,Completed
ORD100144,2025-11-28 00:00:00,CUST1213,Rahul Patel,Nashik,Maharashtra,Snacks,Namkeen,Britannia,2,150,15,127.5,255,204.96,50.04,Cash,Pooja,Completed
ORD100145,2025-05-22 00:00:00,CUST1112,Kavya Patel,Nagpur,Maharashtra,Beverages,Fruit Juice,Tata,4,120,10,108,432,335.96,96.04,UPI,Amit,Completed
ORD100146,2025-08-07 00:00:00,CUST1130,Kavya Sharma,Nagpur,Maharashtra,Baby Care,Baby Shampoo,Tata,2,30,0,30,60,42.02,17.98,Credit Card,Neha,Completed
ORD100147,2026-03-09 00:00:00,CUST1173,Aditya Joshi,Ujjain,Madhya Pradesh,Beverages,Fruit Juice,Britannia,2,150,5,142.5,285,219.46,65.54,Debit Card,Amit,Completed
ORD100148,2025-04-17 00:00:00,CUST1133,Arjun Joshi,Mumbai,Maharashtra,Snacks,Biscuits,Britannia,3,30,10,27,81,68.07,12.93,UPI,Sneha,Completed
ORD100149,2025-04-08 00:00:00,CUST1138,Rohan Sharma,Udaipur,Rajasthan,Home Care,Detergent,HUL,3,250,10,225,675,533.19,141.81,UPI,Amit,Completed
ORD100150,2025-07-28 00:00:00,CUST1190,Meera Patel,Udaipur,Rajasthan,Personal Care,Soap,Patanjali,4,60,12,52.8,0,146.56,0,UPI,Pooja,Returned
ORD100151,2025-09-30 00:00:00,CUST1153,Vikas Jain,Bhopal,Madhya Pradesh,Baby Care,Baby Soap,Tata,7,500,2,490,3430,2420.25,1009.75,UPI,Sneha,Completed
ORD100152,2025-07-28 00:00:00,CUST1039,Aarav Mehta,Khandwa,Madhya Pradesh,Snacks,Cookies,HUL,6,30,10,27,162,119.4,42.6,UPI,Vikas,Completed
ORD100153,2025-12-14 00:00:00,CUST1029,Rahul Gupta,Ahmedabad,Gujarat,Baby Care,Diapers,Parle,6,300,0,300,1800,1561.44,238.56,Credit Card,Rohan,Completed
ORD100154,2025-04-30 00:00:00,CUST1295,Kavya Mehta,Khandwa,Madhya Pradesh,Snacks,Chips,Tata,5,30,5,28.5,142.5,105.4,37.1,Debit Card,Neha,Completed
ORD100155,2026-03-28 00:00:00,CUST1010,Rahul Agrawal,Mumbai,Maharashtra,Grocery,Sugar,Tata,3,30,8,27.6,82.8,57.96,24.84,UPI,Neha,Completed
ORD100156,2025-04-14 00:00:00,CUST1121,Vivaan Joshi,Nagpur,Maharashtra,Grocery,Sugar,ITC,6,250,2,245,1470,1246.56,223.44,UPI,Rohan,Completed
ORD100157,2025-04-24 00:00:00,CUST1227,Priya Joshi,Surat,Gujarat,Baby Care,Baby Powder,Tata,2,60,15,51,102,78.52,23.48,Debit Card,Sneha,Completed
ORD100158,2025-04-14 00:00:00,CUST1003,Vikas Joshi,Ahmedabad,Gujarat,Personal Care,Toothpaste,Nestle,5,60,0,60,300,239.3,60.7,UPI,Pooja,Completed
ORD100159,2025-10-28 00:00:00,CUST1152,Pooja Jain,Nashik,Maharashtra,Personal Care,Shampoo,HUL,7,500,8,460,3220,2397.01,822.99,Debit Card,Pooja,Completed
ORD100160,2025-12-07 00:00:00,CUST1251,Meera Mehta,Mumbai,Maharashtra,Snacks,Cookies,Britannia,1,120,0,120,120,83.73,36.27,Net Banking,Vikas,Completed
ORD100161,2026-02-19 00:00:00,CUST1061,Priya Patel,Jabalpur,Madhya Pradesh,Beverages,Green Tea,Parle,7,500,5,475,0,2753.1,0,Cash,Rohan,Returned
ORD100162,2025-05-05 00:00:00,CUST1069,Pooja Joshi,Jabalpur,Madhya Pradesh,Baby Care,Baby Soap,Parle,1,300,10,270,270,225.86,44.14,UPI,Vikas,Completed
ORD100163,2026-02-07 00:00:00,CUST1100,Rohan Mehta,Nagpur,Maharashtra,Beverages,Coffee,ITC,6,120,15,102,612,476.94,135.06,Cash,Pooja,Completed
ORD100164,2025-09-10 00:00:00,CUST1220,Sneha Khan,Indore,Madhya Pradesh,Beverages,Tea,ITC,5,150,8,138,690,475.35,214.65,Net Banking,Sneha,Completed
ORD100165,2025-04-21 00:00:00,CUST1196,Vivaan Sharma,Nagpur,Maharashtra,Snacks,Cookies,Nestle,5,60,5,57,0,197.35,0,Credit Card,Sneha,Cancelled
ORD100166,2025-08-20 00:00:00,CUST1165,Priya Joshi,Kota,Rajasthan,Home Care,Toilet Cleaner,P&G,7,120,10,108,756,521.99,234.01,UPI,Rohan,Completed
ORD100167,2025-09-25 00:00:00,CUST1117,Arjun Jain,Ahmedabad,Gujarat,Grocery,Cooking Oil,HUL,1,80,8,73.6,73.6,55.19,18.41,Cash,Sneha,Completed
ORD100168,2025-04-17 00:00:00,CUST1098,Rohan Singh,Nagpur,Maharashtra,Snacks,Dry Fruits,Dabur,4,250,5,237.5,950,658.84,291.16,Credit Card,Neha,Completed
ORD100169,2026-03-10 00:00:00,CUST1294,Kavya Jain,Bhopal,Madhya Pradesh,Baby Care,Baby Lotion,Dabur,2,40,5,38,76,61.58,14.42,Net Banking,Rohan,Completed
ORD100170,2025-06-18 00:00:00,CUST1214,Arjun Mehta,Surat,Gujarat,Snacks,Cookies,ITC,6,60,12,52.8,316.8,216.54,100.26,UPI,Pooja,Completed
ORD100171,2025-12-18 00:00:00,CUST1167,Arjun Agrawal,Surat,Gujarat,Personal Care,Face Wash,P&G,6,50,8,46,276,217.44,58.56,Credit Card,Neha,Completed
ORD100172,2025-06-24 00:00:00,CUST1072,Amit Mehta,Ujjain,Madhya Pradesh,Home Care,Detergent,P&G,4,250,8,230,920,771.48,148.52,UPI,Sneha,Completed
ORD100173,2026-01-08 00:00:00,CUST1114,Ananya Khan,Nashik,Maharashtra,Beverages,Green Tea,Parle,4,40,15,34,136,109.16,26.84,UPI,Pooja,Completed
ORD100174,2025-04-12 00:00:00,CUST1016,Aarav Agrawal,Ujjain,Madhya Pradesh,Beverages,Fruit Juice,Tata,4,100,12,88,0,245.24,0,Cash,Sneha,Cancelled
ORD100175,2025-09-01 00:00:00,CUST1133,Aditya Mehta,Mumbai,Maharashtra,Beverages,Coffee,Britannia,3,80,0,80,240,167.67,72.33,Credit Card,Neha,Completed
ORD100176,2025-08-09 00:00:00,CUST1076,Kavya Jain,Khandwa,Madhya Pradesh,Beverages,Tea,Dabur,7,500,8,460,3220,2391.83,828.17,UPI,Pooja,Completed
ORD100177,2025-06-14 00:00:00,CUST1279,Rohan Sharma,Vadodara,Gujarat,Grocery,Toor Dal,HUL,4,40,0,40,160,132.48,27.52,Credit Card,Rohan,Completed
ORD100178,2025-05-17 00:00:00,CUST1201,Arjun Sharma,Surat,Gujarat,Home Care,Dishwash,ITC,5,40,2,39.2,196,145.6,50.4,Credit Card,Rohan,Completed
ORD100179,2025-05-09 00:00:00,CUST1252,Pooja Patel,Ahmedabad,Gujarat,Baby Care,Baby Soap,HUL,1,80,10,72,0,58.37,0,Debit Card,Sneha,Returned
ORD100180,2025-05-05 00:00:00,CUST1147,Sneha Gupta,Surat,Gujarat,Home Care,Detergent,Dabur,6,100,12,88,528,450.36,77.64,Cash,Sneha,Completed
ORD100181,2025-09-20 00:00:00,CUST1206,Meera Mehta,Udaipur,Rajasthan,Baby Care,Baby Lotion,HUL,6,50,5,47.5,285,236.76,48.24,UPI,Amit,Completed
ORD100182,2025-10-20 00:00:00,CUST1227,Neha Mehta,Khandwa,Madhya Pradesh,Baby Care,Baby Soap,ITC,1,200,0,200,200,154.75,45.25,Cash,Pooja,Completed
ORD100183,2025-06-01 00:00:00,CUST1158,Kavya Verma,Kota,Rajasthan,Grocery,Toor Dal,Parle,1,150,15,127.5,127.5,102.67,24.83,UPI,Sneha,Completed
ORD100184,2026-02-18 00:00:00,CUST1035,Aarav Patel,Udaipur,Rajasthan,Snacks,Dry Fruits,ITC,5,50,8,46,230,161.7,68.3,Net Banking,Amit,Completed
ORD100185,2026-02-01 00:00:00,CUST1038,Arjun Mehta,Khandwa,Madhya Pradesh,Baby Care,Diapers,Nestle,3,250,8,230,690,530.4,159.6,Debit Card,Pooja,Completed
ORD100186,2026-03-27 00:00:00,CUST1257,Vikas Agrawal,Vadodara,Gujarat,Beverages,Soft Drink,HUL,6,500,2,490,2940,2158.86,781.14,UPI,Sneha,Completed
ORD100187,2025-07-02 00:00:00,CUST1109,Aarav Verma,Indore,Madhya Pradesh,Snacks,Cookies,Parle,2,300,5,285,0,419.16,0,Cash,Rohan,Returned
ORD100188,2026-03-19 00:00:00,CUST1090,Amit Joshi,Mumbai,Maharashtra,Grocery,Toor Dal,Parle,1,30,12,26.4,26.4,22.35,4.05,UPI,Sneha,Completed
ORD100189,2025-05-29 00:00:00,CUST1183,Neha Agrawal,Nashik,Maharashtra,Baby Care,Baby Lotion,Nestle,5,30,0,30,150,126.55,23.45,UPI,Rohan,Completed
ORD100190,2025-07-18 00:00:00,CUST1268,Pooja Sharma,Burhanpur,Madhya Pradesh,Snacks,Dry Fruits,Patanjali,4,50,8,46,184,157.6,26.4,Credit Card,Pooja,Completed
ORD100191,2025-09-08 00:00:00,CUST1127,Arjun Patel,Ahmedabad,Gujarat,Home Care,Glass Cleaner,Britannia,1,60,2,58.8,58.8,43,15.8,Cash,Pooja,Completed
ORD100192,2025-10-19 00:00:00,CUST1266,Sneha Patel,Nagpur,Maharashtra,Grocery,Sugar,HUL,7,200,15,170,1190,907.41,282.59,Cash,Amit,Completed
ORD100193,2026-03-16 00:00:00,CUST1296,Vivaan Sharma,Mumbai,Maharashtra,Home Care,Toilet Cleaner,Parle,3,80,2,78.4,235.2,184.86,50.34,Debit Card,Pooja,Completed
ORD100194,2026-01-19 00:00:00,CUST1284,Rahul Singh,Indore,Madhya Pradesh,Snacks,Namkeen,Tata,5,30,15,25.5,127.5,95.45,32.05,Net Banking,Pooja,Completed
ORD100195,2025-09-03 00:00:00,CUST1172,Meera Mehta,Surat,Gujarat,Grocery,Toor Dal,Parle,2,500,8,460,920,772.5,147.5,UPI,Rohan,Completed
ORD100196,2025-09-03 00:00:00,CUST1007,Arjun Joshi,Nashik,Maharashtra,Home Care,Dishwash,Parle,4,500,0,500,2000,1570.32,429.68,Net Banking,Amit,Completed
ORD100197,2026-01-30 00:00:00,CUST1294,Rahul Khan,Udaipur,Rajasthan,Snacks,Namkeen,Dabur,4,50,5,47.5,190,143.88,46.12,UPI,Pooja,Completed
ORD100198,2025-06-06 00:00:00,CUST1075,Pooja Gupta,Nashik,Maharashtra,Grocery,Sugar,Patanjali,5,40,10,36,0,130.65,0,Cash,Sneha,Returned
ORD100199,2025-07-31 00:00:00,CUST1125,Rahul Jain,Burhanpur,Madhya Pradesh,Personal Care,Soap,Dabur,6,300,10,270,1620,1250.16,369.84,UPI,Rohan,Completed
ORD100200,2025-11-10 00:00:00,CUST1278,Arjun Joshi,Kota,Rajasthan,Beverages,Tea,Patanjali,5,300,15,255,1275,905.65,369.35,Cash,Amit,Completed
ORD100201,2025-12-06 00:00:00,CUST1021,Kavya Agrawal,Nagpur,Maharashtra,Baby Care,Baby Soap,Britannia,3,50,2,49,147,124.26,22.74,UPI,Amit,Completed
ORD100202,2026-03-04 00:00:00,CUST1104,Rohan Mehta,Mumbai,Maharashtra,Snacks,Chips,Dabur,3,60,5,57,171,143.04,27.96,Credit Card,Rohan,Completed
ORD100203,2025-07-26 00:00:00,CUST1267,Rohan Singh,Ujjain,Madhya Pradesh,Beverages,Soft Drink,Patanjali,5,60,12,52.8,0,191.55,0,Cash,Rohan,Returned
ORD100204,2025-09-01 00:00:00,CUST1108,Kavya Gupta,Nagpur,Maharashtra,Grocery,Sugar,Nestle,6,250,8,230,0,1206,0,Net Banking,Neha,Returned
ORD100205,2025-06-21 00:00:00,CUST1092,Aditya Gupta,Pune,Maharashtra,Grocery,Cooking Oil,Nestle,3,40,0,40,0,102.36,0,Credit Card,Rohan,Returned
ORD100206,2026-01-19 00:00:00,CUST1013,Meera Agrawal,Indore,Madhya Pradesh,Beverages,Soft Drink,Patanjali,1,30,0,30,30,25.76,4.24,Cash,Sneha,Completed
ORD100207,2025-05-27 00:00:00,CUST1222,Meera Verma,Surat,Gujarat,Home Care,Floor Cleaner,Tata,4,40,0,40,160,117.72,42.28,Net Banking,Neha,Completed
ORD100208,2025-11-18 00:00:00,CUST1136,Rahul Mehta,Surat,Gujarat,Baby Care,Baby Powder,Patanjali,4,200,10,180,720,596.24,123.76,Debit Card,Pooja,Completed
ORD100209,2025-10-05 00:00:00,CUST1173,Vivaan Verma,Surat,Gujarat,Grocery,Wheat Flour,ITC,6,100,5,95,570,427.38,142.62,UPI,Neha,Completed
ORD100210,2026-01-15 00:00:00,CUST1295,Aditya Khan,Bhopal,Madhya Pradesh,Personal Care,Toothpaste,Parle,4,40,2,39.2,156.8,128.88,27.92,UPI,Sneha,Completed
ORD100211,2025-05-23 00:00:00,CUST1275,Neha Mehta,Jabalpur,Madhya Pradesh,Snacks,Dry Fruits,Britannia,1,30,0,30,30,21.72,8.28,Cash,Amit,Completed
ORD100212,2025-05-23 00:00:00,CUST1022,Sneha Gupta,Vadodara,Gujarat,Personal Care,Shampoo,ITC,6,60,8,55.2,331.2,270.42,60.78,Cash,Neha,Completed
ORD100213,2025-11-27 00:00:00,CUST1154,Vivaan Singh,Pune,Maharashtra,Baby Care,Baby Shampoo,Dabur,2,300,0,300,600,497.84,102.16,Debit Card,Neha,Completed
ORD100214,2025-08-15 00:00:00,CUST1162,Kavya Gupta,Nashik,Maharashtra,Snacks,Cookies,Nestle,5,500,5,475,2375,2007.7,367.3,Credit Card,Rohan,Completed
ORD100215,2026-02-10 00:00:00,CUST1217,Vikas Agrawal,Nagpur,Maharashtra,Baby Care,Diapers,HUL,5,30,2,29.4,147,101.2,45.8,Cash,Vikas,Completed
ORD100216,2025-10-18 00:00:00,CUST1021,Arjun Verma,Ahmedabad,Gujarat,Snacks,Biscuits,P&G,4,300,0,300,0,978.28,0,UPI,Vikas,Returned
ORD100217,2025-04-13 00:00:00,CUST1210,Rahul Gupta,Ujjain,Madhya Pradesh,Baby Care,Diapers,Nestle,3,40,12,35.2,105.6,88.08,17.52,Net Banking,Amit,Completed
ORD100218,2025-12-20 00:00:00,CUST1263,Arjun Patel,Surat,Gujarat,Baby Care,Baby Lotion,ITC,5,120,10,108,540,371.1,168.9,Debit Card,Sneha,Completed
ORD100219,2025-07-27 00:00:00,CUST1054,Priya Joshi,Nagpur,Maharashtra,Beverages,Tea,ITC,5,500,5,475,2375,1789.7,585.3,UPI,Vikas,Completed
ORD100220,2025-07-20 00:00:00,CUST1102,Aarav Singh,Ahmedabad,Gujarat,Snacks,Namkeen,Parle,1,60,12,52.8,52.8,40.27,12.53,UPI,Vikas,Completed
ORD100221,2025-07-13 00:00:00,CUST1092,Priya Singh,Mumbai,Maharashtra,Personal Care,Toothpaste,Parle,1,60,15,51,51,42.57,8.43,Cash,Rohan,Completed
ORD100222,2025-11-30 00:00:00,CUST1126,Kavya Joshi,Nagpur,Maharashtra,Personal Care,Hair Oil,Parle,7,80,0,80,560,467.39,92.61,UPI,Pooja,Completed
ORD100223,2025-10-12 00:00:00,CUST1157,Vivaan Patel,Ahmedabad,Gujarat,Home Care,Dishwash,Britannia,1,150,10,135,135,102.55,32.45,UPI,Pooja,Completed
ORD100224,2026-02-25 00:00:00,CUST1143,Kavya Singh,Nashik,Maharashtra,Beverages,Coffee,P&G,1,120,10,108,108,84.9,23.1,UPI,Rohan,Completed
ORD100225,2026-03-26 00:00:00,CUST1068,Meera Sharma,Surat,Gujarat,Personal Care,Face Wash,Nestle,2,300,10,270,0,397.04,0,UPI,Pooja,Returned
ORD100226,2026-02-02 00:00:00,CUST1248,Rohan Sharma,Jabalpur,Madhya Pradesh,Beverages,Tea,Nestle,6,40,2,39.2,235.2,166.86,68.34,Net Banking,Rohan,Completed
ORD100227,2025-10-19 00:00:00,CUST1223,Sneha Verma,Ahmedabad,Gujarat,Personal Care,Hair Oil,Tata,6,100,12,88,528,444.24,83.76,Cash,Vikas,Completed
ORD100228,2025-06-09 00:00:00,CUST1169,Arjun Verma,Nagpur,Maharashtra,Home Care,Toilet Cleaner,Patanjali,1,300,10,270,270,212.07,57.93,UPI,Rohan,Completed
ORD100229,2025-09-01 00:00:00,CUST1260,Kavya Verma,Jaipur,Rajasthan,Beverages,Fruit Juice,Tata,1,40,5,38,38,27.18,10.82,Debit Card,Vikas,Completed
ORD100230,2025-07-03 00:00:00,CUST1039,Aarav Gupta,Udaipur,Rajasthan,Home Care,Glass Cleaner,Dabur,2,120,10,108,216,183.78,32.22,UPI,Sneha,Completed
ORD100231,2025-11-02 00:00:00,CUST1170,Kavya Khan,Jaipur,Rajasthan,Snacks,Namkeen,ITC,5,500,8,460,2300,1669.2,630.8,Credit Card,Rohan,Completed
ORD100232,2025-09-02 00:00:00,CUST1034,Aditya Sharma,Burhanpur,Madhya Pradesh,Grocery,Toor Dal,HUL,4,250,8,230,920,678.76,241.24,Cash,Vikas,Completed
ORD100233,2025-10-23 00:00:00,CUST1017,Vivaan Gupta,Pune,Maharashtra,Beverages,Green Tea,Tata,6,50,5,47.5,285,247.98,37.02,UPI,Vikas,Completed
ORD100234,2026-02-09 00:00:00,CUST1203,Neha Mehta,Mumbai,Maharashtra,Grocery,Wheat Flour,Patanjali,2,250,10,225,450,393.7,56.3,UPI,Amit,Completed
ORD100235,2025-07-18 00:00:00,CUST1188,Amit Agrawal,Bhopal,Madhya Pradesh,Snacks,Biscuits,ITC,5,300,5,285,1425,1090.85,334.15,Net Banking,Vikas,Completed
ORD100236,2025-05-16 00:00:00,CUST1271,Aditya Joshi,Mumbai,Maharashtra,Personal Care,Toothpaste,Dabur,4,150,0,150,600,443.48,156.52,UPI,Rohan,Completed
ORD100237,2025-09-28 00:00:00,CUST1248,Arjun Agrawal,Ahmedabad,Gujarat,Beverages,Coffee,P&G,2,60,5,57,114,89.28,24.72,Net Banking,Sneha,Completed
ORD100238,2025-07-12 00:00:00,CUST1085,Pooja Gupta,Nagpur,Maharashtra,Grocery,Toor Dal,Nestle,4,100,12,88,0,243.2,0,UPI,Rohan,Returned
ORD100239,2026-02-08 00:00:00,CUST1030,Sneha Joshi,Khandwa,Madhya Pradesh,Beverages,Green Tea,Parle,3,60,15,51,153,116.76,36.24,Debit Card,Rohan,Completed
ORD100240,2025-11-27 00:00:00,CUST1272,Ananya Agrawal,Indore,Madhya Pradesh,Baby Care,Baby Powder,Parle,4,120,12,105.6,422.4,320.44,101.96,UPI,Neha,Completed
ORD100241,2025-07-20 00:00:00,CUST1153,Ananya Joshi,Bhopal,Madhya Pradesh,Baby Care,Baby Lotion,Patanjali,3,250,12,220,660,483.81,176.19,UPI,Amit,Completed
ORD100242,2025-10-15 00:00:00,CUST1001,Meera Agrawal,Nagpur,Maharashtra,Home Care,Toilet Cleaner,Patanjali,1,150,2,147,147,120.46,26.54,Cash,Vikas,Completed
ORD100243,2025-12-01 00:00:00,CUST1003,Aarav Sharma,Jaipur,Rajasthan,Personal Care,Soap,Nestle,5,200,10,180,900,650.4,249.6,Debit Card,Vikas,Completed
ORD100244,2025-06-17 00:00:00,CUST1289,Sneha Patel,Jaipur,Rajasthan,Grocery,Cooking Oil,ITC,4,40,0,40,160,109.6,50.4,UPI,Pooja,Completed
ORD100245,2026-03-02 00:00:00,CUST1013,Sneha Verma,Nagpur,Maharashtra,Home Care,Dishwash,Patanjali,1,150,5,142.5,142.5,109.14,33.36,Net Banking,Rohan,Completed
ORD100246,2025-04-07 00:00:00,CUST1206,Vikas Agrawal,Jaipur,Rajasthan,Beverages,Green Tea,Britannia,2,150,12,132,264,215.04,48.96,UPI,Rohan,Completed
ORD100247,2025-07-06 00:00:00,CUST1005,Neha Joshi,Mumbai,Maharashtra,Beverages,Tea,Patanjali,4,80,5,76,304,218.36,85.64,Cash,Rohan,Completed
ORD100248,2026-01-14 00:00:00,CUST1141,Arjun Singh,Nashik,Maharashtra,Grocery,Cooking Oil,Parle,5,300,2,294,1470,1060,410,Debit Card,Sneha,Completed
ORD100249,2025-09-04 00:00:00,CUST1202,Aarav Patel,Vadodara,Gujarat,Snacks,Cookies,P&G,2,250,0,250,500,438.04,61.96,Net Banking,Vikas,Completed
ORD100250,2025-12-22 00:00:00,CUST1098,Neha Verma,Jaipur,Rajasthan,Snacks,Namkeen,ITC,1,30,5,28.5,28.5,22.34,6.16,UPI,Pooja,Completed
ORD100251,2025-05-11 00:00:00,CUST1148,Kavya Verma,Nashik,Maharashtra,Baby Care,Baby Shampoo,Britannia,7,300,10,270,1890,1635.06,254.94,UPI,Neha,Completed
ORD100252,2026-02-20 00:00:00,CUST1233,Ananya Gupta,Bhopal,Madhya Pradesh,Baby Care,Baby Powder,Parle,7,300,2,294,2058,1584.94,473.06,UPI,Neha,Completed
ORD100253,2025-12-04 00:00:00,CUST1278,Arjun Patel,Jaipur,Rajasthan,Home Care,Floor Cleaner,Nestle,2,80,15,68,0,98.28,0,UPI,Vikas,Returned
ORD100254,2025-06-12 00:00:00,CUST1237,Sneha Jain,Nagpur,Maharashtra,Snacks,Cookies,Britannia,1,200,8,184,184,159.7,24.3,Debit Card,Sneha,Completed
ORD100255,2025-12-27 00:00:00,CUST1132,Pooja Mehta,Jaipur,Rajasthan,Personal Care,Shampoo,Parle,2,50,8,46,0,76.34,0,UPI,Rohan,Cancelled
ORD100256,2025-12-01 00:00:00,CUST1151,Meera Gupta,Nagpur,Maharashtra,Home Care,Dishwash,Nestle,2,40,8,36.8,73.6,53.06,20.54,Cash,Amit,Completed
ORD100257,2025-04-16 00:00:00,CUST1094,Amit Jain,Ujjain,Madhya Pradesh,Home Care,Floor Cleaner,P&G,3,40,5,38,114,82.44,31.56,Net Banking,Rohan,Completed
ORD100258,2025-10-26 00:00:00,CUST1073,Pooja Singh,Pune,Maharashtra,Snacks,Chips,Parle,1,120,5,114,114,89.41,24.59,Credit Card,Amit,Completed
ORD100259,2026-03-29 00:00:00,CUST1123,Kavya Singh,Jaipur,Rajasthan,Baby Care,Baby Soap,Nestle,2,150,5,142.5,285,219.7,65.3,UPI,Pooja,Completed
ORD100260,2025-10-31 00:00:00,CUST1256,Amit Singh,Pune,Maharashtra,Snacks,Cookies,Dabur,2,100,5,95,190,151.96,38.04,Cash,Pooja,Completed
ORD100261,2025-10-19 00:00:00,CUST1021,Vivaan Agrawal,Burhanpur,Madhya Pradesh,Baby Care,Baby Shampoo,Nestle,1,100,12,88,88,61.81,26.19,Debit Card,Pooja,Completed
ORD100262,2026-01-02 00:00:00,CUST1061,Meera Jain,Mumbai,Maharashtra,Snacks,Biscuits,ITC,4,500,5,475,1900,1487.72,412.28,Credit Card,Amit,Completed
ORD100263,2026-02-11 00:00:00,CUST1137,Rohan Verma,Vadodara,Gujarat,Snacks,Cookies,Patanjali,2,250,15,212.5,425,308.7,116.3,Credit Card,Sneha,Completed
ORD100264,2025-09-12 00:00:00,CUST1087,Pooja Gupta,Nagpur,Maharashtra,Personal Care,Face Wash,Britannia,3,200,15,170,510,409.08,100.92,UPI,Vikas,Completed
ORD100265,2025-10-26 00:00:00,CUST1126,Ananya Jain,Ujjain,Madhya Pradesh,Personal Care,Hair Oil,Parle,4,40,12,35.2,140.8,100.28,40.52,Net Banking,Neha,Completed
ORD100266,2025-05-17 00:00:00,CUST1246,Meera Verma,Mumbai,Maharashtra,Home Care,Toilet Cleaner,Dabur,1,250,8,230,230,170.71,59.29,UPI,Sneha,Completed
ORD100267,2026-03-20 00:00:00,CUST1141,Rohan Sharma,Udaipur,Rajasthan,Snacks,Biscuits,Patanjali,6,30,5,28.5,171,139.5,31.5,UPI,Vikas,Completed
ORD100268,2025-04-07 00:00:00,CUST1103,Rahul Sharma,Ahmedabad,Gujarat,Snacks,Dry Fruits,Britannia,2,30,15,25.5,51,35.84,15.16,Cash,Amit,Completed
ORD100269,2025-06-12 00:00:00,CUST1120,Vikas Sharma,Udaipur,Rajasthan,Snacks,Chips,Tata,3,250,8,230,690,590.85,99.15,UPI,Sneha,Completed
ORD100270,2025-12-27 00:00:00,CUST1139,Rahul Mehta,Surat,Gujarat,Beverages,Fruit Juice,Parle,1,120,12,105.6,105.6,82.59,23.01,Credit Card,Rohan,Completed
ORD100271,2026-02-16 00:00:00,CUST1045,Rohan Gupta,Bhopal,Madhya Pradesh,Baby Care,Diapers,Nestle,4,500,8,460,1840,1489.8,350.2,Net Banking,Rohan,Completed
ORD100272,2025-05-30 00:00:00,CUST1122,Meera Patel,Burhanpur,Madhya Pradesh,Home Care,Detergent,Parle,6,150,5,142.5,855,702.24,152.76,Debit Card,Amit,Completed
ORD100273,2026-03-23 00:00:00,CUST1295,Priya Gupta,Pune,Maharashtra,Beverages,Coffee,P&G,7,200,8,184,1288,1073.31,214.69,Cash,Vikas,Completed
ORD100274,2025-11-01 00:00:00,CUST1277,Priya Gupta,Khandwa,Madhya Pradesh,Snacks,Chips,Britannia,4,200,15,170,680,583.48,96.52,Net Banking,Vikas,Completed
ORD100275,2025-10-21 00:00:00,CUST1138,Kavya Sharma,Nashik,Maharashtra,Beverages,Coffee,Parle,3,200,10,180,540,390.42,149.58,UPI,Neha,Completed
ORD100276,2025-09-20 00:00:00,CUST1156,Rahul Jain,Nashik,Maharashtra,Personal Care,Face Wash,Parle,1,50,12,44,44,36.5,7.5,UPI,Rohan,Completed
ORD100277,2026-03-06 00:00:00,CUST1204,Aarav Khan,Nashik,Maharashtra,Personal Care,Hair Oil,ITC,7,120,12,105.6,739.2,618.94,120.26,Cash,Sneha,Completed
ORD100278,2025-11-18 00:00:00,CUST1255,Pooja Agrawal,Ujjain,Madhya Pradesh,Home Care,Glass Cleaner,P&G,6,40,12,35.2,211.2,161.76,49.44,Net Banking,Sneha,Completed
ORD100279,2025-05-31 00:00:00,CUST1163,Meera Sharma,Burhanpur,Madhya Pradesh,Grocery,Toor Dal,Parle,3,60,8,55.2,165.6,123.42,42.18,Net Banking,Rohan,Completed
ORD100280,2026-03-22 00:00:00,CUST1183,Meera Jain,Pune,Maharashtra,Baby Care,Baby Powder,Tata,3,100,12,88,0,180.42,0,UPI,Vikas,Cancelled
ORD100281,2025-08-31 00:00:00,CUST1276,Aditya Agrawal,Kota,Rajasthan,Home Care,Dishwash,ITC,5,50,5,47.5,237.5,193.6,43.9,Net Banking,Sneha,Completed
ORD100282,2025-09-17 00:00:00,CUST1166,Neha Patel,Mumbai,Maharashtra,Snacks,Chips,Tata,3,80,8,73.6,0,171.96,0,UPI,Sneha,Cancelled
ORD100283,2026-03-05 00:00:00,CUST1064,Amit Gupta,Pune,Maharashtra,Home Care,Glass Cleaner,Tata,7,200,5,190,1330,1089.83,240.17,UPI,Pooja,Completed
ORD100284,2025-12-24 00:00:00,CUST1296,Rohan Gupta,Bhopal,Madhya Pradesh,Grocery,Toor Dal,Dabur,4,40,0,40,160,128.32,31.68,Net Banking,Rohan,Completed
ORD100285,2025-06-14 00:00:00,CUST1299,Rohan Gupta,Nashik,Maharashtra,Baby Care,Baby Soap,Dabur,5,30,12,26.4,132,106.7,25.3,Cash,Neha,Completed
ORD100286,2025-11-01 00:00:00,CUST1088,Meera Mehta,Khandwa,Madhya Pradesh,Beverages,Fruit Juice,Britannia,5,300,15,255,1275,1041.3,233.7,Net Banking,Pooja,Completed
ORD100287,2025-06-03 00:00:00,CUST1298,Sneha Verma,Indore,Madhya Pradesh,Grocery,Toor Dal,ITC,4,120,10,108,432,378.04,53.96,UPI,Neha,Completed
ORD100288,2025-06-23 00:00:00,CUST1293,Sneha Mehta,Khandwa,Madhya Pradesh,Personal Care,Shampoo,ITC,2,100,2,98,196,136.22,59.78,Net Banking,Pooja,Completed
ORD100289,2025-04-13 00:00:00,CUST1036,Rahul Jain,Burhanpur,Madhya Pradesh,Baby Care,Baby Soap,P&G,4,250,15,212.5,850,640.16,209.84,Credit Card,Neha,Completed
ORD100290,2026-02-10 00:00:00,CUST1145,Aarav Agrawal,Jabalpur,Madhya Pradesh,Personal Care,Soap,Tata,6,250,12,220,1320,979.86,340.14,Net Banking,Neha,Completed
ORD100291,2025-07-15 00:00:00,CUST1271,Meera Agrawal,Vadodara,Gujarat,Snacks,Namkeen,Nestle,6,200,2,196,1176,956.58,219.42,Credit Card,Amit,Completed
ORD100292,2026-02-21 00:00:00,CUST1249,Aditya Patel,Vadodara,Gujarat,Home Care,Glass Cleaner,Dabur,5,200,15,170,850,673.15,176.85,Cash,Pooja,Completed
ORD100293,2026-03-12 00:00:00,CUST1270,Meera Singh,Mumbai,Maharashtra,Baby Care,Baby Soap,Patanjali,1,80,12,70.4,70.4,55.87,14.53,UPI,Amit,Completed
ORD100294,2025-10-25 00:00:00,CUST1096,Pooja Singh,Surat,Gujarat,Baby Care,Diapers,Tata,6,50,8,46,276,214.8,61.2,Net Banking,Sneha,Completed
ORD100295,2026-02-19 00:00:00,CUST1190,Arjun Mehta,Jabalpur,Madhya Pradesh,Home Care,Floor Cleaner,HUL,3,500,0,500,1500,1238.85,261.15,Cash,Sneha,Completed
ORD100296,2025-12-29 00:00:00,CUST1058,Vikas Patel,Mumbai,Maharashtra,Baby Care,Diapers,Dabur,1,60,8,55.2,55.2,45.82,9.38,Net Banking,Sneha,Completed
ORD100297,2025-04-02 00:00:00,CUST1246,Vivaan Sharma,Pune,Maharashtra,Personal Care,Soap,Britannia,5,30,8,27.6,138,114.85,23.15,Debit Card,Vikas,Completed
ORD100298,2025-08-21 00:00:00,CUST1201,Arjun Jain,Ahmedabad,Gujarat,Baby Care,Baby Shampoo,Tata,6,80,15,68,408,330.18,77.82,Credit Card,Vikas,Completed
ORD100299,2026-02-25 00:00:00,CUST1098,Neha Sharma,Khandwa,Madhya Pradesh,Baby Care,Baby Lotion,Nestle,4,200,12,176,704,619,85,Credit Card,Amit,Completed
ORD100300,2025-09-18 00:00:00,CUST1273,Aarav Jain,Mumbai,Maharashtra,Home Care,Toilet Cleaner,Patanjali,3,150,2,147,441,334.47,106.53,Debit Card,Vikas,Completed
ORD100301,2025-08-17 00:00:00,CUST1149,Aditya Patel,Vadodara,Gujarat,Baby Care,Baby Shampoo,Parle,5,50,12,44,220,153.45,66.55,Debit Card,Rohan,Completed
ORD100302,2025-11-30 00:00:00,CUST1068,Rohan Jain,Pune,Maharashtra,Grocery,Cooking Oil,P&G,6,500,2,490,2940,2363.52,576.48,Net Banking,Pooja,Completed
ORD100303,2025-11-24 00:00:00,CUST1184,Ananya Sharma,Kota,Rajasthan,Grocery,Basmati Rice,ITC,7,500,12,440,3080,2583.77,496.23,Cash,Amit,Completed
ORD100304,2025-11-23 00:00:00,CUST1025,Meera Patel,Kota,Rajasthan,Beverages,Green Tea,Nestle,7,150,8,138,966,709.59,256.41,Cash,Sneha,Completed
ORD100305,2026-01-08 00:00:00,CUST1113,Meera Verma,Indore,Madhya Pradesh,Personal Care,Toothpaste,P&G,2,50,5,47.5,95,70.2,24.8,UPI,Vikas,Completed
ORD100306,2025-06-05 00:00:00,CUST1158,Aditya Jain,Bhopal,Madhya Pradesh,Personal Care,Toothpaste,Britannia,4,120,15,102,408,286.16,121.84,UPI,Pooja,Completed
ORD100307,2026-01-27 00:00:00,CUST1025,Rahul Khan,Vadodara,Gujarat,Snacks,Dry Fruits,Patanjali,4,100,10,90,360,280.28,79.72,Cash,Vikas,Completed
ORD100308,2025-05-10 00:00:00,CUST1242,Priya Mehta,Pune,Maharashtra,Beverages,Green Tea,Dabur,5,500,5,475,2375,1884.15,490.85,Net Banking,Rohan,Completed
ORD100309,2025-06-12 00:00:00,CUST1059,Vivaan Sharma,Ahmedabad,Gujarat,Personal Care,Hair Oil,Tata,7,80,5,76,532,466.06,65.94,Debit Card,Rohan,Completed
ORD100310,2025-11-09 00:00:00,CUST1186,Rahul Khan,Surat,Gujarat,Personal Care,Hair Oil,P&G,7,100,8,92,644,564.62,79.38,UPI,Pooja,Completed
ORD100311,2026-03-01 00:00:00,CUST1209,Rohan Singh,Indore,Madhya Pradesh,Baby Care,Baby Soap,Patanjali,1,200,15,170,0,139.02,0,Net Banking,Sneha,Cancelled
ORD100312,2025-04-14 00:00:00,CUST1239,Vikas Singh,Ahmedabad,Gujarat,Baby Care,Baby Shampoo,Patanjali,6,30,12,26.4,158.4,136.62,21.78,Debit Card,Vikas,Completed
ORD100313,2025-04-26 00:00:00,CUST1005,Priya Gupta,Nagpur,Maharashtra,Home Care,Toilet Cleaner,Parle,5,100,2,98,490,400.2,89.8,UPI,Rohan,Completed
ORD100314,2025-11-25 00:00:00,CUST1100,Aditya Jain,Vadodara,Gujarat,Beverages,Tea,Nestle,6,120,8,110.4,662.4,465.84,196.56,Credit Card,Vikas,Completed
ORD100315,2025-11-25 00:00:00,CUST1296,Ananya Gupta,Pune,Maharashtra,Home Care,Floor Cleaner,Patanjali,3,60,10,54,162,127.38,34.62,UPI,Pooja,Completed
ORD100316,2025-08-03 00:00:00,CUST1286,Priya Singh,Nashik,Maharashtra,Home Care,Detergent,Nestle,7,40,15,34,0,206.29,0,UPI,Vikas,Cancelled
ORD100317,2025-07-02 00:00:00,CUST1006,Priya Patel,Surat,Gujarat,Beverages,Coffee,Britannia,5,100,2,98,490,356.45,133.55,UPI,Neha,Completed
ORD100318,2026-03-03 00:00:00,CUST1297,Aditya Joshi,Nagpur,Maharashtra,Personal Care,Toothpaste,Parle,3,50,2,49,0,100.14,0,Net Banking,Sneha,Returned
ORD100319,2025-07-22 00:00:00,CUST1251,Neha Mehta,Nagpur,Maharashtra,Beverages,Fruit Juice,HUL,1,500,8,460,460,373.47,86.53,Cash,Rohan,Completed
ORD100320,2026-02-08 00:00:00,CUST1094,Amit Mehta,Jaipur,Rajasthan,Beverages,Tea,Dabur,5,150,15,127.5,0,530.05,0,Cash,Rohan,Cancelled
ORD100321,2025-06-03 00:00:00,CUST1258,Kavya Mehta,Nashik,Maharashtra,Personal Care,Soap,Tata,5,100,10,90,450,333.4,116.6,UPI,Sneha,Completed
ORD100322,2025-11-25 00:00:00,CUST1298,Kavya Gupta,Indore,Madhya Pradesh,Home Care,Floor Cleaner,HUL,5,300,2,294,1470,1277.95,192.05,Net Banking,Neha,Completed
ORD100323,2025-10-25 00:00:00,CUST1292,Kavya Singh,Burhanpur,Madhya Pradesh,Home Care,Toilet Cleaner,Patanjali,7,30,8,27.6,0,162.96,0,UPI,Pooja,Returned
ORD100324,2025-12-31 00:00:00,CUST1106,Rahul Joshi,Jabalpur,Madhya Pradesh,Personal Care,Hair Oil,ITC,4,80,10,72,288,215.12,72.88,Debit Card,Pooja,Completed
ORD100325,2025-12-31 00:00:00,CUST1034,Pooja Singh,Nagpur,Maharashtra,Baby Care,Diapers,Dabur,6,40,10,36,216,182.64,33.36,UPI,Sneha,Completed
ORD100326,2025-04-09 00:00:00,CUST1288,Arjun Patel,Khandwa,Madhya Pradesh,Grocery,Cooking Oil,HUL,6,100,8,92,552,449.58,102.42,UPI,Pooja,Completed
ORD100327,2025-07-04 00:00:00,CUST1135,Arjun Verma,Surat,Gujarat,Snacks,Namkeen,ITC,5,500,2,490,2450,1680.7,769.3,Cash,Rohan,Completed
ORD100328,2025-12-29 00:00:00,CUST1144,Sneha Agrawal,Nagpur,Maharashtra,Home Care,Glass Cleaner,Dabur,3,60,2,58.8,176.4,135.03,41.37,Net Banking,Rohan,Completed
ORD100329,2026-03-14 00:00:00,CUST1047,Kavya Joshi,Burhanpur,Madhya Pradesh,Snacks,Cookies,Britannia,2,40,8,36.8,0,50.64,0,Debit Card,Neha,Cancelled
ORD100330,2026-01-08 00:00:00,CUST1182,Vivaan Sharma,Mumbai,Maharashtra,Beverages,Fruit Juice,P&G,2,300,5,285,570,484.14,85.86,Debit Card,Pooja,Completed
ORD100331,2026-03-27 00:00:00,CUST1042,Meera Joshi,Khandwa,Madhya Pradesh,Baby Care,Diapers,Nestle,5,250,8,230,1150,998.9,151.1,Debit Card,Vikas,Completed
ORD100332,2025-06-15 00:00:00,CUST1201,Priya Mehta,Mumbai,Maharashtra,Personal Care,Soap,Nestle,2,250,0,250,500,432.88,67.12,UPI,Pooja,Completed
ORD100333,2026-01-10 00:00:00,CUST1015,Kavya Joshi,Nashik,Maharashtra,Grocery,Cooking Oil,ITC,6,300,2,294,0,1433.7,0,UPI,Vikas,Returned
ORD100334,2025-05-06 00:00:00,CUST1173,Arjun Singh,Ujjain,Madhya Pradesh,Personal Care,Hair Oil,Dabur,6,40,2,39.2,235.2,179.04,56.16,UPI,Vikas,Completed
ORD100335,2025-08-01 00:00:00,CUST1187,Rahul Gupta,Jaipur,Rajasthan,Grocery,Toor Dal,ITC,4,40,12,35.2,140.8,104.08,36.72,UPI,Rohan,Completed
ORD100336,2025-04-15 00:00:00,CUST1044,Aarav Mehta,Pune,Maharashtra,Baby Care,Diapers,Patanjali,5,120,12,105.6,528,372.5,155.5,UPI,Pooja,Completed
ORD100337,2025-06-22 00:00:00,CUST1110,Rohan Agrawal,Nagpur,Maharashtra,Home Care,Toilet Cleaner,Britannia,3,300,0,300,900,614.46,285.54,Credit Card,Vikas,Completed
ORD100338,2025-11-05 00:00:00,CUST1089,Vikas Agrawal,Udaipur,Rajasthan,Snacks,Biscuits,Parle,7,200,15,170,1190,899.64,290.36,UPI,Pooja,Completed
ORD100339,2025-05-28 00:00:00,CUST1111,Aarav Sharma,Burhanpur,Madhya Pradesh,Baby Care,Baby Powder,Parle,2,50,8,46,92,73.28,18.72,UPI,Pooja,Completed
ORD100340,2025-07-18 00:00:00,CUST1276,Neha Agrawal,Ahmedabad,Gujarat,Home Care,Dishwash,HUL,4,50,10,45,180,143.24,36.76,Net Banking,Sneha,Completed
ORD100341,2025-05-13 00:00:00,CUST1211,Vikas Gupta,Udaipur,Rajasthan,Snacks,Chips,Nestle,6,500,8,460,2760,2148.42,611.58,UPI,Neha,Completed
ORD100342,2025-10-24 00:00:00,CUST1267,Priya Jain,Bhopal,Madhya Pradesh,Home Care,Glass Cleaner,Nestle,4,150,5,142.5,0,482.48,0,Credit Card,Sneha,Returned
ORD100343,2025-05-22 00:00:00,CUST1263,Ananya Agrawal,Pune,Maharashtra,Baby Care,Diapers,Parle,1,250,8,230,230,197.71,32.29,UPI,Amit,Completed
ORD100344,2025-12-25 00:00:00,CUST1089,Pooja Singh,Vadodara,Gujarat,Baby Care,Diapers,HUL,5,80,12,70.4,0,290.9,0,UPI,Pooja,Cancelled
ORD100345,2026-02-07 00:00:00,CUST1026,Neha Singh,Surat,Gujarat,Grocery,Wheat Flour,Parle,1,120,10,108,108,76.04,31.96,UPI,Amit,Completed
ORD100346,2025-11-03 00:00:00,CUST1106,Ananya Joshi,Nashik,Maharashtra,Home Care,Toilet Cleaner,Patanjali,3,60,10,54,162,138.42,23.58,UPI,Pooja,Completed
ORD100347,2026-01-31 00:00:00,CUST1230,Ananya Gupta,Mumbai,Maharashtra,Grocery,Wheat Flour,Britannia,6,30,2,29.4,176.4,126.9,49.5,UPI,Pooja,Completed
ORD100348,2025-09-25 00:00:00,CUST1189,Aditya Khan,Nashik,Maharashtra,Beverages,Tea,ITC,3,100,2,98,294,212.55,81.45,UPI,Rohan,Completed
ORD100349,2025-12-07 00:00:00,CUST1187,Meera Gupta,Khandwa,Madhya Pradesh,Home Care,Detergent,Nestle,2,500,8,460,920,787.3,132.7,UPI,Sneha,Completed
ORD100350,2025-06-29 00:00:00,CUST1181,Meera Agrawal,Surat,Gujarat,Grocery,Sugar,Parle,3,40,8,36.8,110.4,95.28,15.12,Debit Card,Neha,Completed
ORD100351,2025-04-30 00:00:00,CUST1249,Priya Sharma,Kota,Rajasthan,Snacks,Cookies,P&G,6,50,10,45,0,206.4,0,Cash,Pooja,Returned
ORD100352,2025-09-27 00:00:00,CUST1172,Rohan Patel,Udaipur,Rajasthan,Grocery,Toor Dal,Britannia,5,30,5,28.5,142.5,100.65,41.85,UPI,Rohan,Completed
ORD100353,2025-10-27 00:00:00,CUST1196,Aarav Patel,Nashik,Maharashtra,Snacks,Namkeen,Patanjali,4,300,15,255,1020,860.96,159.04,Credit Card,Sneha,Completed
ORD100354,2025-09-14 00:00:00,CUST1224,Kavya Verma,Jabalpur,Madhya Pradesh,Personal Care,Face Wash,Britannia,1,80,15,68,0,49.6,0,UPI,Amit,Cancelled
ORD100355,2025-08-01 00:00:00,CUST1266,Kavya Verma,Jabalpur,Madhya Pradesh,Snacks,Dry Fruits,Tata,3,250,5,237.5,712.5,579.48,133.02,Cash,Sneha,Completed
ORD100356,2026-03-09 00:00:00,CUST1016,Pooja Verma,Pune,Maharashtra,Home Care,Floor Cleaner,ITC,7,60,5,57,399,276.29,122.71,Net Banking,Pooja,Completed
ORD100357,2025-10-25 00:00:00,CUST1110,Vikas Khan,Ujjain,Madhya Pradesh,Grocery,Wheat Flour,Nestle,6,150,0,150,900,728.22,171.78,UPI,Neha,Completed
ORD100358,2025-04-25 00:00:00,CUST1018,Sneha Patel,Indore,Madhya Pradesh,Beverages,Coffee,Nestle,4,200,15,170,680,596.96,83.04,Debit Card,Amit,Completed
ORD100359,2025-04-06 00:00:00,CUST1280,Amit Joshi,Burhanpur,Madhya Pradesh,Grocery,Sugar,Patanjali,4,200,2,196,0,539.6,0,Cash,Sneha,Returned
ORD100360,2025-07-23 00:00:00,CUST1111,Neha Agrawal,Nashik,Maharashtra,Personal Care,Shampoo,Britannia,5,40,15,34,170,146.95,23.05,Credit Card,Rohan,Completed
ORD100361,2025-12-31 00:00:00,CUST1076,Amit Sharma,Bhopal,Madhya Pradesh,Baby Care,Baby Soap,P&G,1,30,5,28.5,28.5,23.6,4.9,Credit Card,Rohan,Completed
ORD100362,2026-02-04 00:00:00,CUST1150,Kavya Verma,Jabalpur,Madhya Pradesh,Grocery,Toor Dal,HUL,2,50,12,44,88,66.92,21.08,UPI,Sneha,Completed
ORD100363,2025-06-03 00:00:00,CUST1158,Pooja Patel,Jabalpur,Madhya Pradesh,Snacks,Namkeen,P&G,5,200,0,200,1000,721.65,278.35,UPI,Amit,Completed
ORD100364,2026-03-06 00:00:00,CUST1134,Ananya Mehta,Surat,Gujarat,Home Care,Glass Cleaner,Dabur,3,150,5,142.5,427.5,321.03,106.47,Debit Card,Amit,Completed
ORD100365,2025-04-28 00:00:00,CUST1025,Priya Patel,Vadodara,Gujarat,Snacks,Dry Fruits,Patanjali,7,60,10,54,378,325.99,52.01,UPI,Rohan,Completed
ORD100366,2025-08-24 00:00:00,CUST1241,Arjun Khan,Jabalpur,Madhya Pradesh,Baby Care,Baby Soap,Dabur,3,120,10,108,324,250.89,73.11,UPI,Sneha,Completed
ORD100367,2025-04-16 00:00:00,CUST1182,Aditya Mehta,Nagpur,Maharashtra,Snacks,Biscuits,Dabur,1,40,10,36,36,30.31,5.69,UPI,Rohan,Completed
ORD100368,2025-05-18 00:00:00,CUST1039,Meera Jain,Khandwa,Madhya Pradesh,Personal Care,Shampoo,Nestle,5,100,10,90,450,344.4,105.6,Credit Card,Amit,Completed
ORD100369,2025-09-01 00:00:00,CUST1209,Meera Verma,Khandwa,Madhya Pradesh,Beverages,Soft Drink,Nestle,7,60,15,51,357,304.43,52.57,UPI,Vikas,Completed
ORD100370,2025-10-08 00:00:00,CUST1256,Neha Joshi,Mumbai,Maharashtra,Personal Care,Shampoo,ITC,2,250,10,225,0,331.84,0,Cash,Vikas,Cancelled
ORD100371,2026-02-06 00:00:00,CUST1060,Amit Agrawal,Ujjain,Madhya Pradesh,Beverages,Soft Drink,Tata,2,500,0,500,1000,832,168,Net Banking,Vikas,Completed
ORD100372,2025-10-26 00:00:00,CUST1130,Neha Jain,Kota,Rajasthan,Personal Care,Soap,Tata,7,200,15,170,1190,1039.01,150.99,UPI,Neha,Completed
ORD100373,2026-02-09 00:00:00,CUST1144,Vikas Mehta,Surat,Gujarat,Personal Care,Soap,Dabur,3,100,8,92,276,228.81,47.19,UPI,Amit,Completed
ORD100374,2025-08-22 00:00:00,CUST1111,Rohan Khan,Burhanpur,Madhya Pradesh,Baby Care,Baby Lotion,HUL,6,60,15,51,306,209.64,96.36,Credit Card,Neha,Completed
ORD100375,2025-04-06 00:00:00,CUST1215,Rohan Mehta,Khandwa,Madhya Pradesh,Home Care,Floor Cleaner,Patanjali,7,120,5,114,798,667.94,130.06,Cash,Sneha,Completed
ORD100376,2025-04-21 00:00:00,CUST1054,Vikas Agrawal,Nashik,Maharashtra,Home Care,Floor Cleaner,HUL,3,100,10,90,0,191.01,0,Debit Card,Rohan,Returned
ORD100377,2025-12-02 00:00:00,CUST1237,Vikas Agrawal,Kota,Rajasthan,Home Care,Dishwash,Patanjali,5,150,12,132,0,482.1,0,Debit Card,Rohan,Cancelled
ORD100378,2025-10-26 00:00:00,CUST1227,Rahul Verma,Khandwa,Madhya Pradesh,Grocery,Cooking Oil,Tata,1,40,15,34,34,28.02,5.98,Debit Card,Sneha,Completed
ORD100379,2025-10-23 00:00:00,CUST1079,Rohan Patel,Nashik,Maharashtra,Snacks,Dry Fruits,Patanjali,4,150,8,138,552,387.8,164.2,UPI,Rohan,Completed
ORD100380,2025-06-18 00:00:00,CUST1236,Sneha Mehta,Nagpur,Maharashtra,Grocery,Wheat Flour,P&G,5,60,0,60,300,217.3,82.7,Cash,Neha,Completed
ORD100381,2025-06-28 00:00:00,CUST1056,Sneha Gupta,Nagpur,Maharashtra,Snacks,Biscuits,Parle,6,150,5,142.5,855,624.12,230.88,UPI,Vikas,Completed
ORD100382,2026-03-16 00:00:00,CUST1081,Amit Mehta,Ahmedabad,Gujarat,Personal Care,Shampoo,Patanjali,3,30,2,29.4,0,60.78,0,UPI,Pooja,Returned
ORD100383,2025-07-09 00:00:00,CUST1214,Rohan Patel,Burhanpur,Madhya Pradesh,Grocery,Toor Dal,P&G,1,80,2,78.4,78.4,56.76,21.64,Cash,Sneha,Completed
ORD100384,2025-09-18 00:00:00,CUST1059,Aarav Jain,Ahmedabad,Gujarat,Personal Care,Face Wash,Patanjali,1,150,8,138,138,107.98,30.02,Cash,Pooja,Completed
ORD100385,2025-09-18 00:00:00,CUST1295,Pooja Jain,Kota,Rajasthan,Personal Care,Shampoo,P&G,1,150,2,147,147,113.25,33.75,Net Banking,Neha,Completed
ORD100386,2025-12-19 00:00:00,CUST1296,Rohan Singh,Udaipur,Rajasthan,Baby Care,Baby Shampoo,Dabur,2,60,5,57,114,95.94,18.06,Credit Card,Pooja,Completed
ORD100387,2025-10-01 00:00:00,CUST1179,Rohan Gupta,Kota,Rajasthan,Home Care,Glass Cleaner,Tata,2,200,5,190,0,283.16,0,Credit Card,Sneha,Returned
ORD100388,2026-02-10 00:00:00,CUST1099,Sneha Singh,Kota,Rajasthan,Grocery,Basmati Rice,P&G,7,120,5,114,798,610.96,187.04,Net Banking,Sneha,Completed
ORD100389,2025-10-24 00:00:00,CUST1110,Vikas Singh,Nagpur,Maharashtra,Personal Care,Shampoo,Patanjali,7,40,15,34,238,209.16,28.84,Debit Card,Rohan,Completed
ORD100390,2025-11-05 00:00:00,CUST1277,Rahul Singh,Bhopal,Madhya Pradesh,Home Care,Floor Cleaner,Patanjali,4,80,10,72,288,202.68,85.32,Cash,Pooja,Completed
ORD100391,2026-03-01 00:00:00,CUST1162,Sneha Gupta,Vadodara,Gujarat,Home Care,Dishwash,Nestle,3,120,15,102,306,220.26,85.74,Debit Card,Rohan,Completed
ORD100392,2025-11-25 00:00:00,CUST1058,Rohan Verma,Vadodara,Gujarat,Snacks,Biscuits,Tata,4,100,12,88,352,291.4,60.6,UPI,Vikas,Completed
ORD100393,2025-06-08 00:00:00,CUST1130,Amit Jain,Bhopal,Madhya Pradesh,Snacks,Cookies,Patanjali,7,60,10,54,378,321.51,56.49,Cash,Sneha,Completed
ORD100394,2025-09-16 00:00:00,CUST1151,Amit Verma,Nashik,Maharashtra,Snacks,Namkeen,HUL,7,50,15,42.5,297.5,239.96,57.54,Credit Card,Neha,Completed
ORD100395,2025-11-14 00:00:00,CUST1126,Kavya Sharma,Jaipur,Rajasthan,Grocery,Toor Dal,ITC,6,120,2,117.6,705.6,500.76,204.84,UPI,Rohan,Completed
ORD100396,2025-08-08 00:00:00,CUST1127,Arjun Patel,Bhopal,Madhya Pradesh,Home Care,Toilet Cleaner,P&G,1,300,8,276,276,198.95,77.05,Net Banking,Amit,Completed
ORD100397,2025-07-29 00:00:00,CUST1097,Aarav Khan,Vadodara,Gujarat,Personal Care,Face Wash,Nestle,5,300,10,270,1350,1022.45,327.55,Net Banking,Neha,Completed
ORD100398,2025-10-20 00:00:00,CUST1149,Vivaan Agrawal,Mumbai,Maharashtra,Baby Care,Baby Lotion,ITC,1,30,10,27,27,21.44,5.56,UPI,Neha,Completed
ORD100399,2025-11-09 00:00:00,CUST1132,Vivaan Gupta,Nashik,Maharashtra,Personal Care,Toothpaste,Tata,5,40,0,40,200,150.9,49.1,UPI,Rohan,Completed
ORD100400,2025-09-01 00:00:00,CUST1174,Kavya Sharma,Ujjain,Madhya Pradesh,Home Care,Toilet Cleaner,Tata,7,50,2,49,343,296.31,46.69,UPI,Vikas,Completed
ORD100401,2026-03-29 00:00:00,CUST1049,Amit Jain,Indore,Madhya Pradesh,Personal Care,Soap,Patanjali,4,30,8,27.6,110.4,93,17.4,UPI,Pooja,Completed
ORD100402,2025-07-27 00:00:00,CUST1144,Priya Khan,Vadodara,Gujarat,Baby Care,Diapers,P&G,5,100,12,88,440,338.45,101.55,Debit Card,Pooja,Completed
ORD100403,2025-06-07 00:00:00,CUST1253,Priya Patel,Mumbai,Maharashtra,Grocery,Cooking Oil,Britannia,1,250,0,250,250,194.13,55.87,UPI,Sneha,Completed
ORD100404,2025-06-05 00:00:00,CUST1234,Neha Agrawal,Bhopal,Madhya Pradesh,Beverages,Tea,P&G,6,40,8,36.8,220.8,155.58,65.22,UPI,Amit,Completed
ORD100405,2026-03-05 00:00:00,CUST1162,Kavya Singh,Vadodara,Gujarat,Beverages,Green Tea,HUL,7,500,2,490,3430,2919.28,510.72,UPI,Pooja,Completed
ORD100406,2025-04-19 00:00:00,CUST1262,Arjun Joshi,Khandwa,Madhya Pradesh,Beverages,Fruit Juice,Parle,6,80,5,76,456,327.54,128.46,Cash,Rohan,Completed
ORD100407,2025-04-17 00:00:00,CUST1154,Rahul Khan,Surat,Gujarat,Home Care,Floor Cleaner,Tata,7,80,10,72,504,354.76,149.24,UPI,Rohan,Completed
ORD100408,2025-07-28 00:00:00,CUST1238,Vivaan Mehta,Vadodara,Gujarat,Snacks,Chips,Britannia,6,120,12,105.6,633.6,519.06,114.54,Credit Card,Amit,Completed
ORD100409,2025-07-30 00:00:00,CUST1132,Vivaan Joshi,Jabalpur,Madhya Pradesh,Home Care,Dishwash,Britannia,4,250,10,225,900,739.32,160.68,Cash,Pooja,Completed
ORD100410,2025-12-06 00:00:00,CUST1139,Kavya Joshi,Vadodara,Gujarat,Baby Care,Baby Soap,HUL,3,200,15,170,510,372.18,137.82,Debit Card,Vikas,Completed
ORD100411,2025-09-14 00:00:00,CUST1020,Vikas Agrawal,Ahmedabad,Gujarat,Personal Care,Toothpaste,Parle,2,80,12,70.4,140.8,111.46,29.34,UPI,Amit,Completed
ORD100412,2025-05-21 00:00:00,CUST1242,Rohan Khan,Vadodara,Gujarat,Baby Care,Baby Soap,Parle,4,250,15,212.5,850,584.96,265.04,UPI,Vikas,Completed
ORD100413,2026-01-08 00:00:00,CUST1074,Sneha Mehta,Nagpur,Maharashtra,Grocery,Basmati Rice,Dabur,4,200,8,184,736,623.76,112.24,Debit Card,Neha,Completed
ORD100414,2026-01-14 00:00:00,CUST1213,Vivaan Patel,Pune,Maharashtra,Personal Care,Face Wash,ITC,6,120,10,108,648,533.82,114.18,Cash,Vikas,Completed
ORD100415,2026-03-09 00:00:00,CUST1177,Ananya Patel,Burhanpur,Madhya Pradesh,Home Care,Floor Cleaner,Parle,2,150,10,135,270,231.38,38.62,Net Banking,Pooja,Completed
ORD100416,2026-02-04 00:00:00,CUST1208,Aarav Khan,Nagpur,Maharashtra,Grocery,Sugar,HUL,2,80,12,70.4,140.8,109.32,31.48,UPI,Amit,Completed
ORD100417,2025-10-03 00:00:00,CUST1250,Meera Patel,Nagpur,Maharashtra,Snacks,Namkeen,Parle,5,50,10,45,225,162.9,62.1,Cash,Pooja,Completed
ORD100418,2025-04-16 00:00:00,CUST1151,Vikas Mehta,Nagpur,Maharashtra,Baby Care,Diapers,Dabur,7,80,15,68,476,412.44,63.56,UPI,Vikas,Completed
ORD100419,2025-05-10 00:00:00,CUST1255,Meera Gupta,Pune,Maharashtra,Personal Care,Toothpaste,Nestle,5,40,15,34,0,122.45,0,Debit Card,Amit,Cancelled
ORD100420,2025-08-29 00:00:00,CUST1123,Sneha Gupta,Khandwa,Madhya Pradesh,Personal Care,Hair Oil,Tata,7,80,10,72,0,357.63,0,Credit Card,Vikas,Returned
ORD100421,2025-09-29 00:00:00,CUST1284,Vikas Verma,Khandwa,Madhya Pradesh,Beverages,Coffee,Tata,1,500,0,500,0,393.84,0,Cash,Sneha,Cancelled
ORD100422,2025-07-10 00:00:00,CUST1256,Aditya Jain,Bhopal,Madhya Pradesh,Snacks,Namkeen,Parle,4,80,0,80,320,231.36,88.64,Cash,Sneha,Completed
ORD100423,2025-07-10 00:00:00,CUST1009,Pooja Joshi,Ujjain,Madhya Pradesh,Home Care,Detergent,Parle,4,40,8,36.8,147.2,128.84,18.36,Cash,Rohan,Completed
ORD100424,2025-09-17 00:00:00,CUST1076,Arjun Joshi,Nagpur,Maharashtra,Personal Care,Face Wash,ITC,5,200,15,170,850,653.6,196.4,UPI,Amit,Completed
ORD100425,2026-01-19 00:00:00,CUST1150,Arjun Sharma,Bhopal,Madhya Pradesh,Grocery,Cooking Oil,P&G,3,250,12,220,660,468.84,191.16,UPI,Pooja,Completed
ORD100426,2025-04-27 00:00:00,CUST1195,Rohan Sharma,Nashik,Maharashtra,Grocery,Cooking Oil,Dabur,7,150,0,150,1050,864.64,185.36,Cash,Amit,Completed
ORD100427,2025-06-23 00:00:00,CUST1207,Amit Joshi,Jaipur,Rajasthan,Beverages,Soft Drink,P&G,4,500,15,425,1700,1231.04,468.96,UPI,Amit,Completed
ORD100428,2026-01-25 00:00:00,CUST1007,Neha Joshi,Nagpur,Maharashtra,Home Care,Glass Cleaner,Dabur,6,60,8,55.2,0,272.58,0,UPI,Neha,Returned
ORD100429,2025-08-06 00:00:00,CUST1179,Rahul Khan,Surat,Gujarat,Personal Care,Shampoo,Nestle,5,120,10,108,540,415.85,124.15,Cash,Amit,Completed
ORD100430,2026-02-02 00:00:00,CUST1296,Rohan Verma,Ujjain,Madhya Pradesh,Baby Care,Baby Soap,Patanjali,1,30,10,27,27,18.47,8.53,Credit Card,Amit,Completed
ORD100431,2025-06-10 00:00:00,CUST1219,Rahul Khan,Indore,Madhya Pradesh,Baby Care,Baby Soap,Patanjali,4,250,8,230,0,697.2,0,Net Banking,Pooja,Cancelled
ORD100432,2026-03-19 00:00:00,CUST1193,Pooja Verma,Nashik,Maharashtra,Grocery,Sugar,Tata,5,40,15,34,170,125.2,44.8,Credit Card,Rohan,Completed
ORD100433,2025-10-01 00:00:00,CUST1198,Aditya Joshi,Burhanpur,Madhya Pradesh,Grocery,Toor Dal,Parle,5,120,8,110.4,552,410.3,141.7,UPI,Amit,Completed
ORD100434,2026-02-23 00:00:00,CUST1017,Ananya Patel,Bhopal,Madhya Pradesh,Home Care,Detergent,P&G,7,100,15,85,0,477.19,0,UPI,Pooja,Returned
ORD100435,2025-10-14 00:00:00,CUST1158,Kavya Gupta,Ahmedabad,Gujarat,Personal Care,Hair Oil,Parle,3,120,0,120,360,308.34,51.66,UPI,Amit,Completed
ORD100436,2025-07-08 00:00:00,CUST1279,Aarav Sharma,Jabalpur,Madhya Pradesh,Snacks,Namkeen,Nestle,3,500,2,490,1470,1108.68,361.32,UPI,Pooja,Completed
ORD100437,2025-10-30 00:00:00,CUST1109,Aarav Jain,Khandwa,Madhya Pradesh,Beverages,Soft Drink,HUL,6,300,5,285,1710,1278.36,431.64,UPI,Rohan,Completed
ORD100438,2026-02-04 00:00:00,CUST1254,Vivaan Agrawal,Khandwa,Madhya Pradesh,Baby Care,Baby Shampoo,Dabur,3,120,0,120,0,285.78,0,UPI,Pooja,Cancelled
ORD100439,2025-11-06 00:00:00,CUST1158,Arjun Agrawal,Pune,Maharashtra,Grocery,Cooking Oil,Nestle,6,150,15,127.5,765,611.94,153.06,Net Banking,Amit,Completed
ORD100440,2025-10-02 00:00:00,CUST1140,Priya Joshi,Kota,Rajasthan,Home Care,Toilet Cleaner,Parle,7,60,15,51,357,270.34,86.66,Debit Card,Neha,Completed
ORD100441,2025-07-28 00:00:00,CUST1162,Rohan Patel,Khandwa,Madhya Pradesh,Personal Care,Shampoo,Patanjali,4,120,12,105.6,422.4,287.48,134.92,UPI,Neha,Completed
ORD100442,2025-06-06 00:00:00,CUST1093,Aarav Agrawal,Bhopal,Madhya Pradesh,Beverages,Coffee,Tata,2,50,5,47.5,0,67.14,0,UPI,Neha,Returned
ORD100443,2025-04-04 00:00:00,CUST1152,Ananya Verma,Indore,Madhya Pradesh,Beverages,Fruit Juice,Tata,2,200,5,190,380,297.1,82.9,Credit Card,Amit,Completed
ORD100444,2025-12-29 00:00:00,CUST1232,Aarav Verma,Jabalpur,Madhya Pradesh,Home Care,Toilet Cleaner,Nestle,5,60,12,52.8,264,224.15,39.85,UPI,Neha,Completed
ORD100445,2025-11-02 00:00:00,CUST1069,Arjun Agrawal,Khandwa,Madhya Pradesh,Personal Care,Toothpaste,Parle,7,300,15,255,1785,1521.59,263.41,Net Banking,Amit,Completed
ORD100446,2025-09-20 00:00:00,CUST1035,Aditya Khan,Ujjain,Madhya Pradesh,Beverages,Soft Drink,P&G,2,30,0,30,60,49.82,10.18,UPI,Rohan,Completed
ORD100447,2025-06-05 00:00:00,CUST1070,Neha Gupta,Ahmedabad,Gujarat,Personal Care,Shampoo,ITC,2,50,15,42.5,85,61.76,23.24,UPI,Neha,Completed
ORD100448,2025-10-31 00:00:00,CUST1089,Meera Sharma,Mumbai,Maharashtra,Grocery,Toor Dal,Parle,5,120,5,114,570,458.4,111.6,Credit Card,Vikas,Completed
ORD100449,2025-11-29 00:00:00,CUST1138,Meera Jain,Ahmedabad,Gujarat,Baby Care,Baby Shampoo,Tata,7,40,12,35.2,0,171.78,0,UPI,Pooja,Cancelled
ORD100450,2026-02-19 00:00:00,CUST1092,Rahul Agrawal,Ahmedabad,Gujarat,Baby Care,Baby Powder,Dabur,4,40,12,35.2,140.8,114.52,26.28,Credit Card,Vikas,Completed
ORD100451,2025-11-12 00:00:00,CUST1053,Meera Jain,Bhopal,Madhya Pradesh,Snacks,Chips,Britannia,2,80,5,76,0,115.06,0,UPI,Rohan,Returned
ORD100452,2025-04-11 00:00:00,CUST1097,Rohan Jain,Ahmedabad,Gujarat,Baby Care,Baby Soap,HUL,7,60,12,52.8,369.6,270.83,98.77,Cash,Amit,Completed
ORD100453,2025-09-06 00:00:00,CUST1103,Aarav Mehta,Surat,Gujarat,Baby Care,Baby Shampoo,ITC,3,40,5,38,114,92.28,21.72,Debit Card,Pooja,Completed
ORD100454,2025-04-10 00:00:00,CUST1114,Kavya Gupta,Burhanpur,Madhya Pradesh,Personal Care,Shampoo,Tata,1,40,2,39.2,0,30.33,0,UPI,Amit,Cancelled
ORD100455,2025-12-11 00:00:00,CUST1236,Priya Khan,Indore,Madhya Pradesh,Home Care,Floor Cleaner,Tata,6,250,10,225,1350,1120.38,229.62,UPI,Rohan,Completed
ORD100456,2025-06-29 00:00:00,CUST1186,Sneha Singh,Ujjain,Madhya Pradesh,Home Care,Toilet Cleaner,P&G,7,300,10,270,1890,1613.85,276.15,Credit Card,Rohan,Completed
ORD100457,2025-12-20 00:00:00,CUST1058,Sneha Patel,Nagpur,Maharashtra,Snacks,Dry Fruits,P&G,3,100,15,85,255,174.66,80.34,UPI,Amit,Completed
ORD100458,2025-11-18 00:00:00,CUST1093,Rohan Singh,Bhopal,Madhya Pradesh,Personal Care,Hair Oil,Parle,4,60,10,54,216,154.84,61.16,UPI,Vikas,Completed
ORD100459,2025-11-06 00:00:00,CUST1215,Pooja Joshi,Indore,Madhya Pradesh,Grocery,Cooking Oil,P&G,5,250,10,225,1125,930.45,194.55,Net Banking,Neha,Completed
ORD100460,2025-08-31 00:00:00,CUST1182,Pooja Verma,Pune,Maharashtra,Personal Care,Shampoo,Nestle,1,80,5,76,76,66.31,9.69,UPI,Neha,Completed
ORD100461,2025-04-24 00:00:00,CUST1212,Aarav Sharma,Nashik,Maharashtra,Personal Care,Shampoo,Dabur,7,40,8,36.8,257.6,209.86,47.74,UPI,Amit,Completed
ORD100462,2026-01-26 00:00:00,CUST1024,Meera Jain,Ujjain,Madhya Pradesh,Baby Care,Baby Lotion,HUL,6,120,5,114,684,494.88,189.12,Debit Card,Pooja,Completed
ORD100463,2025-07-24 00:00:00,CUST1068,Ananya Joshi,Burhanpur,Madhya Pradesh,Grocery,Cooking Oil,Parle,7,200,2,196,1372,1095.85,276.15,UPI,Neha,Completed
ORD100464,2025-05-19 00:00:00,CUST1026,Aarav Joshi,Bhopal,Madhya Pradesh,Grocery,Wheat Flour,Dabur,7,120,5,114,798,615.72,182.28,Net Banking,Neha,Completed
ORD100465,2025-05-05 00:00:00,CUST1112,Sneha Singh,Udaipur,Rajasthan,Beverages,Green Tea,Dabur,5,60,8,55.2,276,216.45,59.55,UPI,Amit,Completed
ORD100466,2026-03-22 00:00:00,CUST1164,Arjun Gupta,Pune,Maharashtra,Grocery,Toor Dal,HUL,6,150,5,142.5,855,706.86,148.14,UPI,Neha,Completed
ORD100467,2025-06-29 00:00:00,CUST1085,Aarav Verma,Nagpur,Maharashtra,Personal Care,Shampoo,Tata,4,500,15,425,1700,1162,538,Credit Card,Sneha,Completed
ORD100468,2025-04-02 00:00:00,CUST1243,Neha Verma,Bhopal,Madhya Pradesh,Beverages,Fruit Juice,Patanjali,3,250,15,212.5,0,450.3,0,Net Banking,Neha,Cancelled
ORD100469,2026-03-03 00:00:00,CUST1069,Pooja Jain,Mumbai,Maharashtra,Snacks,Cookies,HUL,5,30,2,29.4,0,127.5,0,Debit Card,Amit,Returned
ORD100470,2026-03-01 00:00:00,CUST1260,Vivaan Patel,Nashik,Maharashtra,Grocery,Basmati Rice,Dabur,6,200,15,170,1020,757.98,262.02,Cash,Pooja,Completed
ORD100471,2025-12-11 00:00:00,CUST1020,Priya Mehta,Udaipur,Rajasthan,Baby Care,Baby Powder,HUL,2,250,12,220,0,300.68,0,Credit Card,Vikas,Cancelled
ORD100472,2025-06-08 00:00:00,CUST1045,Neha Jain,Jabalpur,Madhya Pradesh,Grocery,Sugar,ITC,5,150,8,138,690,575.45,114.55,Cash,Sneha,Completed
ORD100473,2025-06-01 00:00:00,CUST1003,Sneha Gupta,Nashik,Maharashtra,Beverages,Soft Drink,HUL,2,200,10,180,360,251.16,108.84,UPI,Vikas,Completed
ORD100474,2026-02-27 00:00:00,CUST1110,Rahul Jain,Udaipur,Rajasthan,Grocery,Wheat Flour,Parle,1,500,15,425,0,338.37,0,Cash,Neha,Cancelled
ORD100475,2025-04-03 00:00:00,CUST1026,Neha Khan,Surat,Gujarat,Grocery,Wheat Flour,Tata,6,120,15,102,612,460.44,151.56,UPI,Rohan,Completed
ORD100476,2025-06-24 00:00:00,CUST1100,Vikas Gupta,Nagpur,Maharashtra,Personal Care,Toothpaste,Patanjali,4,40,5,38,152,122.52,29.48,Cash,Sneha,Completed
ORD100477,2026-01-06 00:00:00,CUST1275,Rahul Khan,Jabalpur,Madhya Pradesh,Personal Care,Soap,P&G,2,200,15,170,0,296.46,0,Debit Card,Rohan,Cancelled
ORD100478,2025-07-06 00:00:00,CUST1016,Amit Agrawal,Bhopal,Madhya Pradesh,Home Care,Detergent,Dabur,2,120,8,110.4,220.8,181.86,38.94,UPI,Pooja,Completed
ORD100479,2025-09-08 00:00:00,CUST1107,Amit Sharma,Nashik,Maharashtra,Beverages,Soft Drink,Tata,1,250,10,225,0,164.62,0,UPI,Neha,Cancelled
ORD100480,2025-09-13 00:00:00,CUST1106,Vikas Patel,Bhopal,Madhya Pradesh,Snacks,Biscuits,Patanjali,1,100,2,98,98,84.61,13.39,UPI,Pooja,Completed
ORD100481,2025-07-08 00:00:00,CUST1278,Aditya Agrawal,Jabalpur,Madhya Pradesh,Snacks,Namkeen,Parle,6,100,12,88,528,459.6,68.4,UPI,Neha,Completed
ORD100482,2025-12-25 00:00:00,CUST1226,Aditya Jain,Jaipur,Rajasthan,Grocery,Wheat Flour,Tata,7,300,0,300,2100,1497.09,602.91,UPI,Sneha,Completed
ORD100483,2026-02-17 00:00:00,CUST1139,Neha Gupta,Nashik,Maharashtra,Home Care,Dishwash,HUL,3,40,15,34,0,75.6,0,Credit Card,Rohan,Returned
ORD100484,2026-03-22 00:00:00,CUST1139,Amit Jain,Ujjain,Madhya Pradesh,Personal Care,Toothpaste,Nestle,2,80,10,72,144,109.64,34.36,UPI,Rohan,Completed
ORD100485,2025-12-14 00:00:00,CUST1152,Amit Patel,Pune,Maharashtra,Beverages,Coffee,Nestle,3,250,0,250,750,654.84,95.16,Debit Card,Rohan,Completed
ORD100486,2026-01-19 00:00:00,CUST1087,Rahul Mehta,Nagpur,Maharashtra,Home Care,Floor Cleaner,Nestle,1,80,5,76,0,61.3,0,Cash,Rohan,Cancelled
ORD100487,2025-10-21 00:00:00,CUST1248,Sneha Singh,Kota,Rajasthan,Beverages,Green Tea,Patanjali,7,300,2,294,2058,1784.93,273.07,Net Banking,Vikas,Completed
ORD100488,2025-09-12 00:00:00,CUST1115,Kavya Agrawal,Burhanpur,Madhya Pradesh,Snacks,Chips,Patanjali,2,150,15,127.5,255,202.76,52.24,UPI,Amit,Completed
ORD100489,2025-08-26 00:00:00,CUST1025,Vivaan Mehta,Bhopal,Madhya Pradesh,Snacks,Dry Fruits,Tata,4,80,10,72,288,236.96,51.04,Debit Card,Sneha,Completed
ORD100490,2026-01-16 00:00:00,CUST1094,Rahul Patel,Burhanpur,Madhya Pradesh,Grocery,Basmati Rice,HUL,5,50,8,46,230,184.35,45.65,UPI,Vikas,Completed
ORD100491,2025-10-29 00:00:00,CUST1016,Vivaan Gupta,Jabalpur,Madhya Pradesh,Home Care,Toilet Cleaner,Tata,4,80,12,70.4,281.6,240.28,41.32,UPI,Vikas,Completed
ORD100492,2025-04-15 00:00:00,CUST1292,Aarav Joshi,Indore,Madhya Pradesh,Baby Care,Diapers,Nestle,2,120,2,117.6,235.2,189.24,45.96,UPI,Amit,Completed
ORD100493,2025-04-29 00:00:00,CUST1151,Rahul Sharma,Vadodara,Gujarat,Grocery,Wheat Flour,Britannia,4,250,10,225,900,634.88,265.12,Cash,Vikas,Completed
ORD100494,2025-08-29 00:00:00,CUST1238,Aarav Agrawal,Jaipur,Rajasthan,Home Care,Dishwash,ITC,6,50,10,45,270,210.24,59.76,UPI,Amit,Completed
ORD100495,2025-10-13 00:00:00,CUST1202,Vikas Joshi,Ujjain,Madhya Pradesh,Baby Care,Baby Lotion,HUL,3,100,5,95,285,228.27,56.73,Cash,Neha,Completed
ORD100496,2025-11-14 00:00:00,CUST1273,Neha Singh,Jabalpur,Madhya Pradesh,Grocery,Cooking Oil,P&G,6,500,5,475,0,2192.94,0,UPI,Pooja,Returned
ORD100497,2025-07-10 00:00:00,CUST1198,Pooja Patel,Ahmedabad,Gujarat,Beverages,Soft Drink,Parle,3,60,12,52.8,158.4,116.79,41.61,UPI,Vikas,Completed
ORD100498,2025-04-24 00:00:00,CUST1109,Meera Singh,Kota,Rajasthan,Personal Care,Shampoo,P&G,3,250,0,250,750,587.88,162.12,Debit Card,Rohan,Completed
ORD100499,2025-09-29 00:00:00,CUST1086,Aditya Joshi,Kota,Rajasthan,Baby Care,Baby Shampoo,Tata,2,200,8,184,368,283.62,84.38,Cash,Rohan,Completed
ORD100500,2025-04-29 00:00:00,CUST1114,Ananya Jain,Udaipur,Rajasthan,Grocery,Sugar,Britannia,3,500,15,425,1275,939.6,335.4,UPI,Pooja,Completed
ORD100501,2025-10-11 00:00:00,CUST1123,Vikas Joshi,Khandwa,Madhya Pradesh,Baby Care,Baby Shampoo,Parle,7,300,2,294,2058,1618.75,439.25,Debit Card,Sneha,Completed
ORD100502,2025-06-17 00:00:00,CUST1075,Amit Mehta,Nashik,Maharashtra,Personal Care,Soap,Nestle,3,300,15,255,765,623.1,141.9,Debit Card,Rohan,Completed
ORD100503,2026-02-28 00:00:00,CUST1009,Neha Verma,Kota,Rajasthan,Snacks,Cookies,ITC,4,40,15,34,136,102.6,33.4,UPI,Vikas,Completed
ORD100504,2025-07-09 00:00:00,CUST1012,Pooja Patel,Indore,Madhya Pradesh,Home Care,Dishwash,Patanjali,3,40,12,35.2,105.6,82.95,22.65,UPI,Vikas,Completed
ORD100505,2026-03-10 00:00:00,CUST1229,Vikas Khan,Jabalpur,Madhya Pradesh,Beverages,Green Tea,Patanjali,6,100,5,95,570,397.86,172.14,Cash,Rohan,Completed
ORD100506,2025-11-20 00:00:00,CUST1163,Arjun Jain,Mumbai,Maharashtra,Grocery,Wheat Flour,Nestle,3,500,8,460,0,938.76,0,UPI,Neha,Cancelled
ORD100507,2026-01-11 00:00:00,CUST1103,Meera Jain,Khandwa,Madhya Pradesh,Personal Care,Hair Oil,Tata,4,300,8,276,1104,921.36,182.64,Cash,Neha,Completed
ORD100508,2025-04-07 00:00:00,CUST1230,Kavya Joshi,Mumbai,Maharashtra,Beverages,Green Tea,Tata,2,100,8,92,184,127.72,56.28,UPI,Neha,Completed
ORD100509,2026-01-15 00:00:00,CUST1058,Neha Verma,Udaipur,Rajasthan,Beverages,Fruit Juice,P&G,3,120,15,102,306,248.82,57.18,UPI,Vikas,Completed
ORD100510,2025-10-08 00:00:00,CUST1147,Meera Joshi,Vadodara,Gujarat,Beverages,Tea,HUL,7,120,15,102,714,533.68,180.32,Debit Card,Sneha,Completed
ORD100511,2025-12-18 00:00:00,CUST1107,Ananya Khan,Bhopal,Madhya Pradesh,Home Care,Detergent,Tata,1,40,5,38,38,32.7,5.3,Net Banking,Rohan,Completed
ORD100512,2026-03-19 00:00:00,CUST1111,Rohan Khan,Nagpur,Maharashtra,Personal Care,Hair Oil,Patanjali,2,40,8,36.8,73.6,59.66,13.94,Credit Card,Rohan,Completed
ORD100513,2025-06-26 00:00:00,CUST1242,Amit Joshi,Khandwa,Madhya Pradesh,Grocery,Toor Dal,Patanjali,6,150,0,150,900,627.3,272.7,Net Banking,Neha,Completed
ORD100514,2025-05-08 00:00:00,CUST1136,Rohan Joshi,Kota,Rajasthan,Baby Care,Baby Shampoo,Parle,3,150,15,127.5,382.5,297.21,85.29,UPI,Neha,Completed
ORD100515,2025-10-03 00:00:00,CUST1197,Priya Singh,Mumbai,Maharashtra,Grocery,Basmati Rice,ITC,6,200,0,200,1200,1040.04,159.96,UPI,Amit,Completed
ORD100516,2025-09-24 00:00:00,CUST1177,Neha Singh,Mumbai,Maharashtra,Grocery,Wheat Flour,Nestle,1,200,5,190,0,155.14,0,UPI,Vikas,Cancelled
ORD100517,2026-02-02 00:00:00,CUST1080,Amit Singh,Indore,Madhya Pradesh,Baby Care,Diapers,P&G,3,60,15,51,153,123.48,29.52,UPI,Amit,Completed
ORD100518,2025-11-19 00:00:00,CUST1292,Neha Khan,Burhanpur,Madhya Pradesh,Beverages,Fruit Juice,Britannia,7,250,12,220,1540,1345.47,194.53,Net Banking,Neha,Completed
ORD100519,2025-04-23 00:00:00,CUST1224,Sneha Mehta,Nagpur,Maharashtra,Personal Care,Toothpaste,P&G,7,30,8,27.6,193.2,166.74,26.46,Cash,Vikas,Completed
ORD100520,2026-02-21 00:00:00,CUST1067,Sneha Agrawal,Nagpur,Maharashtra,Personal Care,Soap,Parle,5,500,5,475,2375,1628.2,746.8,UPI,Neha,Completed
ORD100521,2025-09-02 00:00:00,CUST1240,Vikas Agrawal,Mumbai,Maharashtra,Grocery,Sugar,Patanjali,6,30,2,29.4,176.4,135.6,40.8,Net Banking,Vikas,Completed
ORD100522,2025-05-08 00:00:00,CUST1181,Pooja Mehta,Surat,Gujarat,Baby Care,Baby Soap,Dabur,4,30,5,28.5,114,89.44,24.56,Debit Card,Pooja,Completed
ORD100523,2025-07-25 00:00:00,CUST1163,Vivaan Singh,Indore,Madhya Pradesh,Grocery,Wheat Flour,Nestle,7,40,15,34,0,185.85,0,UPI,Amit,Returned
ORD100524,2025-07-01 00:00:00,CUST1070,Ananya Gupta,Bhopal,Madhya Pradesh,Grocery,Wheat Flour,ITC,6,300,2,294,1764,1510.56,253.44,UPI,Amit,Completed
ORD100525,2025-07-13 00:00:00,CUST1161,Meera Singh,Jaipur,Rajasthan,Baby Care,Baby Powder,ITC,3,120,10,108,0,255.27,0,UPI,Neha,Returned
ORD100526,2026-03-30 00:00:00,CUST1158,Aarav Jain,Jaipur,Rajasthan,Baby Care,Baby Lotion,HUL,3,100,8,92,276,206.85,69.15,UPI,Neha,Completed
ORD100527,2025-10-07 00:00:00,CUST1175,Vivaan Gupta,Udaipur,Rajasthan,Home Care,Detergent,Patanjali,4,120,2,117.6,470.4,362.12,108.28,UPI,Sneha,Completed
ORD100528,2025-09-27 00:00:00,CUST1171,Amit Sharma,Surat,Gujarat,Home Care,Floor Cleaner,Tata,3,50,15,42.5,127.5,91.68,35.82,UPI,Vikas,Completed
ORD100529,2025-08-05 00:00:00,CUST1234,Aarav Agrawal,Jabalpur,Madhya Pradesh,Grocery,Basmati Rice,ITC,5,80,8,73.6,368,277.6,90.4,Cash,Neha,Completed
ORD100530,2025-11-15 00:00:00,CUST1080,Aarav Patel,Ahmedabad,Gujarat,Beverages,Fruit Juice,ITC,4,500,0,500,2000,1471.72,528.28,Credit Card,Vikas,Completed
ORD100531,2025-06-16 00:00:00,CUST1293,Aarav Joshi,Ujjain,Madhya Pradesh,Personal Care,Face Wash,Dabur,7,60,5,57,0,308.98,0,Cash,Rohan,Returned
ORD100532,2025-07-12 00:00:00,CUST1157,Ananya Agrawal,Ujjain,Madhya Pradesh,Snacks,Namkeen,Nestle,6,300,12,264,1584,1080,504,Debit Card,Pooja,Completed
ORD100533,2025-04-18 00:00:00,CUST1010,Kavya Sharma,Indore,Madhya Pradesh,Grocery,Toor Dal,Britannia,1,200,0,200,200,158.37,41.63,UPI,Vikas,Completed
ORD100534,2026-02-03 00:00:00,CUST1145,Rohan Mehta,Mumbai,Maharashtra,Home Care,Floor Cleaner,Nestle,6,300,0,300,1800,1243.08,556.92,UPI,Sneha,Completed
ORD100535,2025-09-14 00:00:00,CUST1161,Sneha Khan,Khandwa,Madhya Pradesh,Baby Care,Diapers,Tata,5,100,10,90,450,336.7,113.3,Net Banking,Vikas,Completed
ORD100536,2025-08-02 00:00:00,CUST1202,Vivaan Singh,Kota,Rajasthan,Beverages,Soft Drink,P&G,3,200,5,190,570,494.97,75.03,UPI,Rohan,Completed
ORD100537,2025-07-03 00:00:00,CUST1048,Meera Sharma,Ahmedabad,Gujarat,Personal Care,Hair Oil,Nestle,6,150,5,142.5,0,647.04,0,UPI,Vikas,Cancelled
ORD100538,2025-11-02 00:00:00,CUST1043,Amit Agrawal,Mumbai,Maharashtra,Home Care,Dishwash,Nestle,2,250,2,245,490,345.84,144.16,Cash,Amit,Completed
ORD100539,2025-05-21 00:00:00,CUST1216,Rohan Singh,Jabalpur,Madhya Pradesh,Grocery,Wheat Flour,Parle,1,150,0,150,150,113.14,36.86,UPI,Neha,Completed
ORD100540,2026-01-17 00:00:00,CUST1052,Meera Sharma,Vadodara,Gujarat,Beverages,Coffee,Parle,3,500,2,490,1470,1218.12,251.88,Net Banking,Amit,Completed
ORD100541,2025-10-15 00:00:00,CUST1056,Meera Gupta,Mumbai,Maharashtra,Grocery,Toor Dal,Nestle,2,500,2,490,980,814.64,165.36,Debit Card,Sneha,Completed
ORD100542,2025-09-01 00:00:00,CUST1094,Priya Joshi,Vadodara,Gujarat,Personal Care,Shampoo,Dabur,4,200,2,196,784,570.64,213.36,UPI,Neha,Completed
ORD100543,2026-01-03 00:00:00,CUST1082,Aarav Sharma,Pune,Maharashtra,Personal Care,Hair Oil,ITC,5,120,10,108,540,448.95,91.05,UPI,Pooja,Completed
ORD100544,2025-06-14 00:00:00,CUST1163,Ananya Joshi,Khandwa,Madhya Pradesh,Snacks,Dry Fruits,P&G,6,250,2,245,1470,1154.7,315.3,UPI,Sneha,Completed
ORD100545,2025-05-12 00:00:00,CUST1288,Priya Jain,Mumbai,Maharashtra,Snacks,Chips,HUL,4,250,5,237.5,950,798.56,151.44,Debit Card,Vikas,Completed
ORD100546,2025-05-23 00:00:00,CUST1168,Pooja Gupta,Vadodara,Gujarat,Grocery,Sugar,Nestle,6,40,12,35.2,0,178.14,0,UPI,Sneha,Cancelled
ORD100547,2025-10-28 00:00:00,CUST1165,Pooja Sharma,Bhopal,Madhya Pradesh,Home Care,Dishwash,Parle,3,120,10,108,0,258.63,0,UPI,Sneha,Cancelled
ORD100548,2025-08-10 00:00:00,CUST1037,Arjun Mehta,Ujjain,Madhya Pradesh,Snacks,Biscuits,Dabur,6,60,8,55.2,0,240,0,Cash,Vikas,Returned
ORD100549,2026-02-15 00:00:00,CUST1042,Rahul Mehta,Bhopal,Madhya Pradesh,Grocery,Wheat Flour,HUL,1,500,5,475,475,404.88,70.12,Cash,Rohan,Completed
ORD100550,2025-09-09 00:00:00,CUST1191,Neha Sharma,Nagpur,Maharashtra,Personal Care,Face Wash,Britannia,7,150,15,127.5,892.5,778.75,113.75,UPI,Pooja,Completed
ORD100551,2025-06-24 00:00:00,CUST1028,Arjun Singh,Bhopal,Madhya Pradesh,Grocery,Toor Dal,ITC,4,80,15,68,272,199.32,72.68,UPI,Rohan,Completed
ORD100552,2025-06-04 00:00:00,CUST1271,Arjun Gupta,Bhopal,Madhya Pradesh,Snacks,Dry Fruits,Dabur,2,250,15,212.5,425,319.18,105.82,Net Banking,Amit,Completed
ORD100553,2025-08-11 00:00:00,CUST1080,Meera Sharma,Kota,Rajasthan,Grocery,Wheat Flour,Britannia,5,250,12,220,1100,775.5,324.5,UPI,Vikas,Completed
ORD100554,2025-04-08 00:00:00,CUST1205,Ananya Patel,Indore,Madhya Pradesh,Personal Care,Hair Oil,HUL,5,300,15,255,0,1075.6,0,Credit Card,Sneha,Returned
ORD100555,2025-12-21 00:00:00,CUST1215,Kavya Jain,Burhanpur,Madhya Pradesh,Beverages,Tea,Dabur,5,30,8,27.6,0,108.6,0,Net Banking,Neha,Returned
ORD100556,2025-04-15 00:00:00,CUST1053,Kavya Khan,Kota,Rajasthan,Personal Care,Shampoo,Dabur,2,500,0,500,0,761,0,Net Banking,Vikas,Returned
ORD100557,2026-02-24 00:00:00,CUST1154,Sneha Mehta,Jabalpur,Madhya Pradesh,Home Care,Detergent,Tata,3,60,8,55.2,165.6,142.89,22.71,UPI,Neha,Completed
ORD100558,2026-02-25 00:00:00,CUST1153,Vikas Agrawal,Ujjain,Madhya Pradesh,Snacks,Cookies,Britannia,1,50,10,45,45,36.02,8.98,Cash,Sneha,Completed
ORD100559,2025-08-22 00:00:00,CUST1073,Kavya Verma,Udaipur,Rajasthan,Personal Care,Shampoo,Nestle,4,120,15,102,408,309.48,98.52,UPI,Vikas,Completed
ORD100560,2026-02-24 00:00:00,CUST1132,Aditya Jain,Bhopal,Madhya Pradesh,Home Care,Dishwash,Dabur,6,100,2,98,588,431.1,156.9,Cash,Sneha,Completed
ORD100561,2025-12-26 00:00:00,CUST1031,Priya Khan,Ujjain,Madhya Pradesh,Grocery,Cooking Oil,Dabur,3,200,5,190,570,441.99,128.01,Cash,Neha,Completed
ORD100562,2026-03-08 00:00:00,CUST1228,Aarav Verma,Pune,Maharashtra,Snacks,Chips,P&G,4,150,15,127.5,510,424.6,85.4,UPI,Sneha,Completed
ORD100563,2026-03-24 00:00:00,CUST1047,Sneha Joshi,Nagpur,Maharashtra,Home Care,Toilet Cleaner,HUL,5,300,8,276,0,1043.1,0,Net Banking,Pooja,Cancelled
ORD100564,2025-07-15 00:00:00,CUST1039,Kavya Jain,Nagpur,Maharashtra,Snacks,Biscuits,ITC,4,200,10,180,0,593.56,0,Cash,Rohan,Cancelled
ORD100565,2025-11-11 00:00:00,CUST1142,Pooja Gupta,Nagpur,Maharashtra,Personal Care,Toothpaste,Tata,2,250,12,220,440,326.48,113.52,Cash,Amit,Completed
ORD100566,2025-04-16 00:00:00,CUST1059,Rahul Sharma,Vadodara,Gujarat,Baby Care,Baby Soap,Dabur,1,300,8,276,276,188.07,87.93,Debit Card,Rohan,Completed
ORD100567,2026-01-26 00:00:00,CUST1199,Meera Gupta,Nashik,Maharashtra,Grocery,Cooking Oil,Dabur,7,500,12,440,0,2520.21,0,Cash,Sneha,Cancelled
ORD100568,2025-05-03 00:00:00,CUST1281,Sneha Mehta,Nagpur,Maharashtra,Baby Care,Diapers,Nestle,4,100,0,100,400,325.8,74.2,Credit Card,Vikas,Completed
ORD100569,2026-01-17 00:00:00,CUST1210,Meera Mehta,Nagpur,Maharashtra,Baby Care,Baby Soap,ITC,5,30,12,26.4,132,108.1,23.9,UPI,Neha,Completed
ORD100570,2025-07-20 00:00:00,CUST1076,Sneha Gupta,Indore,Madhya Pradesh,Home Care,Dishwash,Patanjali,5,120,5,114,570,427.55,142.45,UPI,Amit,Completed
ORD100571,2026-02-01 00:00:00,CUST1052,Aarav Singh,Surat,Gujarat,Personal Care,Shampoo,Britannia,7,300,10,270,0,1298.99,0,Debit Card,Neha,Cancelled
ORD100572,2026-03-22 00:00:00,CUST1148,Sneha Mehta,Jaipur,Rajasthan,Snacks,Dry Fruits,ITC,1,150,8,138,138,94.1,43.9,UPI,Rohan,Completed
ORD100573,2026-02-14 00:00:00,CUST1201,Sneha Patel,Vadodara,Gujarat,Baby Care,Diapers,Tata,7,60,0,60,420,351.47,68.53,Net Banking,Amit,Completed
ORD100574,2026-01-04 00:00:00,CUST1009,Rohan Patel,Ahmedabad,Gujarat,Baby Care,Baby Lotion,Patanjali,1,300,10,270,0,212.07,0,Net Banking,Neha,Cancelled
ORD100575,2025-08-30 00:00:00,CUST1111,Amit Verma,Indore,Madhya Pradesh,Personal Care,Shampoo,Nestle,7,250,15,212.5,1487.5,1212.96,274.54,UPI,Neha,Completed
ORD100576,2025-06-02 00:00:00,CUST1224,Aarav Sharma,Burhanpur,Madhya Pradesh,Grocery,Sugar,Britannia,4,80,2,78.4,313.6,263.76,49.84,UPI,Pooja,Completed
ORD100577,2026-01-22 00:00:00,CUST1073,Arjun Sharma,Mumbai,Maharashtra,Personal Care,Toothpaste,HUL,5,150,5,142.5,712.5,572.65,139.85,Cash,Pooja,Completed
ORD100578,2025-05-23 00:00:00,CUST1054,Arjun Agrawal,Ujjain,Madhya Pradesh,Baby Care,Baby Soap,Dabur,7,100,15,85,595,510.51,84.49,Cash,Neha,Completed
ORD100579,2025-05-26 00:00:00,CUST1239,Neha Agrawal,Nagpur,Maharashtra,Beverages,Soft Drink,Britannia,3,40,5,38,114,81.87,32.13,Debit Card,Pooja,Completed
ORD100580,2025-05-27 00:00:00,CUST1062,Vivaan Patel,Ujjain,Madhya Pradesh,Snacks,Cookies,Parle,3,250,2,245,735,570.66,164.34,UPI,Neha,Completed
ORD100581,2025-08-09 00:00:00,CUST1291,Aarav Joshi,Nashik,Maharashtra,Baby Care,Baby Shampoo,Nestle,5,200,15,170,850,691.75,158.25,Credit Card,Pooja,Completed
ORD100582,2025-07-27 00:00:00,CUST1192,Meera Verma,Indore,Madhya Pradesh,Home Care,Glass Cleaner,Tata,1,60,5,57,0,39.95,0,UPI,Sneha,Returned
ORD100583,2025-08-01 00:00:00,CUST1184,Ananya Singh,Ujjain,Madhya Pradesh,Beverages,Coffee,Parle,2,40,8,36.8,73.6,57.4,16.2,Debit Card,Neha,Completed
ORD100584,2025-09-20 00:00:00,CUST1156,Sneha Khan,Ujjain,Madhya Pradesh,Home Care,Toilet Cleaner,HUL,3,80,5,76,228,171.3,56.7,UPI,Pooja,Completed
ORD100585,2025-06-28 00:00:00,CUST1198,Priya Khan,Nagpur,Maharashtra,Beverages,Green Tea,ITC,2,200,15,170,340,263.26,76.74,UPI,Amit,Completed
ORD100586,2025-07-23 00:00:00,CUST1056,Meera Jain,Ahmedabad,Gujarat,Snacks,Chips,Britannia,4,200,10,180,0,599.92,0,Net Banking,Sneha,Returned
ORD100587,2025-04-23 00:00:00,CUST1048,Pooja Khan,Indore,Madhya Pradesh,Home Care,Glass Cleaner,Britannia,7,120,5,114,798,603.82,194.18,Net Banking,Amit,Completed
ORD100588,2025-04-13 00:00:00,CUST1090,Rohan Khan,Pune,Maharashtra,Snacks,Biscuits,Patanjali,4,120,5,114,0,360.12,0,Net Banking,Neha,Returned
ORD100589,2025-09-03 00:00:00,CUST1060,Neha Verma,Jabalpur,Madhya Pradesh,Personal Care,Soap,Patanjali,5,120,8,110.4,0,406.8,0,Debit Card,Sneha,Cancelled
ORD100590,2025-10-24 00:00:00,CUST1282,Aarav Khan,Surat,Gujarat,Personal Care,Toothpaste,Dabur,3,80,12,70.4,211.2,145.98,65.22,UPI,Amit,Completed
ORD100591,2025-12-21 00:00:00,CUST1139,Ananya Singh,Kota,Rajasthan,Baby Care,Baby Powder,Patanjali,4,150,15,127.5,0,447.08,0,Credit Card,Sneha,Cancelled
ORD100592,2025-06-03 00:00:00,CUST1048,Priya Patel,Jabalpur,Madhya Pradesh,Snacks,Chips,Dabur,4,250,10,225,900,634.72,265.28,Debit Card,Vikas,Completed
ORD100593,2026-01-22 00:00:00,CUST1158,Neha Sharma,Indore,Madhya Pradesh,Grocery,Basmati Rice,Parle,1,250,10,225,225,159.32,65.68,Net Banking,Amit,Completed
ORD100594,2025-11-20 00:00:00,CUST1131,Aarav Verma,Jaipur,Rajasthan,Beverages,Soft Drink,P&G,6,200,0,200,1200,934.26,265.74,UPI,Vikas,Completed
ORD100595,2025-08-09 00:00:00,CUST1043,Neha Patel,Jaipur,Rajasthan,Grocery,Sugar,ITC,5,30,0,30,0,103.2,0,Credit Card,Neha,Cancelled
ORD100596,2025-11-12 00:00:00,CUST1065,Vikas Khan,Bhopal,Madhya Pradesh,Grocery,Cooking Oil,Britannia,4,100,10,90,360,314.84,45.16,Net Banking,Pooja,Completed
ORD100597,2025-04-12 00:00:00,CUST1032,Neha Verma,Nagpur,Maharashtra,Beverages,Soft Drink,HUL,3,100,2,98,294,238.83,55.17,UPI,Sneha,Completed
ORD100598,2026-02-04 00:00:00,CUST1119,Meera Sharma,Udaipur,Rajasthan,Beverages,Fruit Juice,ITC,7,200,15,170,1190,843.15,346.85,UPI,Sneha,Completed
ORD100599,2026-03-02 00:00:00,CUST1228,Aditya Jain,Jabalpur,Madhya Pradesh,Baby Care,Baby Soap,HUL,3,80,12,70.4,211.2,145.41,65.79,Cash,Neha,Completed
ORD100600,2025-08-15 00:00:00,CUST1189,Ananya Patel,Bhopal,Madhya Pradesh,Beverages,Tea,ITC,3,80,2,78.4,235.2,182.52,52.68,UPI,Rohan,Completed
ORD100601,2025-05-24 00:00:00,CUST1104,Rohan Patel,Nagpur,Maharashtra,Grocery,Basmati Rice,Britannia,3,60,10,54,162,129.24,32.76,Credit Card,Neha,Completed
ORD100602,2025-05-17 00:00:00,CUST1206,Kavya Joshi,Surat,Gujarat,Grocery,Cooking Oil,Patanjali,6,120,15,102,612,419.16,192.84,Cash,Rohan,Completed
ORD100603,2025-12-10 00:00:00,CUST1235,Arjun Gupta,Bhopal,Madhya Pradesh,Baby Care,Baby Powder,Patanjali,1,40,0,40,40,32.72,7.28,UPI,Amit,Completed
ORD100604,2025-06-06 00:00:00,CUST1113,Kavya Jain,Nashik,Maharashtra,Beverages,Soft Drink,Patanjali,5,50,10,45,0,183.95,0,UPI,Vikas,Cancelled
ORD100605,2025-09-22 00:00:00,CUST1184,Amit Patel,Khandwa,Madhya Pradesh,Snacks,Cookies,HUL,5,60,15,51,255,178.55,76.45,UPI,Vikas,Completed
ORD100606,2025-10-06 00:00:00,CUST1241,Sneha Patel,Pune,Maharashtra,Beverages,Tea,HUL,3,80,5,76,228,165.42,62.58,UPI,Sneha,Completed
ORD100607,2025-05-11 00:00:00,CUST1122,Aditya Singh,Surat,Gujarat,Snacks,Biscuits,Britannia,4,80,10,72,288,202.52,85.48,UPI,Amit,Completed
ORD100608,2025-08-20 00:00:00,CUST1044,Aarav Singh,Khandwa,Madhya Pradesh,Home Care,Dishwash,ITC,5,100,5,95,475,417.65,57.35,Credit Card,Rohan,Completed
ORD100609,2025-06-13 00:00:00,CUST1041,Meera Verma,Nagpur,Maharashtra,Grocery,Toor Dal,Tata,6,200,12,176,0,865.68,0,Cash,Pooja,Cancelled
ORD100610,2026-02-21 00:00:00,CUST1191,Rohan Agrawal,Khandwa,Madhya Pradesh,Home Care,Glass Cleaner,Patanjali,2,30,10,27,0,47.06,0,UPI,Neha,Cancelled
ORD100611,2025-07-30 00:00:00,CUST1197,Rohan Patel,Ujjain,Madhya Pradesh,Grocery,Toor Dal,Patanjali,4,150,15,127.5,510,402.16,107.84,UPI,Amit,Completed
ORD100612,2025-06-26 00:00:00,CUST1082,Sneha Gupta,Nashik,Maharashtra,Personal Care,Face Wash,Patanjali,4,80,10,72,288,197.12,90.88,UPI,Amit,Completed
ORD100613,2025-11-28 00:00:00,CUST1141,Vivaan Agrawal,Surat,Gujarat,Beverages,Fruit Juice,Nestle,2,50,2,49,98,73.6,24.4,UPI,Vikas,Completed
ORD100614,2025-12-14 00:00:00,CUST1275,Sneha Gupta,Jabalpur,Madhya Pradesh,Home Care,Dishwash,Tata,7,60,2,58.8,411.6,348.25,63.35,Net Banking,Neha,Completed
ORD100615,2025-11-14 00:00:00,CUST1264,Aarav Joshi,Jaipur,Rajasthan,Beverages,Tea,Parle,4,60,5,57,228,159.84,68.16,UPI,Amit,Completed
ORD100616,2025-12-24 00:00:00,CUST1011,Vikas Khan,Mumbai,Maharashtra,Baby Care,Baby Shampoo,P&G,6,50,10,45,270,189.72,80.28,Cash,Sneha,Completed
ORD100617,2025-06-07 00:00:00,CUST1125,Ananya Gupta,Vadodara,Gujarat,Home Care,Toilet Cleaner,ITC,6,30,2,29.4,176.4,130.44,45.96,Debit Card,Rohan,Completed
ORD100618,2025-08-01 00:00:00,CUST1033,Aarav Singh,Nagpur,Maharashtra,Grocery,Basmati Rice,Patanjali,4,200,10,180,720,549.72,170.28,Net Banking,Vikas,Completed
ORD100619,2026-02-19 00:00:00,CUST1183,Vikas Verma,Vadodara,Gujarat,Grocery,Wheat Flour,Patanjali,3,100,10,90,270,203.82,66.18,Cash,Vikas,Completed
ORD100620,2026-02-13 00:00:00,CUST1160,Rohan Singh,Bhopal,Madhya Pradesh,Snacks,Biscuits,Britannia,7,100,0,100,700,505.54,194.46,UPI,Pooja,Completed
ORD100621,2025-05-03 00:00:00,CUST1214,Vivaan Khan,Mumbai,Maharashtra,Grocery,Toor Dal,Nestle,5,150,10,135,675,471.45,203.55,Net Banking,Amit,Completed
ORD100622,2025-07-03 00:00:00,CUST1242,Pooja Agrawal,Nagpur,Maharashtra,Home Care,Toilet Cleaner,Patanjali,2,50,10,45,90,73.22,16.78,UPI,Neha,Completed
ORD100623,2025-10-18 00:00:00,CUST1258,Vikas Patel,Mumbai,Maharashtra,Grocery,Wheat Flour,Britannia,5,100,0,100,500,391.45,108.55,Cash,Sneha,Completed
ORD100624,2025-12-10 00:00:00,CUST1007,Amit Khan,Mumbai,Maharashtra,Home Care,Dishwash,Patanjali,4,60,10,54,216,175.8,40.2,Credit Card,Vikas,Completed
ORD100625,2025-06-16 00:00:00,CUST1288,Pooja Khan,Nagpur,Maharashtra,Baby Care,Baby Lotion,HUL,5,40,2,39.2,196,167.4,28.6,UPI,Pooja,Completed
ORD100626,2025-11-14 00:00:00,CUST1163,Meera Khan,Pune,Maharashtra,Grocery,Toor Dal,Tata,5,30,15,25.5,127.5,110.4,17.1,Debit Card,Sneha,Completed
ORD100627,2026-01-17 00:00:00,CUST1299,Meera Sharma,Surat,Gujarat,Home Care,Dishwash,Parle,1,250,8,230,230,196.93,33.07,Debit Card,Rohan,Completed
ORD100628,2026-03-05 00:00:00,CUST1175,Rohan Gupta,Ahmedabad,Gujarat,Beverages,Soft Drink,Patanjali,5,80,12,70.4,352,284.75,67.25,UPI,Amit,Completed
ORD100629,2026-02-27 00:00:00,CUST1124,Aditya Sharma,Jabalpur,Madhya Pradesh,Beverages,Coffee,Tata,7,300,12,264,1848,1597.54,250.46,Cash,Sneha,Completed
ORD100630,2026-02-25 00:00:00,CUST1137,Priya Patel,Nashik,Maharashtra,Baby Care,Baby Powder,Patanjali,7,50,5,47.5,332.5,279.72,52.78,Cash,Sneha,Completed
ORD100631,2025-07-29 00:00:00,CUST1179,Vivaan Mehta,Nashik,Maharashtra,Home Care,Detergent,P&G,6,150,8,138,828,590.16,237.84,UPI,Pooja,Completed
ORD100632,2026-01-19 00:00:00,CUST1170,Pooja Singh,Vadodara,Gujarat,Personal Care,Face Wash,ITC,1,500,0,500,0,421.54,0,Net Banking,Neha,Cancelled
ORD100633,2025-12-25 00:00:00,CUST1087,Sneha Singh,Udaipur,Rajasthan,Snacks,Chips,Nestle,7,30,2,29.4,205.8,151.55,54.25,Debit Card,Amit,Completed
ORD100634,2025-08-19 00:00:00,CUST1138,Vivaan Singh,Ujjain,Madhya Pradesh,Personal Care,Soap,Britannia,2,50,10,45,0,75.66,0,Cash,Amit,Cancelled
ORD100635,2025-05-03 00:00:00,CUST1260,Priya Verma,Pune,Maharashtra,Baby Care,Baby Powder,Parle,5,80,0,80,400,303.35,96.65,Net Banking,Amit,Completed
ORD100636,2026-02-27 00:00:00,CUST1175,Kavya Joshi,Jabalpur,Madhya Pradesh,Baby Care,Baby Lotion,Britannia,6,30,15,25.5,0,107.82,0,Cash,Pooja,Returned
ORD100637,2025-11-11 00:00:00,CUST1217,Vikas Joshi,Bhopal,Madhya Pradesh,Beverages,Fruit Juice,HUL,2,200,15,170,340,235.04,104.96,UPI,Neha,Completed
ORD100638,2026-03-16 00:00:00,CUST1076,Aditya Mehta,Jaipur,Rajasthan,Home Care,Detergent,Dabur,1,40,15,34,34,27.98,6.02,UPI,Pooja,Completed
ORD100639,2025-10-23 00:00:00,CUST1105,Sneha Verma,Mumbai,Maharashtra,Baby Care,Baby Soap,Patanjali,3,80,12,70.4,211.2,172.83,38.37,UPI,Rohan,Completed
ORD100640,2025-12-27 00:00:00,CUST1060,Vikas Verma,Ujjain,Madhya Pradesh,Home Care,Floor Cleaner,Britannia,5,60,0,60,300,222.2,77.8,UPI,Neha,Completed
ORD100641,2025-11-06 00:00:00,CUST1288,Kavya Jain,Pune,Maharashtra,Snacks,Biscuits,Britannia,2,250,10,225,450,357.74,92.26,UPI,Pooja,Completed
ORD100642,2025-11-07 00:00:00,CUST1004,Neha Gupta,Pune,Maharashtra,Personal Care,Soap,Britannia,1,150,5,142.5,0,114.31,0,UPI,Neha,Cancelled
ORD100643,2025-11-27 00:00:00,CUST1247,Aditya Gupta,Nagpur,Maharashtra,Beverages,Fruit Juice,Parle,3,300,2,294,882,655.62,226.38,Debit Card,Rohan,Completed
ORD100644,2026-02-27 00:00:00,CUST1127,Kavya Sharma,Ahmedabad,Gujarat,Baby Care,Baby Lotion,Tata,4,50,2,49,196,146,50,Net Banking,Amit,Completed
ORD100645,2025-04-26 00:00:00,CUST1235,Pooja Gupta,Surat,Gujarat,Home Care,Detergent,HUL,7,30,15,25.5,178.5,121.45,57.05,Cash,Pooja,Completed
ORD100646,2025-09-15 00:00:00,CUST1142,Arjun Joshi,Kota,Rajasthan,Beverages,Fruit Juice,Patanjali,4,50,0,50,200,140.24,59.76,UPI,Pooja,Completed
ORD100647,2025-11-22 00:00:00,CUST1173,Sneha Jain,Jabalpur,Madhya Pradesh,Grocery,Cooking Oil,Parle,7,150,15,127.5,892.5,707.42,185.08,Net Banking,Vikas,Completed
ORD100648,2025-12-06 00:00:00,CUST1190,Amit Gupta,Burhanpur,Madhya Pradesh,Personal Care,Soap,Parle,7,40,15,34,238,201.39,36.61,UPI,Pooja,Completed
ORD100649,2025-07-24 00:00:00,CUST1158,Aditya Jain,Jaipur,Rajasthan,Beverages,Soft Drink,Britannia,5,250,5,237.5,0,1020.1,0,UPI,Vikas,Returned
ORD100650,2025-05-02 00:00:00,CUST1269,Meera Verma,Nagpur,Maharashtra,Snacks,Biscuits,Parle,7,80,10,72,504,418.67,85.33,UPI,Vikas,Completed
ORD100651,2025-10-13 00:00:00,CUST1249,Vivaan Gupta,Jabalpur,Madhya Pradesh,Baby Care,Baby Soap,Dabur,2,200,2,196,392,287.98,104.02,Debit Card,Neha,Completed
ORD100652,2025-06-27 00:00:00,CUST1287,Ananya Patel,Ahmedabad,Gujarat,Grocery,Wheat Flour,P&G,1,120,8,110.4,110.4,91.78,18.62,Credit Card,Pooja,Completed
ORD100653,2026-01-04 00:00:00,CUST1131,Arjun Jain,Surat,Gujarat,Beverages,Coffee,Parle,7,100,2,98,686,565.67,120.33,UPI,Pooja,Completed
ORD100654,2025-12-05 00:00:00,CUST1221,Neha Joshi,Vadodara,Gujarat,Snacks,Cookies,P&G,7,100,5,95,665,499.24,165.76,Cash,Neha,Completed
ORD100655,2025-05-03 00:00:00,CUST1062,Rahul Verma,Jabalpur,Madhya Pradesh,Personal Care,Soap,Britannia,1,30,2,29.4,29.4,20.23,9.17,UPI,Pooja,Completed
ORD100656,2026-02-20 00:00:00,CUST1136,Arjun Joshi,Indore,Madhya Pradesh,Home Care,Dishwash,Nestle,7,500,15,425,2975,2499.84,475.16,UPI,Pooja,Completed
ORD100657,2026-03-06 00:00:00,CUST1250,Amit Patel,Kota,Rajasthan,Home Care,Glass Cleaner,Tata,1,40,5,38,38,27.65,10.35,Cash,Amit,Completed
ORD100658,2025-04-17 00:00:00,CUST1265,Vivaan Gupta,Ahmedabad,Gujarat,Grocery,Wheat Flour,Dabur,4,250,15,212.5,0,736.28,0,Net Banking,Pooja,Returned
ORD100659,2025-12-18 00:00:00,CUST1259,Arjun Jain,Ahmedabad,Gujarat,Baby Care,Baby Shampoo,ITC,6,100,10,90,540,415.08,124.92,Cash,Sneha,Completed
ORD100660,2025-11-14 00:00:00,CUST1245,Vivaan Jain,Khandwa,Madhya Pradesh,Home Care,Floor Cleaner,Nestle,3,60,8,55.2,165.6,132.63,32.97,UPI,Rohan,Completed
ORD100661,2025-07-21 00:00:00,CUST1274,Amit Joshi,Jabalpur,Madhya Pradesh,Baby Care,Diapers,HUL,2,120,0,120,240,174.82,65.18,Debit Card,Amit,Completed
ORD100662,2025-04-05 00:00:00,CUST1197,Arjun Singh,Jabalpur,Madhya Pradesh,Snacks,Chips,Nestle,5,60,5,57,285,223.45,61.55,Cash,Pooja,Completed
ORD100663,2025-10-08 00:00:00,CUST1187,Meera Mehta,Nagpur,Maharashtra,Baby Care,Baby Powder,HUL,2,100,12,88,176,153.16,22.84,UPI,Neha,Completed
ORD100664,2025-05-29 00:00:00,CUST1181,Aditya Patel,Surat,Gujarat,Home Care,Toilet Cleaner,HUL,2,40,8,36.8,73.6,51.9,21.7,UPI,Amit,Completed
ORD100665,2026-03-26 00:00:00,CUST1119,Kavya Mehta,Pune,Maharashtra,Baby Care,Baby Powder,HUL,5,300,0,300,1500,1264.8,235.2,UPI,Amit,Completed
ORD100666,2025-06-10 00:00:00,CUST1017,Pooja Jain,Ahmedabad,Gujarat,Grocery,Basmati Rice,HUL,5,80,2,78.4,392,289.2,102.8,UPI,Pooja,Completed
ORD100667,2025-12-23 00:00:00,CUST1035,Aarav Patel,Bhopal,Madhya Pradesh,Snacks,Namkeen,Patanjali,6,150,10,135,810,597.72,212.28,Cash,Neha,Completed
ORD100668,2025-06-19 00:00:00,CUST1165,Pooja Sharma,Vadodara,Gujarat,Grocery,Basmati Rice,Nestle,2,120,2,117.6,0,198.08,0,UPI,Neha,Returned
ORD100669,2025-11-13 00:00:00,CUST1025,Priya Singh,Nashik,Maharashtra,Beverages,Soft Drink,Parle,2,120,10,108,216,185.66,30.34,UPI,Pooja,Completed
ORD100670,2025-06-20 00:00:00,CUST1114,Vikas Khan,Ujjain,Madhya Pradesh,Grocery,Toor Dal,Tata,3,80,12,70.4,211.2,170.19,41.01,Debit Card,Sneha,Completed
ORD100671,2025-11-08 00:00:00,CUST1274,Priya Gupta,Ujjain,Madhya Pradesh,Home Care,Glass Cleaner,Tata,5,50,15,42.5,212.5,161.1,51.4,UPI,Neha,Completed
ORD100672,2025-10-28 00:00:00,CUST1074,Amit Gupta,Indore,Madhya Pradesh,Grocery,Toor Dal,P&G,6,300,2,294,1764,1517.58,246.42,UPI,Amit,Completed
ORD100673,2025-10-28 00:00:00,CUST1184,Meera Sharma,Vadodara,Gujarat,Personal Care,Soap,Britannia,5,250,10,225,1125,882.15,242.85,UPI,Amit,Completed
ORD100674,2025-12-11 00:00:00,CUST1085,Priya Gupta,Indore,Madhya Pradesh,Home Care,Floor Cleaner,HUL,3,500,10,450,1350,922.86,427.14,Debit Card,Pooja,Completed
ORD100675,2026-03-25 00:00:00,CUST1106,Neha Singh,Ujjain,Madhya Pradesh,Snacks,Cookies,HUL,5,150,12,132,660,452.55,207.45,UPI,Pooja,Completed
ORD100676,2025-09-01 00:00:00,CUST1141,Priya Patel,Nashik,Maharashtra,Baby Care,Baby Powder,HUL,7,50,5,47.5,0,267.12,0,Net Banking,Pooja,Returned
ORD100677,2025-07-03 00:00:00,CUST1152,Kavya Joshi,Indore,Madhya Pradesh,Home Care,Floor Cleaner,ITC,7,200,12,176,1232,921.83,310.17,Net Banking,Sneha,Completed
ORD100678,2025-11-04 00:00:00,CUST1107,Kavya Agrawal,Ujjain,Madhya Pradesh,Baby Care,Baby Soap,Dabur,5,60,5,57,285,212.9,72.1,Cash,Amit,Completed
ORD100679,2025-07-25 00:00:00,CUST1074,Aarav Singh,Surat,Gujarat,Baby Care,Diapers,P&G,7,40,8,36.8,0,197.68,0,UPI,Amit,Returned
ORD100680,2026-03-14 00:00:00,CUST1166,Neha Sharma,Nashik,Maharashtra,Home Care,Dishwash,Nestle,1,60,12,52.8,52.8,42.52,10.28,UPI,Sneha,Completed
ORD100681,2025-11-13 00:00:00,CUST1072,Aditya Patel,Ujjain,Madhya Pradesh,Beverages,Tea,Dabur,3,40,12,35.2,105.6,78,27.6,UPI,Rohan,Completed
ORD100682,2025-08-13 00:00:00,CUST1280,Aditya Verma,Indore,Madhya Pradesh,Baby Care,Diapers,Parle,4,500,10,450,1800,1438.2,361.8,Debit Card,Amit,Completed
ORD100683,2025-04-14 00:00:00,CUST1231,Pooja Gupta,Khandwa,Madhya Pradesh,Baby Care,Baby Powder,P&G,7,80,10,72,504,374.64,129.36,Net Banking,Vikas,Completed
ORD100684,2026-02-10 00:00:00,CUST1090,Arjun Khan,Khandwa,Madhya Pradesh,Baby Care,Baby Powder,Patanjali,4,50,8,46,184,138,46,UPI,Amit,Completed
ORD100685,2025-06-16 00:00:00,CUST1160,Aarav Singh,Ujjain,Madhya Pradesh,Beverages,Green Tea,Parle,3,250,8,230,690,506.22,183.78,UPI,Amit,Completed
ORD100686,2025-12-01 00:00:00,CUST1045,Neha Mehta,Kota,Rajasthan,Snacks,Chips,ITC,7,300,8,276,1932,1473.71,458.29,UPI,Pooja,Completed
ORD100687,2025-05-26 00:00:00,CUST1015,Neha Jain,Vadodara,Gujarat,Baby Care,Baby Lotion,Dabur,7,150,0,150,1050,859.88,190.12,UPI,Amit,Completed
ORD100688,2025-09-02 00:00:00,CUST1175,Aditya Singh,Ujjain,Madhya Pradesh,Snacks,Biscuits,Parle,7,300,10,270,1890,1380.68,509.32,Cash,Pooja,Completed
ORD100689,2026-01-28 00:00:00,CUST1029,Rohan Mehta,Khandwa,Madhya Pradesh,Beverages,Soft Drink,P&G,3,250,12,220,660,534.6,125.4,UPI,Pooja,Completed
ORD100690,2025-09-02 00:00:00,CUST1257,Arjun Patel,Ahmedabad,Gujarat,Snacks,Biscuits,ITC,4,150,0,150,0,464.24,0,Net Banking,Vikas,Returned
ORD100691,2025-12-18 00:00:00,CUST1273,Rahul Singh,Indore,Madhya Pradesh,Grocery,Cooking Oil,HUL,7,100,2,98,686,557.76,128.24,Net Banking,Amit,Completed
ORD100692,2025-04-15 00:00:00,CUST1179,Kavya Agrawal,Bhopal,Madhya Pradesh,Home Care,Floor Cleaner,Britannia,5,500,10,450,0,1960.15,0,Cash,Sneha,Cancelled
ORD100693,2025-05-13 00:00:00,CUST1293,Neha Jain,Bhopal,Madhya Pradesh,Grocery,Cooking Oil,ITC,5,80,0,80,400,344.75,55.25,UPI,Vikas,Completed
ORD100694,2025-04-07 00:00:00,CUST1292,Rohan Gupta,Ujjain,Madhya Pradesh,Beverages,Coffee,Patanjali,4,80,12,70.4,281.6,236.8,44.8,Credit Card,Pooja,Completed
ORD100695,2025-10-13 00:00:00,CUST1027,Amit Mehta,Ujjain,Madhya Pradesh,Snacks,Chips,Patanjali,5,250,8,230,1150,911.5,238.5,Cash,Amit,Completed
ORD100696,2025-05-11 00:00:00,CUST1255,Vivaan Verma,Surat,Gujarat,Home Care,Glass Cleaner,ITC,5,80,5,76,0,273.75,0,Net Banking,Sneha,Returned
ORD100697,2025-07-09 00:00:00,CUST1256,Meera Sharma,Vadodara,Gujarat,Beverages,Soft Drink,Nestle,4,500,2,490,1960,1395,565,Credit Card,Neha,Completed
ORD100698,2026-02-25 00:00:00,CUST1165,Aarav Mehta,Ahmedabad,Gujarat,Home Care,Detergent,HUL,6,60,15,51,306,248.22,57.78,UPI,Amit,Completed
ORD100699,2025-07-14 00:00:00,CUST1184,Neha Jain,Vadodara,Gujarat,Snacks,Namkeen,Britannia,6,250,8,230,1380,1073.04,306.96,Net Banking,Vikas,Completed
ORD100700,2025-12-09 00:00:00,CUST1060,Ananya Mehta,Nashik,Maharashtra,Personal Care,Soap,P&G,6,500,2,490,2940,2056.68,883.32,Net Banking,Neha,Completed
ORD100701,2025-09-13 00:00:00,CUST1128,Pooja Verma,Bhopal,Madhya Pradesh,Snacks,Biscuits,Britannia,3,100,15,85,0,185.64,0,Credit Card,Rohan,Cancelled
ORD100702,2025-07-07 00:00:00,CUST1120,Rahul Agrawal,Udaipur,Rajasthan,Home Care,Floor Cleaner,P&G,5,80,8,73.6,368,269.75,98.25,UPI,Neha,Completed
ORD100703,2025-08-22 00:00:00,CUST1266,Pooja Patel,Burhanpur,Madhya Pradesh,Beverages,Fruit Juice,Dabur,2,200,10,180,0,279.28,0,UPI,Sneha,Cancelled
ORD100704,2025-04-23 00:00:00,CUST1210,Sneha Verma,Ujjain,Madhya Pradesh,Beverages,Fruit Juice,P&G,6,250,5,237.5,1425,1170.48,254.52,Net Banking,Neha,Completed
ORD100705,2025-06-26 00:00:00,CUST1020,Pooja Sharma,Pune,Maharashtra,Personal Care,Soap,Britannia,7,250,5,237.5,1662.5,1366.54,295.96,UPI,Pooja,Completed
ORD100706,2025-08-08 00:00:00,CUST1156,Priya Singh,Nashik,Maharashtra,Baby Care,Baby Soap,Britannia,2,30,8,27.6,55.2,37.8,17.4,UPI,Rohan,Completed
ORD100707,2025-10-31 00:00:00,CUST1108,Rahul Singh,Khandwa,Madhya Pradesh,Beverages,Fruit Juice,Patanjali,4,200,2,196,784,631.52,152.48,Cash,Vikas,Completed
ORD100708,2025-09-12 00:00:00,CUST1292,Aarav Khan,Vadodara,Gujarat,Personal Care,Hair Oil,HUL,2,50,15,42.5,85,66.74,18.26,Debit Card,Pooja,Completed
ORD100709,2025-04-13 00:00:00,CUST1091,Vikas Jain,Mumbai,Maharashtra,Beverages,Green Tea,HUL,1,30,8,27.6,27.6,19.95,7.65,UPI,Pooja,Completed
ORD100710,2025-04-23 00:00:00,CUST1254,Meera Patel,Pune,Maharashtra,Baby Care,Diapers,Dabur,1,300,10,270,270,215.5,54.5,Debit Card,Pooja,Completed
ORD100711,2026-02-28 00:00:00,CUST1284,Ananya Singh,Mumbai,Maharashtra,Beverages,Fruit Juice,Tata,3,200,15,170,510,419.01,90.99,Net Banking,Pooja,Completed
ORD100712,2025-06-16 00:00:00,CUST1085,Sneha Mehta,Pune,Maharashtra,Grocery,Toor Dal,Nestle,4,250,5,237.5,950,798.8,151.2,Cash,Vikas,Completed
ORD100713,2025-12-26 00:00:00,CUST1222,Arjun Gupta,Surat,Gujarat,Baby Care,Diapers,Britannia,6,80,2,78.4,470.4,330.3,140.1,UPI,Vikas,Completed
ORD100714,2025-12-29 00:00:00,CUST1160,Rohan Jain,Pune,Maharashtra,Snacks,Namkeen,HUL,7,80,5,76,0,432.88,0,Debit Card,Pooja,Cancelled
ORD100715,2025-05-20 00:00:00,CUST1110,Vikas Khan,Bhopal,Madhya Pradesh,Beverages,Coffee,Patanjali,2,50,8,46,92,67.32,24.68,UPI,Sneha,Completed
ORD100716,2026-01-25 00:00:00,CUST1276,Rahul Gupta,Vadodara,Gujarat,Beverages,Soft Drink,Britannia,7,300,12,264,1848,1384.6,463.4,UPI,Rohan,Completed
ORD100717,2026-02-12 00:00:00,CUST1274,Meera Agrawal,Jabalpur,Madhya Pradesh,Baby Care,Baby Shampoo,Parle,1,80,5,76,76,57.92,18.08,UPI,Vikas,Completed
ORD100718,2025-07-09 00:00:00,CUST1005,Aditya Jain,Nashik,Maharashtra,Snacks,Biscuits,Nestle,4,40,8,36.8,0,107.2,0,Debit Card,Amit,Cancelled
ORD100719,2025-05-16 00:00:00,CUST1119,Rahul Verma,Vadodara,Gujarat,Snacks,Biscuits,Parle,5,120,0,120,600,490.8,109.2,UPI,Sneha,Completed
ORD100720,2026-02-13 00:00:00,CUST1003,Kavya Agrawal,Pune,Maharashtra,Home Care,Floor Cleaner,P&G,6,100,8,92,552,376.74,175.26,UPI,Vikas,Completed
ORD100721,2025-04-16 00:00:00,CUST1044,Priya Khan,Bhopal,Madhya Pradesh,Snacks,Chips,Patanjali,5,250,0,250,1250,858.55,391.45,Debit Card,Pooja,Completed
ORD100722,2026-02-28 00:00:00,CUST1161,Amit Joshi,Mumbai,Maharashtra,Beverages,Coffee,P&G,4,120,8,110.4,441.6,312.64,128.96,Net Banking,Amit,Completed
ORD100723,2025-08-18 00:00:00,CUST1041,Rohan Jain,Jabalpur,Madhya Pradesh,Home Care,Toilet Cleaner,ITC,2,50,5,47.5,95,81.16,13.84,UPI,Sneha,Completed
ORD100724,2026-01-18 00:00:00,CUST1025,Neha Singh,Vadodara,Gujarat,Grocery,Basmati Rice,Patanjali,5,50,8,46,230,180.65,49.35,Debit Card,Neha,Completed
ORD100725,2025-12-10 00:00:00,CUST1180,Vikas Khan,Nashik,Maharashtra,Grocery,Sugar,ITC,7,40,12,35.2,246.4,200.48,45.92,Net Banking,Amit,Completed
ORD100726,2025-06-25 00:00:00,CUST1133,Meera Jain,Khandwa,Madhya Pradesh,Beverages,Tea,HUL,6,100,15,85,0,377.76,0,UPI,Sneha,Cancelled
ORD100727,2026-03-09 00:00:00,CUST1252,Meera Mehta,Vadodara,Gujarat,Baby Care,Baby Soap,ITC,2,250,12,220,440,374.14,65.86,Debit Card,Vikas,Completed
ORD100728,2025-11-07 00:00:00,CUST1271,Aarav Singh,Nagpur,Maharashtra,Grocery,Toor Dal,Nestle,7,100,12,88,616,427.07,188.93,Cash,Pooja,Completed
ORD100729,2025-10-25 00:00:00,CUST1074,Ananya Verma,Khandwa,Madhya Pradesh,Beverages,Green Tea,Parle,5,120,8,110.4,552,404.35,147.65,Net Banking,Neha,Completed
ORD100730,2026-03-07 00:00:00,CUST1109,Aarav Khan,Pune,Maharashtra,Grocery,Toor Dal,HUL,5,60,15,51,255,205.25,49.75,Cash,Neha,Completed
ORD100731,2025-04-20 00:00:00,CUST1069,Amit Sharma,Bhopal,Madhya Pradesh,Beverages,Soft Drink,Patanjali,1,40,12,35.2,35.2,26.33,8.87,UPI,Sneha,Completed
ORD100732,2025-08-16 00:00:00,CUST1051,Aditya Verma,Pune,Maharashtra,Grocery,Basmati Rice,Parle,3,100,0,100,300,239.91,60.09,Cash,Pooja,Completed
ORD100733,2025-10-16 00:00:00,CUST1178,Arjun Jain,Bhopal,Madhya Pradesh,Home Care,Dishwash,Dabur,4,150,12,132,528,397.92,130.08,UPI,Rohan,Completed
ORD100734,2025-12-20 00:00:00,CUST1149,Rohan Patel,Vadodara,Gujarat,Snacks,Namkeen,Parle,1,100,10,90,0,72.61,0,UPI,Pooja,Returned
ORD100735,2025-05-24 00:00:00,CUST1168,Amit Sharma,Vadodara,Gujarat,Personal Care,Hair Oil,ITC,2,40,2,39.2,78.4,58.14,20.26,UPI,Sneha,Completed
ORD100736,2025-07-17 00:00:00,CUST1265,Meera Patel,Vadodara,Gujarat,Home Care,Glass Cleaner,P&G,7,500,15,425,2975,2513.7,461.3,UPI,Vikas,Completed
ORD100737,2025-11-13 00:00:00,CUST1193,Meera Jain,Nashik,Maharashtra,Home Care,Floor Cleaner,Britannia,7,30,0,30,210,172.41,37.59,Debit Card,Amit,Completed
ORD100738,2025-07-20 00:00:00,CUST1116,Kavya Mehta,Nagpur,Maharashtra,Beverages,Fruit Juice,Tata,4,40,10,36,144,111.96,32.04,Cash,Sneha,Completed
ORD100739,2026-03-31 00:00:00,CUST1065,Rohan Joshi,Mumbai,Maharashtra,Baby Care,Diapers,HUL,7,250,15,212.5,1487.5,1051.82,435.68,UPI,Pooja,Completed
ORD100740,2025-05-25 00:00:00,CUST1108,Meera Patel,Jaipur,Rajasthan,Beverages,Fruit Juice,Patanjali,3,150,12,132,396,301.14,94.86,UPI,Sneha,Completed
ORD100741,2026-02-02 00:00:00,CUST1138,Sneha Sharma,Ahmedabad,Gujarat,Grocery,Toor Dal,P&G,7,60,0,60,420,306.18,113.82,Credit Card,Neha,Completed
ORD100742,2025-07-04 00:00:00,CUST1229,Pooja Patel,Surat,Gujarat,Personal Care,Toothpaste,Tata,2,40,10,36,72,59.52,12.48,UPI,Amit,Completed
ORD100743,2025-11-03 00:00:00,CUST1124,Rahul Patel,Bhopal,Madhya Pradesh,Personal Care,Toothpaste,Patanjali,4,500,5,475,1900,1541.32,358.68,Net Banking,Neha,Completed
ORD100744,2026-03-31 00:00:00,CUST1135,Sneha Joshi,Kota,Rajasthan,Grocery,Sugar,HUL,5,250,0,250,1250,983.75,266.25,Cash,Sneha,Completed
ORD100745,2026-03-27 00:00:00,CUST1118,Priya Sharma,Ujjain,Madhya Pradesh,Beverages,Fruit Juice,Tata,2,50,10,45,90,61.3,28.7,Debit Card,Amit,Completed
ORD100746,2025-09-27 00:00:00,CUST1010,Kavya Mehta,Surat,Gujarat,Snacks,Dry Fruits,Nestle,5,30,0,30,150,126.95,23.05,Credit Card,Rohan,Completed
ORD100747,2025-08-09 00:00:00,CUST1110,Vivaan Verma,Vadodara,Gujarat,Beverages,Fruit Juice,Patanjali,2,120,8,110.4,220.8,176.6,44.2,Debit Card,Rohan,Completed
ORD100748,2025-04-24 00:00:00,CUST1291,Aditya Singh,Nashik,Maharashtra,Snacks,Namkeen,Nestle,1,50,5,47.5,47.5,32.52,14.98,Credit Card,Vikas,Completed
ORD100749,2025-12-24 00:00:00,CUST1011,Rohan Mehta,Nashik,Maharashtra,Home Care,Toilet Cleaner,Patanjali,5,150,8,138,0,593.3,0,Cash,Rohan,Cancelled
ORD100750,2025-09-02 00:00:00,CUST1277,Kavya Patel,Khandwa,Madhya Pradesh,Home Care,Floor Cleaner,P&G,3,150,12,132,396,318.78,77.22,Debit Card,Rohan,Completed
ORD100751,2025-07-20 00:00:00,CUST1124,Pooja Verma,Mumbai,Maharashtra,Snacks,Namkeen,Tata,5,200,5,190,950,654.05,295.95,Debit Card,Sneha,Completed
ORD100752,2025-08-06 00:00:00,CUST1211,Ananya Joshi,Indore,Madhya Pradesh,Baby Care,Diapers,Britannia,5,300,5,285,1425,1063.3,361.7,Net Banking,Neha,Completed
ORD100753,2026-02-20 00:00:00,CUST1038,Rahul Mehta,Bhopal,Madhya Pradesh,Snacks,Dry Fruits,P&G,1,60,8,55.2,55.2,44.65,10.55,Net Banking,Amit,Completed
ORD100754,2026-01-02 00:00:00,CUST1069,Pooja Singh,Vadodara,Gujarat,Beverages,Green Tea,P&G,2,60,2,58.8,117.6,92.02,25.58,Credit Card,Pooja,Completed
ORD100755,2025-07-16 00:00:00,CUST1068,Rahul Singh,Khandwa,Madhya Pradesh,Grocery,Toor Dal,P&G,5,250,2,245,1225,1012.3,212.7,Debit Card,Amit,Completed
ORD100756,2025-06-30 00:00:00,CUST1272,Vivaan Joshi,Mumbai,Maharashtra,Snacks,Chips,P&G,7,30,5,28.5,199.5,149.87,49.63,UPI,Rohan,Completed
ORD100757,2025-11-15 00:00:00,CUST1221,Kavya Joshi,Jabalpur,Madhya Pradesh,Home Care,Floor Cleaner,Parle,7,30,5,28.5,199.5,156.8,42.7,UPI,Sneha,Completed
ORD100758,2025-07-09 00:00:00,CUST1129,Neha Joshi,Mumbai,Maharashtra,Snacks,Chips,Nestle,1,150,5,142.5,0,98.56,0,UPI,Rohan,Returned
ORD100759,2025-12-06 00:00:00,CUST1298,Ananya Agrawal,Bhopal,Madhya Pradesh,Grocery,Wheat Flour,Tata,2,200,8,184,368,293.36,74.64,Credit Card,Sneha,Completed
ORD100760,2026-02-27 00:00:00,CUST1204,Vikas Jain,Surat,Gujarat,Personal Care,Shampoo,Tata,2,500,15,425,850,610.6,239.4,UPI,Rohan,Completed
ORD100761,2025-06-10 00:00:00,CUST1007,Vikas Verma,Nashik,Maharashtra,Snacks,Cookies,Patanjali,3,300,0,300,900,716.04,183.96,Debit Card,Neha,Completed
ORD100762,2025-04-04 00:00:00,CUST1088,Amit Verma,Nagpur,Maharashtra,Baby Care,Baby Soap,Britannia,1,300,12,264,264,194.64,69.36,Debit Card,Rohan,Completed
ORD100763,2026-03-11 00:00:00,CUST1020,Aarav Sharma,Surat,Gujarat,Grocery,Wheat Flour,Patanjali,6,30,10,27,162,111.9,50.1,Cash,Vikas,Completed
ORD100764,2025-05-02 00:00:00,CUST1269,Sneha Mehta,Jaipur,Rajasthan,Home Care,Floor Cleaner,Parle,6,120,10,108,648,468.24,179.76,Credit Card,Rohan,Completed
ORD100765,2025-05-24 00:00:00,CUST1209,Pooja Singh,Mumbai,Maharashtra,Personal Care,Toothpaste,Dabur,5,40,8,36.8,184,132.05,51.95,Debit Card,Pooja,Completed
ORD100766,2025-09-01 00:00:00,CUST1242,Rahul Gupta,Jabalpur,Madhya Pradesh,Baby Care,Baby Shampoo,Britannia,6,60,10,54,0,223.2,0,Credit Card,Sneha,Returned
ORD100767,2025-11-20 00:00:00,CUST1036,Aarav Gupta,Burhanpur,Madhya Pradesh,Beverages,Soft Drink,Nestle,7,80,5,76,532,432.32,99.68,UPI,Pooja,Completed
ORD100768,2025-11-16 00:00:00,CUST1107,Rahul Agrawal,Jabalpur,Madhya Pradesh,Home Care,Glass Cleaner,ITC,5,120,12,105.6,528,435.6,92.4,Net Banking,Amit,Completed
ORD100769,2025-10-16 00:00:00,CUST1016,Rahul Khan,Nashik,Maharashtra,Home Care,Toilet Cleaner,Nestle,5,50,12,44,220,177.05,42.95,UPI,Pooja,Completed
ORD100770,2025-09-15 00:00:00,CUST1251,Vivaan Singh,Ujjain,Madhya Pradesh,Snacks,Cookies,Tata,1,120,12,105.6,0,80.84,0,UPI,Pooja,Returned
ORD100771,2025-05-18 00:00:00,CUST1255,Vivaan Sharma,Nashik,Maharashtra,Baby Care,Baby Shampoo,Patanjali,6,50,10,45,0,186.9,0,UPI,Rohan,Returned
ORD100772,2025-06-30 00:00:00,CUST1053,Priya Patel,Ujjain,Madhya Pradesh,Personal Care,Face Wash,Parle,6,60,2,58.8,0,274.5,0,Net Banking,Amit,Returned
ORD100773,2025-12-21 00:00:00,CUST1067,Pooja Verma,Vadodara,Gujarat,Baby Care,Diapers,HUL,3,30,5,28.5,85.5,68.46,17.04,UPI,Pooja,Completed
ORD100774,2025-05-17 00:00:00,CUST1065,Aditya Patel,Nashik,Maharashtra,Beverages,Soft Drink,Britannia,7,100,2,98,0,531.02,0,UPI,Sneha,Returned
ORD100775,2025-10-29 00:00:00,CUST1008,Aarav Joshi,Nagpur,Maharashtra,Grocery,Wheat Flour,ITC,6,250,10,225,0,1130.28,0,Debit Card,Rohan,Cancelled
ORD100776,2025-12-14 00:00:00,CUST1065,Meera Singh,Indore,Madhya Pradesh,Personal Care,Shampoo,ITC,1,300,15,255,255,193.91,61.09,UPI,Neha,Completed
ORD100777,2026-02-08 00:00:00,CUST1060,Vikas Singh,Jabalpur,Madhya Pradesh,Personal Care,Soap,Tata,6,50,0,50,300,204.84,95.16,UPI,Vikas,Completed
ORD100778,2025-07-16 00:00:00,CUST1141,Kavya Mehta,Mumbai,Maharashtra,Baby Care,Baby Shampoo,Patanjali,6,120,12,105.6,633.6,546.78,86.82,UPI,Vikas,Completed
ORD100779,2025-05-15 00:00:00,CUST1245,Kavya Agrawal,Ujjain,Madhya Pradesh,Grocery,Toor Dal,Dabur,4,50,8,46,184,132.68,51.32,Cash,Amit,Completed
ORD100780,2025-07-30 00:00:00,CUST1013,Rahul Verma,Jaipur,Rajasthan,Baby Care,Baby Shampoo,Nestle,7,500,10,450,3150,2317.63,832.37,UPI,Rohan,Completed
ORD100781,2025-06-05 00:00:00,CUST1045,Amit Jain,Nashik,Maharashtra,Grocery,Cooking Oil,ITC,5,150,5,142.5,712.5,604.7,107.8,Cash,Rohan,Completed
ORD100782,2025-10-11 00:00:00,CUST1149,Amit Khan,Kota,Rajasthan,Home Care,Floor Cleaner,HUL,1,150,2,147,147,102.71,44.29,Credit Card,Vikas,Completed
ORD100783,2025-11-20 00:00:00,CUST1252,Amit Jain,Nagpur,Maharashtra,Snacks,Biscuits,P&G,4,250,15,212.5,850,666.32,183.68,Net Banking,Sneha,Completed
ORD100784,2025-05-14 00:00:00,CUST1091,Aarav Singh,Nashik,Maharashtra,Beverages,Fruit Juice,HUL,1,150,12,132,132,92.88,39.12,Credit Card,Rohan,Completed
ORD100785,2025-06-10 00:00:00,CUST1050,Meera Agrawal,Pune,Maharashtra,Snacks,Chips,Parle,5,60,2,58.8,294,255.65,38.35,Debit Card,Pooja,Completed
ORD100786,2025-06-29 00:00:00,CUST1241,Aditya Verma,Khandwa,Madhya Pradesh,Beverages,Soft Drink,HUL,2,250,2,245,490,373.64,116.36,UPI,Neha,Completed
ORD100787,2025-07-25 00:00:00,CUST1052,Vikas Singh,Vadodara,Gujarat,Home Care,Detergent,P&G,4,60,5,57,228,179.28,48.72,Net Banking,Pooja,Completed
ORD100788,2025-09-25 00:00:00,CUST1006,Rahul Verma,Nashik,Maharashtra,Snacks,Namkeen,Parle,1,30,12,26.4,26.4,20.18,6.22,UPI,Pooja,Completed
ORD100789,2026-02-07 00:00:00,CUST1026,Rohan Gupta,Mumbai,Maharashtra,Baby Care,Baby Soap,Dabur,5,150,12,132,660,470.3,189.7,Cash,Rohan,Completed
ORD100790,2025-12-11 00:00:00,CUST1072,Rohan Gupta,Vadodara,Gujarat,Snacks,Chips,Dabur,7,300,10,270,1890,1520.33,369.67,UPI,Amit,Completed
ORD100791,2025-07-31 00:00:00,CUST1044,Aditya Gupta,Surat,Gujarat,Personal Care,Hair Oil,Nestle,7,500,10,450,3150,2549.89,600.11,Net Banking,Rohan,Completed
ORD100792,2025-05-11 00:00:00,CUST1267,Vikas Agrawal,Indore,Madhya Pradesh,Grocery,Basmati Rice,Nestle,5,200,5,190,0,673.9,0,Cash,Vikas,Returned
ORD100793,2025-10-27 00:00:00,CUST1296,Sneha Agrawal,Udaipur,Rajasthan,Personal Care,Face Wash,Dabur,1,80,5,76,76,62.04,13.96,Cash,Pooja,Completed
ORD100794,2025-07-14 00:00:00,CUST1027,Vikas Sharma,Nagpur,Maharashtra,Snacks,Cookies,Nestle,2,60,10,54,108,74.56,33.44,Cash,Amit,Completed
ORD100795,2025-09-11 00:00:00,CUST1201,Sneha Khan,Vadodara,Gujarat,Snacks,Biscuits,ITC,6,500,0,500,3000,2600.4,399.6,Cash,Sneha,Completed
ORD100796,2025-08-20 00:00:00,CUST1210,Vikas Jain,Indore,Madhya Pradesh,Personal Care,Soap,Britannia,7,250,10,225,1575,1381.73,193.27,Net Banking,Pooja,Completed
ORD100797,2025-09-04 00:00:00,CUST1116,Aditya Patel,Bhopal,Madhya Pradesh,Beverages,Coffee,ITC,7,250,10,225,1575,1284.71,290.29,UPI,Amit,Completed
ORD100798,2025-06-25 00:00:00,CUST1032,Aditya Jain,Vadodara,Gujarat,Beverages,Tea,Tata,2,100,10,90,180,124.2,55.8,UPI,Neha,Completed
ORD100799,2026-03-08 00:00:00,CUST1154,Rahul Agrawal,Ahmedabad,Gujarat,Snacks,Biscuits,Nestle,7,50,0,50,350,273.28,76.72,Credit Card,Sneha,Completed
ORD100800,2025-07-12 00:00:00,CUST1037,Sneha Joshi,Kota,Rajasthan,Snacks,Dry Fruits,Tata,1,30,0,30,0,24.39,0,Cash,Vikas,Returned
ORD100801,2025-11-01 00:00:00,CUST1281,Kavya Jain,Burhanpur,Madhya Pradesh,Beverages,Coffee,Dabur,1,50,12,44,44,31.77,12.23,Credit Card,Neha,Completed
ORD100802,2025-06-26 00:00:00,CUST1061,Kavya Khan,Mumbai,Maharashtra,Personal Care,Hair Oil,P&G,3,250,15,212.5,637.5,536.01,101.49,Credit Card,Pooja,Completed
ORD100803,2025-09-22 00:00:00,CUST1076,Rahul Jain,Ahmedabad,Gujarat,Personal Care,Hair Oil,Nestle,2,500,0,500,1000,688.32,311.68,Net Banking,Sneha,Completed
ORD100804,2025-10-03 00:00:00,CUST1078,Rohan Sharma,Jaipur,Rajasthan,Baby Care,Diapers,ITC,7,30,12,26.4,184.8,153.51,31.29,UPI,Neha,Completed
ORD100805,2026-03-20 00:00:00,CUST1111,Aarav Mehta,Ujjain,Madhya Pradesh,Snacks,Biscuits,P&G,1,200,2,196,196,142.46,53.54,Credit Card,Pooja,Completed
ORD100806,2025-11-26 00:00:00,CUST1045,Sneha Sharma,Ahmedabad,Gujarat,Personal Care,Toothpaste,Britannia,7,250,12,220,1540,1238.16,301.84,Cash,Pooja,Completed
ORD100807,2025-09-26 00:00:00,CUST1047,Priya Gupta,Khandwa,Madhya Pradesh,Snacks,Cookies,Parle,2,500,2,490,980,752.66,227.34,Credit Card,Pooja,Completed
ORD100808,2026-02-24 00:00:00,CUST1066,Vikas Singh,Bhopal,Madhya Pradesh,Snacks,Dry Fruits,Nestle,4,50,10,45,180,150.72,29.28,UPI,Vikas,Completed
ORD100809,2025-11-17 00:00:00,CUST1105,Rahul Agrawal,Surat,Gujarat,Personal Care,Hair Oil,Tata,2,300,2,294,0,514.62,0,Cash,Rohan,Returned
ORD100810,2025-09-23 00:00:00,CUST1163,Meera Agrawal,Nashik,Maharashtra,Home Care,Toilet Cleaner,P&G,4,120,8,110.4,0,339.04,0,UPI,Sneha,Returned
ORD100811,2026-03-26 00:00:00,CUST1295,Amit Gupta,Udaipur,Rajasthan,Snacks,Cookies,Patanjali,1,150,0,150,150,130.4,19.6,Cash,Sneha,Completed
ORD100812,2025-04-22 00:00:00,CUST1132,Aarav Khan,Surat,Gujarat,Baby Care,Baby Lotion,Parle,1,50,8,46,46,31.78,14.22,UPI,Neha,Completed
ORD100813,2026-02-22 00:00:00,CUST1290,Ananya Mehta,Pune,Maharashtra,Baby Care,Baby Soap,Tata,6,250,2,245,0,1219.86,0,UPI,Pooja,Returned
ORD100814,2025-06-22 00:00:00,CUST1107,Rahul Sharma,Vadodara,Gujarat,Grocery,Toor Dal,Patanjali,3,40,10,36,0,93.66,0,Debit Card,Vikas,Returned
ORD100815,2025-10-17 00:00:00,CUST1039,Kavya Verma,Ujjain,Madhya Pradesh,Grocery,Sugar,Patanjali,3,250,15,212.5,637.5,530.91,106.59,Net Banking,Vikas,Completed
ORD100816,2026-03-11 00:00:00,CUST1146,Kavya Agrawal,Nagpur,Maharashtra,Snacks,Cookies,P&G,4,40,2,39.2,156.8,120.68,36.12,UPI,Rohan,Completed
ORD100817,2026-02-04 00:00:00,CUST1006,Sneha Gupta,Ujjain,Madhya Pradesh,Baby Care,Diapers,ITC,2,50,15,42.5,0,71.72,0,Net Banking,Pooja,Returned
ORD100818,2025-08-20 00:00:00,CUST1182,Sneha Singh,Pune,Maharashtra,Home Care,Dishwash,Dabur,2,200,8,184,368,298.5,69.5,Debit Card,Neha,Completed
ORD100819,2025-05-19 00:00:00,CUST1210,Arjun Agrawal,Jabalpur,Madhya Pradesh,Grocery,Sugar,Nestle,3,60,0,60,180,137.4,42.6,UPI,Vikas,Completed
ORD100820,2026-01-14 00:00:00,CUST1046,Aarav Verma,Nashik,Maharashtra,Baby Care,Diapers,Parle,7,60,15,51,357,279.3,77.7,UPI,Rohan,Completed
ORD100821,2026-01-20 00:00:00,CUST1239,Pooja Khan,Nashik,Maharashtra,Grocery,Wheat Flour,Parle,3,80,8,73.6,220.8,151.05,69.75,Credit Card,Sneha,Completed
ORD100822,2026-03-10 00:00:00,CUST1084,Sneha Khan,Mumbai,Maharashtra,Personal Care,Face Wash,Britannia,4,200,8,184,736,572.08,163.92,Cash,Neha,Completed
ORD100823,2025-10-13 00:00:00,CUST1277,Vivaan Agrawal,Ujjain,Madhya Pradesh,Beverages,Soft Drink,ITC,6,500,2,490,0,2304.54,0,UPI,Sneha,Cancelled
ORD100824,2025-08-18 00:00:00,CUST1083,Rohan Khan,Mumbai,Maharashtra,Beverages,Soft Drink,Parle,3,30,0,30,90,76.2,13.8,Cash,Pooja,Completed
ORD100825,2025-04-15 00:00:00,CUST1178,Amit Jain,Nashik,Maharashtra,Baby Care,Baby Lotion,Dabur,3,200,0,200,600,465.06,134.94,UPI,Sneha,Completed
ORD100826,2025-05-06 00:00:00,CUST1095,Neha Mehta,Surat,Gujarat,Personal Care,Toothpaste,Patanjali,7,100,15,85,595,463.47,131.53,Cash,Vikas,Completed
ORD100827,2025-04-23 00:00:00,CUST1115,Vivaan Verma,Khandwa,Madhya Pradesh,Personal Care,Toothpaste,Tata,3,60,10,54,162,142.11,19.89,UPI,Pooja,Completed
ORD100828,2025-05-19 00:00:00,CUST1072,Amit Patel,Jaipur,Rajasthan,Beverages,Tea,P&G,3,120,15,102,306,209.82,96.18,Net Banking,Sneha,Completed
ORD100829,2025-09-20 00:00:00,CUST1264,Rohan Joshi,Vadodara,Gujarat,Snacks,Dry Fruits,ITC,1,40,15,34,34,27.74,6.26,UPI,Amit,Completed
ORD100830,2025-11-13 00:00:00,CUST1083,Pooja Patel,Vadodara,Gujarat,Snacks,Biscuits,ITC,4,80,10,72,288,229.76,58.24,UPI,Amit,Completed
ORD100831,2025-09-02 00:00:00,CUST1013,Neha Patel,Khandwa,Madhya Pradesh,Personal Care,Hair Oil,ITC,3,100,0,100,300,262.02,37.98,Debit Card,Amit,Completed
ORD100832,2025-11-21 00:00:00,CUST1081,Arjun Agrawal,Kota,Rajasthan,Personal Care,Toothpaste,Nestle,2,120,12,105.6,0,164.8,0,UPI,Vikas,Cancelled
ORD100833,2026-01-23 00:00:00,CUST1133,Neha Jain,Kota,Rajasthan,Beverages,Fruit Juice,Tata,1,250,2,245,245,184.26,60.74,UPI,Amit,Completed
ORD100834,2026-02-22 00:00:00,CUST1262,Amit Gupta,Ahmedabad,Gujarat,Baby Care,Diapers,Britannia,1,250,8,230,0,187.09,0,UPI,Sneha,Returned
ORD100835,2025-11-06 00:00:00,CUST1102,Amit Khan,Jabalpur,Madhya Pradesh,Home Care,Glass Cleaner,Parle,2,80,5,76,152,127.14,24.86,UPI,Sneha,Completed
ORD100836,2025-06-21 00:00:00,CUST1009,Aarav Joshi,Kota,Rajasthan,Snacks,Biscuits,Dabur,3,500,15,425,1275,1098.6,176.4,Cash,Vikas,Completed
ORD100837,2025-06-17 00:00:00,CUST1122,Kavya Agrawal,Surat,Gujarat,Personal Care,Toothpaste,Tata,7,30,15,25.5,178.5,136.5,42,Cash,Amit,Completed
ORD100838,2025-05-20 00:00:00,CUST1014,Rohan Gupta,Khandwa,Madhya Pradesh,Snacks,Namkeen,P&G,6,40,5,38,228,162.6,65.4,UPI,Sneha,Completed
ORD100839,2025-06-05 00:00:00,CUST1068,Aarav Agrawal,Jabalpur,Madhya Pradesh,Grocery,Basmati Rice,ITC,1,40,12,35.2,35.2,30.47,4.73,UPI,Sneha,Completed
ORD100840,2025-07-29 00:00:00,CUST1231,Aditya Khan,Ahmedabad,Gujarat,Home Care,Glass Cleaner,Parle,6,250,12,220,1320,939,381,UPI,Sneha,Completed
ORD100841,2025-12-27 00:00:00,CUST1108,Aditya Verma,Nagpur,Maharashtra,Beverages,Green Tea,Parle,4,80,8,73.6,294.4,257.36,37.04,Cash,Vikas,Completed
ORD100842,2025-08-04 00:00:00,CUST1213,Kavya Agrawal,Burhanpur,Madhya Pradesh,Beverages,Coffee,Patanjali,3,250,12,220,0,562.59,0,Net Banking,Amit,Cancelled
ORD100843,2025-11-10 00:00:00,CUST1225,Rohan Mehta,Ahmedabad,Gujarat,Beverages,Green Tea,Dabur,2,50,0,50,100,76,24,Cash,Rohan,Completed
ORD100844,2025-07-18 00:00:00,CUST1193,Arjun Gupta,Pune,Maharashtra,Personal Care,Toothpaste,Parle,3,40,15,34,102,87,15,Net Banking,Pooja,Completed
ORD100845,2026-02-03 00:00:00,CUST1254,Rohan Gupta,Mumbai,Maharashtra,Personal Care,Toothpaste,Parle,3,120,12,105.6,316.8,245.82,70.98,Debit Card,Neha,Completed
ORD100846,2025-04-26 00:00:00,CUST1292,Amit Jain,Mumbai,Maharashtra,Beverages,Fruit Juice,Nestle,6,300,10,270,1620,1395.78,224.22,Debit Card,Sneha,Completed
ORD100847,2025-06-26 00:00:00,CUST1109,Amit Mehta,Kota,Rajasthan,Home Care,Detergent,Nestle,6,200,15,170,1020,896.34,123.66,UPI,Neha,Completed
ORD100848,2025-06-12 00:00:00,CUST1167,Vikas Singh,Nagpur,Maharashtra,Baby Care,Baby Soap,Parle,1,200,15,170,170,132.77,37.23,Debit Card,Amit,Completed
ORD100849,2025-06-20 00:00:00,CUST1156,Aditya Gupta,Burhanpur,Madhya Pradesh,Personal Care,Shampoo,P&G,1,50,12,44,44,36.2,7.8,Debit Card,Amit,Completed
ORD100850,2025-04-13 00:00:00,CUST1154,Vivaan Jain,Ahmedabad,Gujarat,Home Care,Glass Cleaner,Patanjali,3,150,2,147,441,373.62,67.38,Cash,Amit,Completed
ORD100851,2025-11-29 00:00:00,CUST1057,Neha Agrawal,Ujjain,Madhya Pradesh,Home Care,Detergent,Dabur,5,100,15,85,425,292,133,Cash,Amit,Completed
ORD100852,2025-06-12 00:00:00,CUST1167,Aarav Sharma,Nagpur,Maharashtra,Baby Care,Baby Soap,P&G,7,120,0,120,840,664.65,175.35,UPI,Amit,Completed
ORD100853,2026-02-14 00:00:00,CUST1030,Vivaan Verma,Mumbai,Maharashtra,Snacks,Namkeen,P&G,7,100,5,95,665,568.4,96.6,UPI,Pooja,Completed
ORD100854,2025-04-21 00:00:00,CUST1145,Neha Verma,Vadodara,Gujarat,Snacks,Dry Fruits,Parle,7,40,8,36.8,257.6,190.75,66.85,Net Banking,Vikas,Completed
ORD100855,2025-04-23 00:00:00,CUST1246,Aditya Agrawal,Surat,Gujarat,Beverages,Tea,ITC,1,30,2,29.4,0,22.4,0,UPI,Pooja,Returned
ORD100856,2026-03-14 00:00:00,CUST1223,Vivaan Gupta,Pune,Maharashtra,Home Care,Detergent,Britannia,4,500,15,425,0,1191.64,0,Cash,Neha,Cancelled
ORD100857,2025-12-28 00:00:00,CUST1032,Vivaan Jain,Kota,Rajasthan,Snacks,Biscuits,Nestle,4,200,15,170,0,521.44,0,Credit Card,Sneha,Cancelled
ORD100858,2025-06-10 00:00:00,CUST1008,Neha Patel,Khandwa,Madhya Pradesh,Snacks,Chips,P&G,4,500,12,440,1760,1486.76,273.24,UPI,Vikas,Completed
ORD100859,2025-09-26 00:00:00,CUST1186,Neha Mehta,Mumbai,Maharashtra,Grocery,Toor Dal,Parle,3,500,15,425,1275,902.58,372.42,Net Banking,Rohan,Completed
ORD100860,2025-10-10 00:00:00,CUST1050,Meera Patel,Jabalpur,Madhya Pradesh,Beverages,Green Tea,Dabur,2,60,10,54,0,77.98,0,UPI,Sneha,Returned
ORD100861,2025-04-28 00:00:00,CUST1036,Arjun Patel,Jabalpur,Madhya Pradesh,Snacks,Chips,Nestle,5,80,5,76,380,319.3,60.7,Cash,Pooja,Completed
ORD100862,2025-09-21 00:00:00,CUST1256,Meera Joshi,Bhopal,Madhya Pradesh,Beverages,Coffee,Patanjali,6,100,12,88,528,381.06,146.94,UPI,Neha,Completed
ORD100863,2025-11-07 00:00:00,CUST1001,Vikas Mehta,Mumbai,Maharashtra,Grocery,Basmati Rice,Parle,3,200,8,184,552,404.67,147.33,Net Banking,Pooja,Completed
ORD100864,2025-08-01 00:00:00,CUST1074,Meera Mehta,Jabalpur,Madhya Pradesh,Grocery,Sugar,HUL,1,40,5,38,0,31,0,UPI,Vikas,Returned
ORD100865,2025-12-01 00:00:00,CUST1206,Vivaan Mehta,Mumbai,Maharashtra,Beverages,Coffee,P&G,2,250,12,220,440,340.6,99.4,Debit Card,Neha,Completed
ORD100866,2025-07-01 00:00:00,CUST1084,Kavya Agrawal,Indore,Madhya Pradesh,Baby Care,Baby Lotion,P&G,5,30,8,27.6,138,100,38,Net Banking,Sneha,Completed
ORD100867,2025-11-02 00:00:00,CUST1256,Kavya Singh,Pune,Maharashtra,Snacks,Biscuits,Patanjali,6,40,12,35.2,211.2,153.18,58.02,Cash,Neha,Completed
ORD100868,2025-05-06 00:00:00,CUST1178,Aditya Sharma,Kota,Rajasthan,Snacks,Dry Fruits,P&G,4,500,15,425,1700,1403.32,296.68,UPI,Sneha,Completed
ORD100869,2025-11-16 00:00:00,CUST1178,Neha Jain,Ujjain,Madhya Pradesh,Home Care,Floor Cleaner,HUL,1,150,2,147,147,116.28,30.72,UPI,Sneha,Completed
ORD100870,2025-05-10 00:00:00,CUST1193,Meera Sharma,Khandwa,Madhya Pradesh,Beverages,Coffee,Patanjali,2,60,2,58.8,0,86.26,0,UPI,Amit,Cancelled
ORD100871,2025-05-22 00:00:00,CUST1017,Rahul Gupta,Bhopal,Madhya Pradesh,Beverages,Fruit Juice,Dabur,1,200,5,190,190,147.52,42.48,Cash,Vikas,Completed
ORD100872,2025-10-19 00:00:00,CUST1244,Pooja Sharma,Vadodara,Gujarat,Beverages,Green Tea,Britannia,1,80,0,80,80,58.58,21.42,Debit Card,Neha,Completed
ORD100873,2025-09-24 00:00:00,CUST1147,Kavya Agrawal,Jabalpur,Madhya Pradesh,Home Care,Glass Cleaner,Tata,1,150,10,135,135,102.81,32.19,UPI,Vikas,Completed
ORD100874,2025-09-23 00:00:00,CUST1262,Meera Gupta,Nashik,Maharashtra,Personal Care,Soap,Nestle,6,80,10,72,0,293.94,0,Credit Card,Neha,Cancelled
ORD100875,2025-06-12 00:00:00,CUST1084,Ananya Joshi,Nashik,Maharashtra,Snacks,Chips,Nestle,3,300,0,300,900,732.48,167.52,Net Banking,Vikas,Completed
ORD100876,2026-02-10 00:00:00,CUST1261,Aarav Singh,Ahmedabad,Gujarat,Snacks,Chips,Patanjali,5,250,0,250,1250,1017.85,232.15,UPI,Sneha,Completed
ORD100877,2026-01-06 00:00:00,CUST1291,Aditya Singh,Pune,Maharashtra,Personal Care,Shampoo,HUL,4,100,5,95,380,303.68,76.32,UPI,Rohan,Completed
ORD100878,2025-04-20 00:00:00,CUST1122,Neha Jain,Pune,Maharashtra,Snacks,Dry Fruits,P&G,4,250,2,245,980,692.8,287.2,UPI,Pooja,Completed
ORD100879,2025-04-16 00:00:00,CUST1265,Meera Agrawal,Ujjain,Madhya Pradesh,Grocery,Toor Dal,HUL,6,80,15,68,408,307.08,100.92,Net Banking,Vikas,Completed
ORD100880,2025-08-13 00:00:00,CUST1242,Vivaan Patel,Vadodara,Gujarat,Grocery,Wheat Flour,Patanjali,3,80,12,70.4,211.2,147.72,63.48,UPI,Sneha,Completed
ORD100881,2025-09-09 00:00:00,CUST1017,Kavya Mehta,Mumbai,Maharashtra,Snacks,Dry Fruits,Tata,1,100,8,92,92,77.54,14.46,Debit Card,Neha,Completed
ORD100882,2025-08-13 00:00:00,CUST1010,Rahul Joshi,Indore,Madhya Pradesh,Personal Care,Soap,Dabur,5,150,2,147,735,509.5,225.5,UPI,Vikas,Completed
ORD100883,2025-09-19 00:00:00,CUST1051,Aditya Khan,Nashik,Maharashtra,Baby Care,Diapers,HUL,2,50,8,46,92,70.02,21.98,UPI,Neha,Completed
ORD100884,2026-03-27 00:00:00,CUST1241,Priya Patel,Vadodara,Gujarat,Snacks,Dry Fruits,Dabur,6,50,12,44,264,204.96,59.04,Cash,Amit,Completed
ORD100885,2025-07-17 00:00:00,CUST1117,Rahul Agrawal,Surat,Gujarat,Grocery,Wheat Flour,Britannia,4,60,8,55.2,220.8,177.04,43.76,Cash,Sneha,Completed
ORD100886,2025-08-20 00:00:00,CUST1271,Vivaan Patel,Ahmedabad,Gujarat,Baby Care,Baby Shampoo,HUL,4,500,2,490,1960,1356.4,603.6,Cash,Vikas,Completed
ORD100887,2025-10-12 00:00:00,CUST1008,Vikas Agrawal,Nashik,Maharashtra,Home Care,Floor Cleaner,Patanjali,6,50,5,47.5,285,208.38,76.62,Cash,Sneha,Completed
ORD100888,2025-08-08 00:00:00,CUST1195,Ananya Patel,Bhopal,Madhya Pradesh,Beverages,Soft Drink,Tata,6,200,5,190,0,995.46,0,UPI,Neha,Cancelled
ORD100889,2025-10-14 00:00:00,CUST1042,Sneha Patel,Burhanpur,Madhya Pradesh,Beverages,Green Tea,Nestle,4,500,0,500,0,1709.96,0,Net Banking,Neha,Cancelled
ORD100890,2026-03-03 00:00:00,CUST1022,Ananya Verma,Nagpur,Maharashtra,Beverages,Coffee,Dabur,6,100,15,85,510,420.42,89.58,Cash,Pooja,Completed
ORD100891,2025-08-15 00:00:00,CUST1277,Kavya Jain,Vadodara,Gujarat,Baby Care,Baby Powder,ITC,4,500,12,440,1760,1397.2,362.8,UPI,Pooja,Completed
ORD100892,2025-12-05 00:00:00,CUST1105,Amit Khan,Bhopal,Madhya Pradesh,Grocery,Basmati Rice,Tata,6,80,5,76,456,366.12,89.88,Net Banking,Vikas,Completed
ORD100893,2026-02-25 00:00:00,CUST1010,Ananya Agrawal,Jabalpur,Madhya Pradesh,Home Care,Detergent,Nestle,4,30,2,29.4,117.6,91.88,25.72,Net Banking,Rohan,Completed
ORD100894,2025-12-10 00:00:00,CUST1029,Priya Agrawal,Udaipur,Rajasthan,Beverages,Coffee,Parle,2,200,15,170,0,262.9,0,Debit Card,Pooja,Cancelled
ORD100895,2025-08-25 00:00:00,CUST1172,Meera Sharma,Udaipur,Rajasthan,Snacks,Dry Fruits,Dabur,4,30,15,25.5,102,78.92,23.08,Cash,Vikas,Completed
ORD100896,2025-09-17 00:00:00,CUST1052,Meera Khan,Mumbai,Maharashtra,Baby Care,Baby Soap,Parle,6,500,8,460,0,1914.9,0,Net Banking,Amit,Returned
ORD100897,2026-02-24 00:00:00,CUST1164,Aarav Agrawal,Ujjain,Madhya Pradesh,Grocery,Basmati Rice,Dabur,5,30,10,27,0,113.45,0,UPI,Neha,Returned
ORD100898,2025-08-31 00:00:00,CUST1053,Rahul Agrawal,Surat,Gujarat,Grocery,Sugar,Parle,5,100,15,85,425,291.85,133.15,UPI,Rohan,Completed
ORD100899,2026-03-05 00:00:00,CUST1265,Amit Verma,Nagpur,Maharashtra,Beverages,Green Tea,HUL,2,250,2,245,490,362.62,127.38,UPI,Sneha,Completed
ORD100900,2026-03-27 00:00:00,CUST1204,Pooja Verma,Nagpur,Maharashtra,Baby Care,Diapers,Tata,3,40,5,38,114,87.78,26.22,UPI,Pooja,Completed
ORD100901,2025-10-24 00:00:00,CUST1157,Aditya Verma,Nagpur,Maharashtra,Baby Care,Baby Powder,ITC,6,60,12,52.8,0,237.78,0,Cash,Neha,Returned
ORD100902,2026-02-07 00:00:00,CUST1109,Rahul Khan,Surat,Gujarat,Personal Care,Face Wash,ITC,3,80,8,73.6,0,175.29,0,Debit Card,Pooja,Cancelled
ORD100903,2025-06-04 00:00:00,CUST1290,Vikas Verma,Mumbai,Maharashtra,Home Care,Glass Cleaner,Tata,6,200,0,200,1200,1032.54,167.46,Net Banking,Sneha,Completed
ORD100904,2025-04-30 00:00:00,CUST1128,Sneha Joshi,Mumbai,Maharashtra,Snacks,Namkeen,P&G,2,120,2,117.6,235.2,165.66,69.54,UPI,Amit,Completed
ORD100905,2025-10-24 00:00:00,CUST1242,Pooja Gupta,Mumbai,Maharashtra,Home Care,Dishwash,Tata,4,300,8,276,1104,846.44,257.56,Debit Card,Sneha,Completed
ORD100906,2026-02-26 00:00:00,CUST1010,Sneha Jain,Vadodara,Gujarat,Baby Care,Baby Lotion,Tata,3,250,15,212.5,637.5,512.88,124.62,UPI,Vikas,Completed
ORD100907,2025-04-08 00:00:00,CUST1152,Vikas Verma,Nashik,Maharashtra,Snacks,Biscuits,HUL,7,200,8,184,1288,1080.8,207.2,Cash,Sneha,Completed
ORD100908,2025-12-01 00:00:00,CUST1203,Rahul Patel,Udaipur,Rajasthan,Grocery,Wheat Flour,ITC,5,150,0,150,750,538.3,211.7,UPI,Neha,Completed
ORD100909,2026-03-15 00:00:00,CUST1016,Rohan Joshi,Ujjain,Madhya Pradesh,Snacks,Biscuits,Parle,2,80,15,68,136,104.38,31.62,Cash,Neha,Completed
ORD100910,2025-12-29 00:00:00,CUST1189,Vivaan Jain,Ahmedabad,Gujarat,Snacks,Chips,Patanjali,1,80,2,78.4,78.4,60.05,18.35,Debit Card,Sneha,Completed
ORD100911,2025-06-30 00:00:00,CUST1177,Aarav Agrawal,Surat,Gujarat,Baby Care,Baby Shampoo,P&G,3,100,10,90,270,217.98,52.02,Credit Card,Vikas,Completed
ORD100912,2025-10-28 00:00:00,CUST1205,Pooja Singh,Ujjain,Madhya Pradesh,Home Care,Floor Cleaner,HUL,6,50,12,44,264,225.66,38.34,UPI,Vikas,Completed
ORD100913,2025-04-01 00:00:00,CUST1217,Ananya Mehta,Jabalpur,Madhya Pradesh,Baby Care,Baby Lotion,Nestle,5,30,15,25.5,0,95.1,0,UPI,Sneha,Returned
ORD100914,2025-07-10 00:00:00,CUST1030,Amit Jain,Indore,Madhya Pradesh,Home Care,Toilet Cleaner,Britannia,6,60,15,51,306,220.8,85.2,Debit Card,Rohan,Completed
ORD100915,2025-07-05 00:00:00,CUST1294,Pooja Khan,Burhanpur,Madhya Pradesh,Beverages,Fruit Juice,Britannia,6,40,12,35.2,211.2,149.82,61.38,UPI,Neha,Completed
ORD100916,2026-01-24 00:00:00,CUST1151,Pooja Mehta,Kota,Rajasthan,Personal Care,Toothpaste,Parle,3,100,10,90,270,200.76,69.24,Credit Card,Amit,Completed
ORD100917,2025-08-14 00:00:00,CUST1191,Sneha Joshi,Nashik,Maharashtra,Beverages,Green Tea,Dabur,2,50,12,44,0,60.74,0,Credit Card,Vikas,Returned
ORD100918,2025-06-20 00:00:00,CUST1104,Vivaan Sharma,Nashik,Maharashtra,Home Care,Dishwash,Dabur,3,30,8,27.6,82.8,63.84,18.96,UPI,Vikas,Completed
ORD100919,2026-01-27 00:00:00,CUST1166,Aditya Sharma,Ahmedabad,Gujarat,Grocery,Wheat Flour,Dabur,3,120,5,114,342,240.39,101.61,Cash,Vikas,Completed
ORD100920,2025-09-02 00:00:00,CUST1272,Priya Jain,Jaipur,Rajasthan,Grocery,Sugar,Dabur,2,150,2,147,0,210.4,0,Cash,Sneha,Cancelled
ORD100921,2026-02-04 00:00:00,CUST1165,Aarav Jain,Surat,Gujarat,Beverages,Fruit Juice,Patanjali,3,50,8,46,138,97.83,40.17,Cash,Rohan,Completed
ORD100922,2026-03-01 00:00:00,CUST1099,Meera Singh,Surat,Gujarat,Home Care,Floor Cleaner,Britannia,2,40,8,36.8,73.6,61.22,12.38,UPI,Amit,Completed
ORD100923,2025-09-10 00:00:00,CUST1285,Kavya Gupta,Bhopal,Madhya Pradesh,Personal Care,Shampoo,Tata,2,500,8,460,920,675.78,244.22,Net Banking,Neha,Completed
ORD100924,2025-12-10 00:00:00,CUST1159,Meera Patel,Nagpur,Maharashtra,Personal Care,Shampoo,Parle,3,250,10,225,675,506.22,168.78,Cash,Pooja,Completed
ORD100925,2025-05-10 00:00:00,CUST1121,Amit Khan,Ujjain,Madhya Pradesh,Snacks,Cookies,Britannia,7,250,5,237.5,1662.5,1220.03,442.47,UPI,Amit,Completed
ORD100926,2026-02-18 00:00:00,CUST1230,Vikas Mehta,Mumbai,Maharashtra,Snacks,Namkeen,Tata,7,200,15,170,1190,1010.38,179.62,Debit Card,Vikas,Completed
ORD100927,2025-12-18 00:00:00,CUST1285,Amit Khan,Indore,Madhya Pradesh,Home Care,Detergent,Tata,3,80,2,78.4,235.2,172.02,63.18,Cash,Pooja,Completed
ORD100928,2025-12-02 00:00:00,CUST1037,Ananya Singh,Ahmedabad,Gujarat,Snacks,Cookies,ITC,1,120,10,108,108,83.47,24.53,UPI,Neha,Completed
ORD100929,2026-02-24 00:00:00,CUST1032,Amit Agrawal,Jaipur,Rajasthan,Baby Care,Baby Powder,Britannia,1,150,5,142.5,142.5,108.11,34.39,UPI,Pooja,Completed
ORD100930,2025-09-03 00:00:00,CUST1250,Meera Sharma,Kota,Rajasthan,Beverages,Coffee,Patanjali,4,120,8,110.4,441.6,328.48,113.12,Debit Card,Vikas,Completed
ORD100931,2026-01-23 00:00:00,CUST1248,Pooja Sharma,Vadodara,Gujarat,Home Care,Floor Cleaner,ITC,3,500,10,450,1350,1140.15,209.85,Debit Card,Sneha,Completed
ORD100932,2025-11-08 00:00:00,CUST1173,Arjun Jain,Nagpur,Maharashtra,Beverages,Green Tea,Tata,3,150,15,127.5,382.5,328.11,54.39,Net Banking,Amit,Completed
ORD100933,2025-04-21 00:00:00,CUST1143,Arjun Singh,Mumbai,Maharashtra,Home Care,Floor Cleaner,Nestle,4,50,0,50,200,140.48,59.52,UPI,Neha,Completed
ORD100934,2025-11-30 00:00:00,CUST1110,Kavya Verma,Jaipur,Rajasthan,Personal Care,Face Wash,Britannia,7,300,15,255,0,1427.37,0,UPI,Pooja,Cancelled
ORD100935,2025-11-18 00:00:00,CUST1184,Vikas Sharma,Ahmedabad,Gujarat,Grocery,Wheat Flour,ITC,7,40,2,39.2,274.4,217.91,56.49,UPI,Neha,Completed
ORD100936,2025-04-24 00:00:00,CUST1216,Amit Jain,Ujjain,Madhya Pradesh,Personal Care,Hair Oil,HUL,6,250,8,230,1380,1116.54,263.46,UPI,Neha,Completed
ORD100937,2025-07-12 00:00:00,CUST1120,Amit Agrawal,Khandwa,Madhya Pradesh,Grocery,Sugar,Dabur,1,80,5,76,0,53.53,0,Credit Card,Pooja,Cancelled
ORD100938,2025-10-02 00:00:00,CUST1105,Aditya Jain,Surat,Gujarat,Grocery,Toor Dal,Dabur,7,80,8,73.6,515.2,362.95,152.25,Cash,Sneha,Completed
ORD100939,2025-10-16 00:00:00,CUST1209,Vikas Verma,Ahmedabad,Gujarat,Personal Care,Soap,Patanjali,4,120,15,102,408,349.92,58.08,UPI,Rohan,Completed
ORD100940,2025-04-30 00:00:00,CUST1090,Amit Agrawal,Kota,Rajasthan,Grocery,Toor Dal,Dabur,6,60,12,52.8,316.8,266.82,49.98,Debit Card,Rohan,Completed
ORD100941,2025-12-27 00:00:00,CUST1069,Arjun Gupta,Pune,Maharashtra,Beverages,Soft Drink,ITC,3,150,10,135,405,353.28,51.72,UPI,Neha,Completed
ORD100942,2026-01-12 00:00:00,CUST1259,Sneha Joshi,Jabalpur,Madhya Pradesh,Snacks,Biscuits,Dabur,3,60,5,57,0,138.03,0,Credit Card,Pooja,Returned
ORD100943,2025-06-26 00:00:00,CUST1040,Aarav Mehta,Ujjain,Madhya Pradesh,Baby Care,Baby Lotion,HUL,6,150,15,127.5,765,569.34,195.66,Cash,Neha,Completed
ORD100944,2025-12-04 00:00:00,CUST1198,Aarav Mehta,Ujjain,Madhya Pradesh,Personal Care,Shampoo,Patanjali,4,500,2,490,1960,1443.16,516.84,UPI,Vikas,Completed
ORD100945,2025-07-23 00:00:00,CUST1238,Pooja Patel,Ahmedabad,Gujarat,Baby Care,Baby Powder,P&G,2,120,15,102,204,160.2,43.8,Debit Card,Vikas,Completed
ORD100946,2026-02-08 00:00:00,CUST1282,Rohan Verma,Pune,Maharashtra,Grocery,Wheat Flour,Tata,1,500,8,460,0,362.34,0,Debit Card,Amit,Cancelled
ORD100947,2025-04-14 00:00:00,CUST1246,Amit Sharma,Ahmedabad,Gujarat,Baby Care,Baby Lotion,Nestle,3,30,0,30,90,77.49,12.51,UPI,Amit,Completed
ORD100948,2025-07-12 00:00:00,CUST1190,Kavya Jain,Bhopal,Madhya Pradesh,Personal Care,Face Wash,ITC,5,300,0,300,1500,1055.5,444.5,UPI,Vikas,Completed
ORD100949,2026-03-07 00:00:00,CUST1300,Aditya Sharma,Vadodara,Gujarat,Beverages,Tea,Britannia,7,50,8,46,0,230.51,0,Net Banking,Neha,Returned
ORD100950,2025-11-13 00:00:00,CUST1145,Kavya Patel,Jabalpur,Madhya Pradesh,Personal Care,Hair Oil,ITC,2,150,15,127.5,255,186.46,68.54,UPI,Amit,Completed
ORD100951,2026-02-17 00:00:00,CUST1084,Priya Gupta,Indore,Madhya Pradesh,Personal Care,Shampoo,Tata,5,80,8,73.6,368,262.35,105.65,UPI,Vikas,Completed
ORD100952,2025-12-30 00:00:00,CUST1021,Aditya Gupta,Burhanpur,Madhya Pradesh,Personal Care,Face Wash,Parle,3,40,15,34,102,73.62,28.38,UPI,Pooja,Completed
ORD100953,2026-03-03 00:00:00,CUST1021,Rohan Patel,Mumbai,Maharashtra,Snacks,Chips,HUL,1,30,12,26.4,26.4,23.15,3.25,Cash,Amit,Completed
ORD100954,2025-08-05 00:00:00,CUST1175,Rohan Patel,Nagpur,Maharashtra,Beverages,Soft Drink,Patanjali,1,120,0,120,120,93.79,26.21,UPI,Vikas,Completed
ORD100955,2026-03-03 00:00:00,CUST1143,Priya Patel,Burhanpur,Madhya Pradesh,Snacks,Chips,HUL,7,200,5,190,1330,972.79,357.21,UPI,Neha,Completed
ORD100956,2025-07-01 00:00:00,CUST1108,Neha Joshi,Khandwa,Madhya Pradesh,Snacks,Namkeen,Parle,4,120,12,105.6,0,313,0,Net Banking,Amit,Returned
ORD100957,2026-03-19 00:00:00,CUST1300,Meera Jain,Vadodara,Gujarat,Beverages,Tea,Patanjali,1,60,12,52.8,52.8,43.64,9.16,Debit Card,Vikas,Completed
ORD100958,2025-06-09 00:00:00,CUST1279,Amit Gupta,Nagpur,Maharashtra,Beverages,Soft Drink,ITC,6,50,5,47.5,285,196.74,88.26,UPI,Neha,Completed
ORD100959,2025-09-30 00:00:00,CUST1085,Pooja Joshi,Indore,Madhya Pradesh,Snacks,Cookies,ITC,5,60,12,52.8,0,210.5,0,Cash,Sneha,Cancelled
ORD100960,2025-10-14 00:00:00,CUST1046,Vivaan Mehta,Bhopal,Madhya Pradesh,Baby Care,Baby Shampoo,Dabur,6,250,15,212.5,0,1055.64,0,Cash,Neha,Cancelled
ORD100961,2025-08-06 00:00:00,CUST1288,Pooja Jain,Nashik,Maharashtra,Grocery,Cooking Oil,ITC,7,50,12,44,0,228.83,0,Net Banking,Neha,Returned
ORD100962,2025-05-02 00:00:00,CUST1141,Aarav Khan,Jabalpur,Madhya Pradesh,Beverages,Fruit Juice,Parle,6,150,0,150,900,775.92,124.08,Cash,Pooja,Completed
ORD100963,2026-01-04 00:00:00,CUST1236,Ananya Sharma,Ahmedabad,Gujarat,Personal Care,Hair Oil,ITC,3,30,10,27,81,62.67,18.33,Net Banking,Amit,Completed
ORD100964,2025-09-08 00:00:00,CUST1289,Arjun Gupta,Khandwa,Madhya Pradesh,Personal Care,Face Wash,ITC,5,60,15,51,255,179.45,75.55,UPI,Neha,Completed
ORD100965,2025-04-04 00:00:00,CUST1263,Priya Khan,Nagpur,Maharashtra,Home Care,Dishwash,Britannia,1,30,10,27,27,19.96,7.04,Debit Card,Vikas,Completed
ORD100966,2026-01-27 00:00:00,CUST1204,Pooja Joshi,Vadodara,Gujarat,Home Care,Detergent,HUL,4,60,12,52.8,211.2,153.24,57.96,Debit Card,Vikas,Completed
ORD100967,2025-06-26 00:00:00,CUST1181,Neha Gupta,Kota,Rajasthan,Personal Care,Toothpaste,Tata,7,500,15,425,2975,2524.13,450.87,Cash,Vikas,Completed
ORD100968,2026-02-19 00:00:00,CUST1090,Priya Jain,Jaipur,Rajasthan,Baby Care,Baby Shampoo,HUL,1,30,15,25.5,25.5,19.58,5.92,UPI,Sneha,Completed
ORD100969,2025-10-22 00:00:00,CUST1014,Kavya Khan,Burhanpur,Madhya Pradesh,Grocery,Toor Dal,Tata,6,60,8,55.2,331.2,279.96,51.24,Debit Card,Neha,Completed
ORD100970,2026-03-18 00:00:00,CUST1287,Vivaan Joshi,Surat,Gujarat,Baby Care,Baby Powder,Tata,2,50,8,46,92,68.62,23.38,Credit Card,Amit,Completed
ORD100971,2025-07-04 00:00:00,CUST1025,Arjun Verma,Ujjain,Madhya Pradesh,Beverages,Green Tea,P&G,1,80,2,78.4,78.4,57.17,21.23,Cash,Pooja,Completed
ORD100972,2026-01-08 00:00:00,CUST1264,Rohan Joshi,Nagpur,Maharashtra,Snacks,Cookies,Tata,1,500,10,450,450,319.62,130.38,UPI,Sneha,Completed
ORD100973,2025-07-27 00:00:00,CUST1240,Amit Khan,Ahmedabad,Gujarat,Beverages,Green Tea,Britannia,5,300,10,270,1350,1144.2,205.8,Net Banking,Neha,Completed
ORD100974,2025-11-25 00:00:00,CUST1244,Rahul Verma,Jaipur,Rajasthan,Beverages,Green Tea,Britannia,3,80,0,80,240,200.34,39.66,Cash,Amit,Completed
ORD100975,2026-01-19 00:00:00,CUST1040,Meera Patel,Bhopal,Madhya Pradesh,Personal Care,Face Wash,Patanjali,3,200,15,170,510,432.15,77.85,Debit Card,Vikas,Completed
ORD100976,2025-12-10 00:00:00,CUST1015,Rahul Singh,Udaipur,Rajasthan,Baby Care,Baby Powder,Dabur,7,300,12,264,1848,1370.95,477.05,UPI,Pooja,Completed
ORD100977,2025-05-13 00:00:00,CUST1259,Neha Jain,Vadodara,Gujarat,Personal Care,Shampoo,Tata,7,300,5,285,1995,1366.26,628.74,Cash,Neha,Completed
ORD100978,2026-01-07 00:00:00,CUST1166,Rohan Jain,Nashik,Maharashtra,Personal Care,Toothpaste,Nestle,6,120,12,105.6,633.6,533.58,100.02,UPI,Rohan,Completed
ORD100979,2026-03-04 00:00:00,CUST1115,Amit Verma,Nagpur,Maharashtra,Home Care,Detergent,Patanjali,2,300,8,276,552,419.68,132.32,UPI,Pooja,Completed
ORD100980,2025-04-24 00:00:00,CUST1258,Aditya Verma,Vadodara,Gujarat,Personal Care,Face Wash,P&G,6,250,0,250,1500,1207.68,292.32,Cash,Vikas,Completed
ORD100981,2025-10-14 00:00:00,CUST1025,Ananya Jain,Nashik,Maharashtra,Snacks,Biscuits,Parle,6,50,10,45,270,201.12,68.88,Net Banking,Neha,Completed
ORD100982,2026-01-17 00:00:00,CUST1062,Aarav Verma,Ahmedabad,Gujarat,Personal Care,Toothpaste,Dabur,1,150,2,147,147,108.83,38.17,UPI,Amit,Completed
ORD100983,2025-11-30 00:00:00,CUST1075,Rohan Joshi,Kota,Rajasthan,Beverages,Tea,Dabur,5,250,5,237.5,1187.5,908.35,279.15,UPI,Rohan,Completed
ORD100984,2025-04-10 00:00:00,CUST1066,Vikas Sharma,Bhopal,Madhya Pradesh,Home Care,Toilet Cleaner,Tata,3,80,12,70.4,211.2,169.53,41.67,Cash,Rohan,Completed
ORD100985,2025-06-21 00:00:00,CUST1058,Rahul Joshi,Khandwa,Madhya Pradesh,Personal Care,Hair Oil,Patanjali,2,50,0,50,0,80.02,0,UPI,Vikas,Returned
ORD100986,2025-12-02 00:00:00,CUST1283,Vikas Mehta,Indore,Madhya Pradesh,Grocery,Basmati Rice,Parle,1,150,10,135,135,116.73,18.27,UPI,Neha,Completed
ORD100987,2025-05-31 00:00:00,CUST1164,Pooja Singh,Bhopal,Madhya Pradesh,Baby Care,Baby Shampoo,Parle,2,30,15,25.5,51,40.26,10.74,Debit Card,Amit,Completed
ORD100988,2025-06-24 00:00:00,CUST1214,Aditya Joshi,Bhopal,Madhya Pradesh,Baby Care,Baby Lotion,HUL,2,120,15,102,204,171.76,32.24,UPI,Amit,Completed
ORD100989,2025-08-12 00:00:00,CUST1177,Rohan Sharma,Ahmedabad,Gujarat,Snacks,Biscuits,Britannia,4,200,15,170,680,585.64,94.36,Net Banking,Pooja,Completed
ORD100990,2026-03-09 00:00:00,CUST1137,Vivaan Verma,Mumbai,Maharashtra,Snacks,Dry Fruits,P&G,1,80,8,73.6,0,64.41,0,UPI,Sneha,Cancelled
ORD100991,2025-06-18 00:00:00,CUST1190,Vikas Verma,Pune,Maharashtra,Home Care,Dishwash,Dabur,2,250,0,250,500,395,105,UPI,Pooja,Completed
ORD100992,2026-02-10 00:00:00,CUST1294,Pooja Sharma,Indore,Madhya Pradesh,Grocery,Basmati Rice,Nestle,3,60,10,54,162,117.03,44.97,Debit Card,Pooja,Completed
ORD100993,2025-11-18 00:00:00,CUST1195,Aarav Sharma,Khandwa,Madhya Pradesh,Baby Care,Baby Lotion,Nestle,4,150,12,132,528,367.72,160.28,Credit Card,Vikas,Completed
ORD100994,2025-06-13 00:00:00,CUST1227,Amit Gupta,Indore,Madhya Pradesh,Baby Care,Diapers,Britannia,7,500,0,500,3500,3067.19,432.81,Credit Card,Pooja,Completed
ORD100995,2025-11-30 00:00:00,CUST1107,Rohan Khan,Bhopal,Madhya Pradesh,Personal Care,Shampoo,Patanjali,6,100,2,98,0,408.96,0,Net Banking,Amit,Returned
ORD100996,2025-10-09 00:00:00,CUST1202,Rohan Mehta,Surat,Gujarat,Home Care,Floor Cleaner,HUL,4,60,12,52.8,211.2,185.24,25.96,UPI,Sneha,Completed
ORD100997,2025-11-05 00:00:00,CUST1274,Aditya Verma,Burhanpur,Madhya Pradesh,Personal Care,Shampoo,Tata,2,250,5,237.5,475,416.28,58.72,Net Banking,Vikas,Completed
ORD100998,2025-08-14 00:00:00,CUST1278,Priya Agrawal,Kota,Rajasthan,Home Care,Toilet Cleaner,Dabur,3,60,0,60,180,137.61,42.39,UPI,Sneha,Completed
ORD100999,2025-12-20 00:00:00,CUST1002,Rohan Khan,Mumbai,Maharashtra,Snacks,Chips,Britannia,5,250,10,225,0,969.05,0,UPI,Pooja,Cancelled
ORD101000,2025-07-24 00:00:00,CUST1001,Meera Khan,Burhanpur,Madhya Pradesh,Personal Care,Hair Oil,Britannia,1,60,15,51,0,43.68,0,UPI,Rohan,Returned
ORD101001,2025-11-06 00:00:00,CUST1169,Kavya Mehta,Indore,Madhya Pradesh,Snacks,Chips,Patanjali,1,300,2,294,294,247.67,46.33,Net Banking,Rohan,Completed
ORD101002,2025-07-14 00:00:00,CUST1218,Sneha Mehta,Kota,Rajasthan,Grocery,Wheat Flour,Dabur,7,60,2,58.8,411.6,346.64,64.96,UPI,Pooja,Completed
ORD101003,2026-03-07 00:00:00,CUST1190,Arjun Verma,Khandwa,Madhya Pradesh,Personal Care,Face Wash,Nestle,1,150,5,142.5,142.5,98.33,44.17,Debit Card,Vikas,Completed
ORD101004,2025-08-07 00:00:00,CUST1028,Arjun Gupta,Udaipur,Rajasthan,Personal Care,Shampoo,Nestle,4,100,2,98,392,302.32,89.68,Debit Card,Amit,Completed
ORD101005,2025-12-26 00:00:00,CUST1290,Pooja Sharma,Surat,Gujarat,Grocery,Basmati Rice,Nestle,7,500,15,425,2975,2461.55,513.45,UPI,Amit,Completed
ORD101006,2025-09-27 00:00:00,CUST1012,Aditya Gupta,Bhopal,Madhya Pradesh,Beverages,Green Tea,HUL,3,250,10,225,675,551.55,123.45,UPI,Pooja,Completed
ORD101007,2025-04-05 00:00:00,CUST1024,Pooja Singh,Burhanpur,Madhya Pradesh,Home Care,Floor Cleaner,Patanjali,1,40,10,36,36,28.41,7.59,Credit Card,Vikas,Completed
ORD101008,2025-11-26 00:00:00,CUST1232,Vikas Patel,Pune,Maharashtra,Personal Care,Soap,P&G,7,40,10,36,252,216.02,35.98,UPI,Vikas,Completed
ORD101009,2025-11-15 00:00:00,CUST1119,Vikas Patel,Vadodara,Gujarat,Beverages,Soft Drink,Patanjali,7,200,2,196,1372,1091.23,280.77,UPI,Pooja,Completed
ORD101010,2025-11-28 00:00:00,CUST1238,Aditya Joshi,Vadodara,Gujarat,Beverages,Soft Drink,Dabur,3,60,8,55.2,165.6,120.09,45.51,Credit Card,Sneha,Completed
ORD101011,2025-08-31 00:00:00,CUST1187,Pooja Patel,Surat,Gujarat,Baby Care,Baby Shampoo,Parle,1,50,15,42.5,42.5,33.59,8.91,Debit Card,Sneha,Completed
ORD101012,2025-05-25 00:00:00,CUST1066,Aditya Jain,Indore,Madhya Pradesh,Home Care,Floor Cleaner,Britannia,6,40,2,39.2,235.2,162.96,72.24,UPI,Vikas,Completed
ORD101013,2025-08-31 00:00:00,CUST1053,Sneha Agrawal,Khandwa,Madhya Pradesh,Baby Care,Baby Shampoo,Dabur,6,150,15,127.5,765,660.42,104.58,UPI,Vikas,Completed
ORD101014,2025-12-05 00:00:00,CUST1181,Meera Agrawal,Vadodara,Gujarat,Baby Care,Baby Powder,Parle,5,50,2,49,0,182.35,0,Net Banking,Vikas,Returned
ORD101015,2025-09-19 00:00:00,CUST1287,Amit Joshi,Ujjain,Madhya Pradesh,Beverages,Tea,Parle,5,50,5,47.5,237.5,180.7,56.8,UPI,Amit,Completed
ORD101016,2025-09-20 00:00:00,CUST1183,Ananya Joshi,Indore,Madhya Pradesh,Snacks,Namkeen,ITC,5,80,15,68,340,288.95,51.05,UPI,Pooja,Completed
ORD101017,2025-10-18 00:00:00,CUST1115,Meera Gupta,Jabalpur,Madhya Pradesh,Personal Care,Hair Oil,Tata,1,150,15,127.5,127.5,108.66,18.84,UPI,Sneha,Completed
ORD101018,2025-09-03 00:00:00,CUST1286,Priya Singh,Nagpur,Maharashtra,Grocery,Toor Dal,HUL,2,100,10,90,180,137.2,42.8,Cash,Sneha,Completed
ORD101019,2025-12-31 00:00:00,CUST1154,Rahul Verma,Indore,Madhya Pradesh,Home Care,Dishwash,P&G,3,200,5,190,570,391.59,178.41,Credit Card,Amit,Completed
ORD101020,2025-09-18 00:00:00,CUST1072,Aditya Jain,Mumbai,Maharashtra,Beverages,Fruit Juice,HUL,5,150,12,132,0,549.8,0,UPI,Neha,Returned
ORD101021,2025-04-09 00:00:00,CUST1145,Aarav Sharma,Nashik,Maharashtra,Grocery,Sugar,Patanjali,3,50,12,44,132,99.93,32.07,Net Banking,Sneha,Completed
ORD101022,2025-12-21 00:00:00,CUST1148,Vikas Verma,Udaipur,Rajasthan,Home Care,Dishwash,Patanjali,5,150,12,132,660,557.9,102.1,UPI,Pooja,Completed
ORD101023,2025-07-05 00:00:00,CUST1084,Arjun Joshi,Indore,Madhya Pradesh,Baby Care,Baby Lotion,Tata,1,80,12,70.4,70.4,51.91,18.49,UPI,Amit,Completed
ORD101024,2025-04-14 00:00:00,CUST1113,Pooja Joshi,Surat,Gujarat,Snacks,Biscuits,Nestle,2,250,2,245,490,359.94,130.06,Cash,Neha,Completed
ORD101025,2025-09-26 00:00:00,CUST1089,Pooja Jain,Bhopal,Madhya Pradesh,Beverages,Tea,Britannia,5,30,8,27.6,138,101.85,36.15,UPI,Neha,Completed
ORD101026,2025-07-29 00:00:00,CUST1031,Rahul Patel,Jabalpur,Madhya Pradesh,Snacks,Chips,Parle,4,100,10,90,360,306.88,53.12,Cash,Sneha,Completed
ORD101027,2026-02-11 00:00:00,CUST1163,Meera Agrawal,Mumbai,Maharashtra,Baby Care,Baby Shampoo,HUL,6,150,12,132,792,678.48,113.52,Net Banking,Sneha,Completed
ORD101028,2025-11-16 00:00:00,CUST1252,Neha Mehta,Mumbai,Maharashtra,Baby Care,Baby Powder,Parle,3,500,8,460,1380,1101.66,278.34,Debit Card,Amit,Completed
ORD101029,2025-12-10 00:00:00,CUST1018,Aditya Patel,Ujjain,Madhya Pradesh,Beverages,Coffee,HUL,3,200,5,190,570,473.34,96.66,UPI,Rohan,Completed
ORD101030,2026-03-12 00:00:00,CUST1204,Neha Mehta,Nashik,Maharashtra,Baby Care,Baby Shampoo,Parle,1,300,5,285,285,197.01,87.99,Cash,Pooja,Completed
ORD101031,2025-10-20 00:00:00,CUST1024,Aditya Agrawal,Jaipur,Rajasthan,Home Care,Glass Cleaner,HUL,2,40,0,40,80,63.52,16.48,UPI,Neha,Completed
ORD101032,2026-03-10 00:00:00,CUST1263,Rohan Sharma,Kota,Rajasthan,Beverages,Fruit Juice,Dabur,7,150,10,135,945,817.11,127.89,Cash,Amit,Completed
ORD101033,2026-02-19 00:00:00,CUST1228,Aarav Joshi,Nashik,Maharashtra,Baby Care,Diapers,Patanjali,7,200,15,170,1190,1006.6,183.4,UPI,Neha,Completed
ORD101034,2026-03-10 00:00:00,CUST1012,Arjun Sharma,Vadodara,Gujarat,Grocery,Toor Dal,ITC,3,80,10,72,216,170.34,45.66,UPI,Neha,Completed
ORD101035,2025-11-20 00:00:00,CUST1158,Amit Agrawal,Ahmedabad,Gujarat,Home Care,Detergent,Parle,6,100,5,95,570,409.68,160.32,UPI,Neha,Completed
ORD101036,2026-02-09 00:00:00,CUST1083,Vivaan Patel,Ujjain,Madhya Pradesh,Beverages,Green Tea,Tata,5,30,15,25.5,127.5,104.35,23.15,UPI,Amit,Completed
ORD101037,2026-02-08 00:00:00,CUST1097,Vikas Sharma,Jabalpur,Madhya Pradesh,Snacks,Biscuits,HUL,6,30,10,27,162,125.76,36.24,Debit Card,Vikas,Completed
ORD101038,2025-07-23 00:00:00,CUST1031,Arjun Sharma,Vadodara,Gujarat,Home Care,Glass Cleaner,Parle,3,100,5,95,285,227.82,57.18,UPI,Rohan,Completed
ORD101039,2025-08-23 00:00:00,CUST1110,Arjun Mehta,Ujjain,Madhya Pradesh,Baby Care,Diapers,Patanjali,6,300,2,294,1764,1251.3,512.7,Net Banking,Sneha,Completed
ORD101040,2025-06-06 00:00:00,CUST1156,Aditya Patel,Vadodara,Gujarat,Beverages,Green Tea,Britannia,4,50,12,44,176,141.68,34.32,Net Banking,Vikas,Completed
ORD101041,2025-09-06 00:00:00,CUST1274,Kavya Sharma,Bhopal,Madhya Pradesh,Grocery,Cooking Oil,Nestle,4,50,0,50,200,174.28,25.72,Credit Card,Pooja,Completed
ORD101042,2025-04-26 00:00:00,CUST1115,Ananya Khan,Burhanpur,Madhya Pradesh,Baby Care,Baby Powder,Patanjali,7,40,12,35.2,0,213.43,0,Net Banking,Vikas,Returned
ORD101043,2026-01-12 00:00:00,CUST1212,Kavya Sharma,Ahmedabad,Gujarat,Home Care,Detergent,Nestle,1,30,0,30,0,20.85,0,UPI,Neha,Returned
ORD101044,2025-06-27 00:00:00,CUST1019,Aarav Sharma,Bhopal,Madhya Pradesh,Baby Care,Baby Lotion,Nestle,2,30,2,29.4,58.8,43.14,15.66,UPI,Pooja,Completed
ORD101045,2026-01-18 00:00:00,CUST1015,Amit Jain,Udaipur,Rajasthan,Personal Care,Toothpaste,Dabur,1,500,5,475,475,407.29,67.71,Credit Card,Pooja,Completed
ORD101046,2025-04-10 00:00:00,CUST1201,Sneha Jain,Indore,Madhya Pradesh,Personal Care,Face Wash,P&G,6,60,0,60,360,286.14,73.86,UPI,Pooja,Completed
ORD101047,2025-05-16 00:00:00,CUST1147,Vikas Gupta,Pune,Maharashtra,Baby Care,Baby Soap,Parle,5,80,2,78.4,392,286.05,105.95,Cash,Pooja,Completed
ORD101048,2025-11-06 00:00:00,CUST1185,Meera Mehta,Ahmedabad,Gujarat,Baby Care,Diapers,Dabur,3,500,12,440,1320,994.41,325.59,Debit Card,Pooja,Completed
ORD101049,2025-04-21 00:00:00,CUST1108,Kavya Sharma,Indore,Madhya Pradesh,Home Care,Glass Cleaner,Dabur,4,150,5,142.5,570,456.4,113.6,UPI,Neha,Completed
ORD101050,2025-07-28 00:00:00,CUST1094,Meera Verma,Indore,Madhya Pradesh,Personal Care,Toothpaste,Parle,1,80,10,72,72,51.83,20.17,Net Banking,Amit,Completed
ORD101051,2025-08-09 00:00:00,CUST1113,Sneha Patel,Nashik,Maharashtra,Snacks,Cookies,Tata,5,100,12,88,440,304.7,135.3,Cash,Sneha,Completed
ORD101052,2025-04-14 00:00:00,CUST1246,Sneha Verma,Nashik,Maharashtra,Grocery,Sugar,Dabur,1,200,15,170,170,126.16,43.84,Net Banking,Amit,Completed
ORD101053,2025-12-06 00:00:00,CUST1278,Aditya Mehta,Kota,Rajasthan,Beverages,Green Tea,Nestle,7,40,5,38,266,231.28,34.72,Cash,Amit,Completed
ORD101054,2025-06-02 00:00:00,CUST1192,Rahul Jain,Nagpur,Maharashtra,Home Care,Toilet Cleaner,Tata,1,200,12,176,176,149.5,26.5,Debit Card,Sneha,Completed
ORD101055,2025-08-07 00:00:00,CUST1256,Rohan Agrawal,Pune,Maharashtra,Baby Care,Baby Powder,Dabur,2,40,15,34,68,49.7,18.3,Cash,Amit,Completed
ORD101056,2025-11-18 00:00:00,CUST1076,Meera Sharma,Ahmedabad,Gujarat,Beverages,Coffee,Patanjali,4,120,5,114,0,368.56,0,Cash,Neha,Returned
ORD101057,2026-03-30 00:00:00,CUST1060,Amit Gupta,Jabalpur,Madhya Pradesh,Snacks,Namkeen,P&G,3,50,12,44,132,93.45,38.55,UPI,Sneha,Completed
ORD101058,2025-09-18 00:00:00,CUST1028,Vikas Joshi,Surat,Gujarat,Snacks,Cookies,P&G,1,250,10,225,225,180.06,44.94,UPI,Amit,Completed
ORD101059,2026-02-02 00:00:00,CUST1135,Kavya Jain,Kota,Rajasthan,Beverages,Coffee,ITC,5,40,2,39.2,196,158.9,37.1,Cash,Pooja,Completed
ORD101060,2026-02-28 00:00:00,CUST1020,Pooja Verma,Kota,Rajasthan,Snacks,Chips,HUL,2,500,12,440,880,703.38,176.62,Net Banking,Neha,Completed
ORD101061,2025-05-02 00:00:00,CUST1170,Aarav Singh,Ujjain,Madhya Pradesh,Home Care,Glass Cleaner,ITC,2,40,8,36.8,73.6,53,20.6,Net Banking,Vikas,Completed
ORD101062,2025-10-18 00:00:00,CUST1142,Arjun Jain,Indore,Madhya Pradesh,Baby Care,Baby Soap,HUL,6,150,0,150,900,716.7,183.3,Net Banking,Rohan,Completed
ORD101063,2025-08-24 00:00:00,CUST1207,Vivaan Khan,Udaipur,Rajasthan,Personal Care,Soap,Dabur,7,200,15,170,1190,834.19,355.81,Debit Card,Vikas,Completed
ORD101064,2025-07-16 00:00:00,CUST1109,Vikas Agrawal,Vadodara,Gujarat,Baby Care,Baby Shampoo,Dabur,5,30,12,26.4,132,107.65,24.35,UPI,Sneha,Completed
ORD101065,2026-02-18 00:00:00,CUST1172,Rahul Sharma,Nashik,Maharashtra,Home Care,Toilet Cleaner,Dabur,2,200,15,170,0,276.94,0,UPI,Neha,Cancelled
ORD101066,2026-03-31 00:00:00,CUST1186,Meera Patel,Burhanpur,Madhya Pradesh,Personal Care,Toothpaste,ITC,1,100,15,85,85,61.3,23.7,UPI,Vikas,Completed
ORD101067,2025-08-11 00:00:00,CUST1163,Aditya Agrawal,Pune,Maharashtra,Home Care,Glass Cleaner,HUL,5,150,0,150,750,542.9,207.1,UPI,Pooja,Completed
ORD101068,2025-11-06 00:00:00,CUST1038,Sneha Mehta,Jabalpur,Madhya Pradesh,Baby Care,Baby Lotion,Patanjali,2,80,10,72,144,99.86,44.14,UPI,Pooja,Completed
ORD101069,2025-07-22 00:00:00,CUST1244,Rohan Sharma,Ahmedabad,Gujarat,Grocery,Sugar,Dabur,1,50,5,47.5,47.5,34.07,13.43,UPI,Rohan,Completed
ORD101070,2025-08-16 00:00:00,CUST1006,Vivaan Patel,Nashik,Maharashtra,Home Care,Glass Cleaner,ITC,2,300,0,300,600,509.34,90.66,UPI,Amit,Completed
ORD101071,2025-12-31 00:00:00,CUST1225,Arjun Khan,Vadodara,Gujarat,Grocery,Sugar,Tata,2,250,2,245,490,421.12,68.88,Debit Card,Pooja,Completed
ORD101072,2025-09-15 00:00:00,CUST1145,Pooja Gupta,Khandwa,Madhya Pradesh,Baby Care,Baby Soap,Dabur,2,40,12,35.2,70.4,48.22,22.18,Net Banking,Amit,Completed
ORD101073,2025-06-20 00:00:00,CUST1246,Ananya Agrawal,Burhanpur,Madhya Pradesh,Baby Care,Baby Lotion,Dabur,5,300,15,255,1275,952.7,322.3,Debit Card,Rohan,Completed
ORD101074,2026-02-01 00:00:00,CUST1200,Vivaan Mehta,Jabalpur,Madhya Pradesh,Baby Care,Diapers,Britannia,6,40,15,34,204,146.34,57.66,UPI,Sneha,Completed
ORD101075,2025-06-13 00:00:00,CUST1124,Pooja Singh,Udaipur,Rajasthan,Home Care,Glass Cleaner,Dabur,1,150,15,127.5,127.5,104.86,22.64,Credit Card,Vikas,Completed
ORD101076,2025-11-28 00:00:00,CUST1051,Vikas Verma,Mumbai,Maharashtra,Snacks,Cookies,P&G,5,150,15,127.5,637.5,470.65,166.85,UPI,Neha,Completed
ORD101077,2026-02-06 00:00:00,CUST1294,Rohan Sharma,Indore,Madhya Pradesh,Snacks,Biscuits,Britannia,7,150,2,147,1029,718.83,310.17,Credit Card,Sneha,Completed
ORD101078,2026-02-12 00:00:00,CUST1120,Aditya Patel,Mumbai,Maharashtra,Baby Care,Baby Shampoo,ITC,5,500,10,450,2250,1613.95,636.05,Cash,Amit,Completed
ORD101079,2025-12-07 00:00:00,CUST1041,Aditya Patel,Jaipur,Rajasthan,Personal Care,Face Wash,Nestle,2,250,8,230,460,343.08,116.92,Credit Card,Vikas,Completed
ORD101080,2026-02-23 00:00:00,CUST1230,Vikas Mehta,Bhopal,Madhya Pradesh,Grocery,Basmati Rice,P&G,5,200,2,196,980,726.4,253.6,Credit Card,Pooja,Completed
ORD101081,2026-03-13 00:00:00,CUST1059,Rahul Gupta,Pune,Maharashtra,Snacks,Chips,Dabur,1,60,2,58.8,58.8,47.83,10.97,Cash,Amit,Completed
ORD101082,2025-10-29 00:00:00,CUST1068,Pooja Khan,Ahmedabad,Gujarat,Personal Care,Soap,Dabur,3,250,10,225,0,513.81,0,Cash,Sneha,Cancelled
ORD101083,2026-01-04 00:00:00,CUST1194,Rohan Joshi,Ujjain,Madhya Pradesh,Snacks,Namkeen,ITC,2,200,2,196,392,333.76,58.24,UPI,Neha,Completed
ORD101084,2025-12-01 00:00:00,CUST1290,Meera Agrawal,Bhopal,Madhya Pradesh,Personal Care,Soap,Patanjali,3,60,8,55.2,165.6,118.74,46.86,UPI,Amit,Completed
ORD101085,2025-04-15 00:00:00,CUST1028,Arjun Gupta,Udaipur,Rajasthan,Grocery,Wheat Flour,Patanjali,2,150,15,127.5,255,210.66,44.34,UPI,Neha,Completed
ORD101086,2025-07-06 00:00:00,CUST1257,Rahul Singh,Nashik,Maharashtra,Grocery,Sugar,HUL,1,500,10,450,450,363.36,86.64,Cash,Amit,Completed
ORD101087,2026-02-09 00:00:00,CUST1059,Ananya Patel,Burhanpur,Madhya Pradesh,Snacks,Namkeen,Nestle,3,80,15,68,204,150.36,53.64,Credit Card,Vikas,Completed
ORD101088,2026-01-26 00:00:00,CUST1091,Vikas Patel,Bhopal,Madhya Pradesh,Baby Care,Baby Lotion,Parle,1,150,10,135,135,103.17,31.83,UPI,Sneha,Completed
ORD101089,2026-03-25 00:00:00,CUST1146,Sneha Jain,Pune,Maharashtra,Personal Care,Shampoo,Tata,3,200,12,176,528,359.88,168.12,Credit Card,Pooja,Completed
ORD101090,2026-03-19 00:00:00,CUST1243,Aditya Joshi,Surat,Gujarat,Home Care,Glass Cleaner,Dabur,7,100,15,85,595,469.28,125.72,Cash,Sneha,Completed
ORD101091,2025-08-31 00:00:00,CUST1103,Priya Khan,Indore,Madhya Pradesh,Personal Care,Shampoo,ITC,1,40,8,36.8,36.8,28.9,7.9,UPI,Vikas,Completed
ORD101092,2025-06-17 00:00:00,CUST1067,Aarav Verma,Khandwa,Madhya Pradesh,Personal Care,Shampoo,HUL,6,150,15,127.5,765,521.46,243.54,UPI,Rohan,Completed
ORD101093,2025-08-12 00:00:00,CUST1082,Vikas Joshi,Kota,Rajasthan,Snacks,Namkeen,Nestle,5,120,0,120,600,412.05,187.95,Net Banking,Rohan,Completed
ORD101094,2025-05-14 00:00:00,CUST1210,Arjun Verma,Indore,Madhya Pradesh,Home Care,Toilet Cleaner,Dabur,6,40,2,39.2,235.2,203.7,31.5,Cash,Pooja,Completed
ORD101095,2025-06-19 00:00:00,CUST1051,Priya Singh,Vadodara,Gujarat,Grocery,Cooking Oil,Dabur,3,200,2,196,588,514.35,73.65,Net Banking,Vikas,Completed
ORD101096,2025-11-14 00:00:00,CUST1089,Kavya Jain,Mumbai,Maharashtra,Home Care,Floor Cleaner,ITC,3,500,5,475,0,992.73,0,Net Banking,Sneha,Cancelled
ORD101097,2025-12-13 00:00:00,CUST1185,Sneha Jain,Bhopal,Madhya Pradesh,Home Care,Glass Cleaner,Parle,7,40,2,39.2,0,212.31,0,Debit Card,Vikas,Cancelled
ORD101098,2026-03-27 00:00:00,CUST1283,Amit Joshi,Indore,Madhya Pradesh,Home Care,Detergent,Dabur,5,30,8,27.6,138,116.25,21.75,Cash,Vikas,Completed
ORD101099,2025-10-16 00:00:00,CUST1263,Vikas Gupta,Mumbai,Maharashtra,Personal Care,Toothpaste,Nestle,5,100,10,90,450,356.05,93.95,Net Banking,Pooja,Completed
ORD101100,2025-12-08 00:00:00,CUST1180,Vikas Patel,Burhanpur,Madhya Pradesh,Home Care,Detergent,Britannia,4,300,8,276,1104,820.2,283.8,Credit Card,Sneha,Completed
ORD101101,2026-02-12 00:00:00,CUST1286,Meera Agrawal,Indore,Madhya Pradesh,Beverages,Coffee,Nestle,1,300,5,285,285,207.32,77.68,Cash,Pooja,Completed
ORD101102,2026-03-03 00:00:00,CUST1083,Meera Sharma,Pune,Maharashtra,Home Care,Toilet Cleaner,HUL,5,100,0,100,500,359.85,140.15,Cash,Vikas,Completed
ORD101103,2025-12-09 00:00:00,CUST1289,Arjun Khan,Vadodara,Gujarat,Home Care,Dishwash,P&G,5,50,5,47.5,0,208.55,0,UPI,Pooja,Returned
ORD101104,2025-06-27 00:00:00,CUST1280,Vikas Khan,Indore,Madhya Pradesh,Grocery,Cooking Oil,ITC,6,250,15,212.5,1275,1068.3,206.7,Cash,Rohan,Completed
ORD101105,2025-12-08 00:00:00,CUST1002,Kavya Verma,Khandwa,Madhya Pradesh,Beverages,Soft Drink,Tata,3,100,15,85,255,201.84,53.16,UPI,Sneha,Completed
ORD101106,2026-01-04 00:00:00,CUST1283,Meera Agrawal,Jaipur,Rajasthan,Personal Care,Face Wash,Nestle,4,150,10,135,540,445.32,94.68,UPI,Vikas,Completed
ORD101107,2025-10-16 00:00:00,CUST1137,Aditya Sharma,Bhopal,Madhya Pradesh,Personal Care,Shampoo,Dabur,2,120,0,120,0,206.2,0,Credit Card,Sneha,Cancelled
ORD101108,2025-08-25 00:00:00,CUST1295,Vivaan Joshi,Nashik,Maharashtra,Beverages,Soft Drink,Nestle,3,250,2,245,735,638.16,96.84,UPI,Neha,Completed
ORD101109,2025-10-04 00:00:00,CUST1159,Rohan Sharma,Nagpur,Maharashtra,Personal Care,Face Wash,Patanjali,4,30,12,26.4,105.6,92.8,12.8,UPI,Vikas,Completed
ORD101110,2025-12-11 00:00:00,CUST1214,Neha Khan,Khandwa,Madhya Pradesh,Home Care,Glass Cleaner,Patanjali,3,300,12,264,792,613.77,178.23,Net Banking,Rohan,Completed
ORD101111,2025-08-24 00:00:00,CUST1058,Aarav Joshi,Khandwa,Madhya Pradesh,Baby Care,Baby Soap,Nestle,1,300,12,264,264,196.26,67.74,UPI,Sneha,Completed
ORD101112,2026-01-26 00:00:00,CUST1196,Ananya Khan,Ujjain,Madhya Pradesh,Baby Care,Baby Soap,Nestle,1,50,12,44,44,36.86,7.14,Net Banking,Neha,Completed
ORD101113,2025-11-02 00:00:00,CUST1284,Ananya Patel,Surat,Gujarat,Snacks,Dry Fruits,Patanjali,7,120,2,117.6,823.2,619.71,203.49,UPI,Neha,Completed
ORD101114,2025-12-27 00:00:00,CUST1125,Aarav Agrawal,Indore,Madhya Pradesh,Home Care,Floor Cleaner,Dabur,6,500,0,500,3000,2097.48,902.52,Net Banking,Neha,Completed
ORD101115,2025-04-04 00:00:00,CUST1178,Priya Verma,Kota,Rajasthan,Baby Care,Baby Soap,P&G,6,80,8,73.6,441.6,317.16,124.44,Credit Card,Rohan,Completed
ORD101116,2025-09-29 00:00:00,CUST1146,Vivaan Agrawal,Ujjain,Madhya Pradesh,Grocery,Sugar,HUL,1,40,5,38,38,33.41,4.59,UPI,Amit,Completed
ORD101117,2025-07-21 00:00:00,CUST1015,Kavya Patel,Indore,Madhya Pradesh,Snacks,Chips,Patanjali,2,500,0,500,1000,805.78,194.22,UPI,Sneha,Completed
ORD101118,2025-12-06 00:00:00,CUST1287,Sneha Joshi,Kota,Rajasthan,Personal Care,Soap,Tata,1,100,15,85,85,65.85,19.15,UPI,Sneha,Completed
ORD101119,2025-11-23 00:00:00,CUST1018,Meera Gupta,Burhanpur,Madhya Pradesh,Personal Care,Soap,Nestle,7,100,2,98,686,502.04,183.96,UPI,Vikas,Completed
ORD101120,2025-11-01 00:00:00,CUST1169,Aarav Sharma,Jaipur,Rajasthan,Personal Care,Toothpaste,HUL,6,500,15,425,2550,1737.78,812.22,UPI,Rohan,Completed
ORD101121,2025-10-14 00:00:00,CUST1058,Vikas Joshi,Surat,Gujarat,Grocery,Cooking Oil,HUL,7,30,2,29.4,205.8,146.58,59.22,Cash,Rohan,Completed
ORD101122,2025-09-15 00:00:00,CUST1034,Sneha Gupta,Ujjain,Madhya Pradesh,Home Care,Floor Cleaner,Nestle,5,120,5,114,570,405.85,164.15,UPI,Rohan,Completed
ORD101123,2025-10-04 00:00:00,CUST1205,Rohan Khan,Ahmedabad,Gujarat,Personal Care,Soap,Britannia,5,80,2,78.4,392,286.7,105.3,UPI,Amit,Completed
ORD101124,2025-10-31 00:00:00,CUST1243,Kavya Singh,Surat,Gujarat,Home Care,Glass Cleaner,Tata,4,30,5,28.5,114,85.4,28.6,Debit Card,Vikas,Completed
ORD101125,2026-03-20 00:00:00,CUST1208,Aarav Verma,Ahmedabad,Gujarat,Baby Care,Baby Lotion,ITC,6,250,10,225,1350,1144.74,205.26,UPI,Neha,Completed
ORD101126,2026-02-17 00:00:00,CUST1258,Neha Verma,Udaipur,Rajasthan,Grocery,Sugar,Dabur,5,150,10,135,675,553.75,121.25,Net Banking,Rohan,Completed
ORD101127,2025-08-04 00:00:00,CUST1213,Rahul Singh,Surat,Gujarat,Baby Care,Baby Soap,Britannia,4,30,5,28.5,114,89.48,24.52,Cash,Amit,Completed
ORD101128,2025-12-28 00:00:00,CUST1025,Amit Patel,Ahmedabad,Gujarat,Personal Care,Hair Oil,Tata,4,500,15,425,1700,1357.08,342.92,Net Banking,Neha,Completed
ORD101129,2025-12-25 00:00:00,CUST1286,Rahul Patel,Burhanpur,Madhya Pradesh,Grocery,Sugar,Nestle,2,300,10,270,540,397.32,142.68,Net Banking,Neha,Completed
ORD101130,2026-01-22 00:00:00,CUST1085,Neha Jain,Nagpur,Maharashtra,Home Care,Detergent,Patanjali,5,150,0,150,750,647.6,102.4,UPI,Rohan,Completed
ORD101131,2025-06-08 00:00:00,CUST1220,Aditya Singh,Nagpur,Maharashtra,Personal Care,Toothpaste,Patanjali,2,60,15,51,102,88.34,13.66,Debit Card,Pooja,Completed
ORD101132,2026-02-24 00:00:00,CUST1216,Rahul Khan,Surat,Gujarat,Personal Care,Shampoo,Parle,7,30,10,27,189,128.87,60.13,UPI,Neha,Completed
ORD101133,2025-10-12 00:00:00,CUST1192,Arjun Joshi,Surat,Gujarat,Home Care,Dishwash,HUL,5,500,12,440,2200,1579.3,620.7,UPI,Amit,Completed
ORD101134,2025-08-05 00:00:00,CUST1246,Amit Mehta,Mumbai,Maharashtra,Baby Care,Baby Shampoo,HUL,3,40,15,34,102,73.47,28.53,Credit Card,Neha,Completed
ORD101135,2025-06-10 00:00:00,CUST1159,Vikas Jain,Surat,Gujarat,Personal Care,Face Wash,Parle,1,250,15,212.5,0,153.37,0,Cash,Sneha,Returned
ORD101136,2025-07-22 00:00:00,CUST1030,Aditya Sharma,Nagpur,Maharashtra,Snacks,Chips,HUL,6,500,2,490,2940,2203.86,736.14,UPI,Vikas,Completed
ORD101137,2025-07-15 00:00:00,CUST1290,Rahul Sharma,Vadodara,Gujarat,Baby Care,Baby Shampoo,Nestle,1,100,0,100,100,73.78,26.22,Cash,Vikas,Completed
ORD101138,2025-08-14 00:00:00,CUST1248,Pooja Sharma,Nashik,Maharashtra,Home Care,Dishwash,HUL,7,60,10,54,378,265.37,112.63,UPI,Sneha,Completed
ORD101139,2025-07-25 00:00:00,CUST1173,Ananya Patel,Surat,Gujarat,Snacks,Biscuits,Patanjali,2,120,12,105.6,0,149.8,0,Net Banking,Amit,Cancelled
ORD101140,2025-08-15 00:00:00,CUST1211,Vivaan Gupta,Nagpur,Maharashtra,Baby Care,Baby Soap,Dabur,7,80,2,78.4,548.8,461.58,87.22,UPI,Amit,Completed
ORD101141,2025-07-01 00:00:00,CUST1088,Aarav Patel,Surat,Gujarat,Home Care,Floor Cleaner,Parle,5,60,10,54,270,184.65,85.35,UPI,Pooja,Completed
ORD101142,2025-12-14 00:00:00,CUST1196,Kavya Jain,Pune,Maharashtra,Beverages,Soft Drink,P&G,1,200,8,184,184,140.06,43.94,Credit Card,Sneha,Completed
ORD101143,2026-01-05 00:00:00,CUST1182,Rohan Sharma,Bhopal,Madhya Pradesh,Home Care,Floor Cleaner,HUL,6,80,8,73.6,441.6,343.2,98.4,Cash,Vikas,Completed
ORD101144,2025-07-09 00:00:00,CUST1023,Arjun Khan,Nagpur,Maharashtra,Home Care,Glass Cleaner,Parle,2,30,5,28.5,57,40.2,16.8,UPI,Amit,Completed
ORD101145,2025-07-07 00:00:00,CUST1094,Rohan Singh,Ujjain,Madhya Pradesh,Snacks,Cookies,Parle,1,100,0,100,100,73.71,26.29,Cash,Rohan,Completed
ORD101146,2025-08-21 00:00:00,CUST1056,Neha Khan,Bhopal,Madhya Pradesh,Baby Care,Baby Shampoo,Tata,3,200,5,190,570,446.97,123.03,UPI,Amit,Completed
ORD101147,2025-06-02 00:00:00,CUST1184,Rahul Patel,Bhopal,Madhya Pradesh,Grocery,Sugar,Nestle,3,50,2,49,147,125.28,21.72,Debit Card,Neha,Completed
ORD101148,2025-05-25 00:00:00,CUST1038,Aditya Mehta,Pune,Maharashtra,Grocery,Cooking Oil,Nestle,2,80,10,72,144,101.56,42.44,Net Banking,Vikas,Completed
ORD101149,2025-07-12 00:00:00,CUST1007,Arjun Verma,Nagpur,Maharashtra,Grocery,Sugar,ITC,3,150,12,132,396,298.2,97.8,UPI,Pooja,Completed
ORD101150,2025-07-06 00:00:00,CUST1238,Pooja Khan,Indore,Madhya Pradesh,Home Care,Dishwash,ITC,3,50,5,47.5,142.5,98.88,43.62,UPI,Amit,Completed
ORD101151,2026-02-05 00:00:00,CUST1233,Kavya Verma,Nashik,Maharashtra,Personal Care,Toothpaste,Dabur,4,300,12,264,1056,803.44,252.56,UPI,Rohan,Completed
ORD101152,2025-05-25 00:00:00,CUST1163,Sneha Agrawal,Burhanpur,Madhya Pradesh,Home Care,Toilet Cleaner,Nestle,3,150,0,150,450,342.96,107.04,UPI,Rohan,Completed
ORD101153,2026-03-05 00:00:00,CUST1266,Ananya Khan,Ahmedabad,Gujarat,Grocery,Cooking Oil,Tata,1,300,10,270,0,231.91,0,Net Banking,Pooja,Cancelled
ORD101154,2026-01-06 00:00:00,CUST1250,Aditya Jain,Kota,Rajasthan,Beverages,Tea,HUL,7,60,2,58.8,411.6,335.58,76.02,UPI,Pooja,Completed
ORD101155,2025-07-31 00:00:00,CUST1049,Aditya Agrawal,Vadodara,Gujarat,Beverages,Coffee,Dabur,5,200,15,170,0,596.9,0,Cash,Rohan,Cancelled
ORD101156,2025-12-07 00:00:00,CUST1064,Ananya Khan,Nagpur,Maharashtra,Personal Care,Face Wash,Parle,5,500,15,425,2125,1741.95,383.05,UPI,Amit,Completed
ORD101157,2025-06-10 00:00:00,CUST1137,Kavya Verma,Udaipur,Rajasthan,Grocery,Basmati Rice,P&G,2,40,5,38,0,52.74,0,Cash,Neha,Cancelled
ORD101158,2025-05-27 00:00:00,CUST1018,Vivaan Khan,Burhanpur,Madhya Pradesh,Personal Care,Face Wash,Tata,3,30,2,29.4,88.2,72.42,15.78,Credit Card,Sneha,Completed
ORD101159,2026-03-06 00:00:00,CUST1019,Arjun Gupta,Indore,Madhya Pradesh,Beverages,Tea,Tata,1,40,12,35.2,35.2,29.03,6.17,Net Banking,Vikas,Completed
ORD101160,2025-08-30 00:00:00,CUST1182,Amit Jain,Jabalpur,Madhya Pradesh,Snacks,Namkeen,ITC,7,50,12,44,308,264.11,43.89,Cash,Vikas,Completed
ORD101161,2025-11-04 00:00:00,CUST1207,Sneha Gupta,Surat,Gujarat,Grocery,Basmati Rice,HUL,6,120,12,105.6,633.6,556.02,77.58,Net Banking,Rohan,Completed
ORD101162,2026-03-01 00:00:00,CUST1018,Amit Singh,Jaipur,Rajasthan,Beverages,Coffee,ITC,2,40,8,36.8,73.6,52.8,20.8,Cash,Rohan,Completed
ORD101163,2025-10-18 00:00:00,CUST1112,Arjun Jain,Indore,Madhya Pradesh,Home Care,Glass Cleaner,Dabur,4,500,10,450,1800,1231.92,568.08,Cash,Amit,Completed
ORD101164,2025-10-03 00:00:00,CUST1032,Pooja Patel,Burhanpur,Madhya Pradesh,Beverages,Soft Drink,Britannia,6,80,5,76,456,379.44,76.56,Credit Card,Rohan,Completed
ORD101165,2025-09-23 00:00:00,CUST1011,Neha Sharma,Indore,Madhya Pradesh,Baby Care,Baby Lotion,HUL,7,150,15,127.5,892.5,643.79,248.71,UPI,Rohan,Completed
ORD101166,2025-05-22 00:00:00,CUST1112,Amit Gupta,Burhanpur,Madhya Pradesh,Beverages,Green Tea,Britannia,4,200,10,180,0,565.44,0,UPI,Amit,Cancelled
ORD101167,2025-06-02 00:00:00,CUST1255,Kavya Mehta,Nagpur,Maharashtra,Personal Care,Toothpaste,Tata,3,40,0,40,120,83.49,36.51,UPI,Vikas,Completed
ORD101168,2025-04-15 00:00:00,CUST1174,Priya Joshi,Pune,Maharashtra,Grocery,Toor Dal,Tata,6,50,2,49,294,232.68,61.32,Cash,Pooja,Completed
ORD101169,2025-10-23 00:00:00,CUST1286,Neha Patel,Surat,Gujarat,Baby Care,Diapers,P&G,5,150,2,147,735,631.7,103.3,Cash,Rohan,Completed
ORD101170,2025-09-17 00:00:00,CUST1232,Vikas Agrawal,Nashik,Maharashtra,Home Care,Dishwash,ITC,2,50,10,45,90,65.68,24.32,Cash,Amit,Completed
ORD101171,2026-02-13 00:00:00,CUST1098,Neha Agrawal,Jabalpur,Madhya Pradesh,Home Care,Toilet Cleaner,Tata,4,40,10,36,144,101.2,42.8,Net Banking,Neha,Completed
ORD101172,2025-11-20 00:00:00,CUST1060,Rohan Jain,Jaipur,Rajasthan,Snacks,Dry Fruits,Tata,3,100,12,88,0,226.47,0,Debit Card,Vikas,Returned
ORD101173,2025-05-07 00:00:00,CUST1107,Neha Joshi,Udaipur,Rajasthan,Snacks,Cookies,Tata,1,40,2,39.2,39.2,27.03,12.17,Debit Card,Amit,Completed
ORD101174,2025-09-05 00:00:00,CUST1112,Amit Patel,Ujjain,Madhya Pradesh,Baby Care,Diapers,Parle,2,50,5,47.5,95,78.2,16.8,Net Banking,Amit,Completed
ORD101175,2025-09-24 00:00:00,CUST1011,Rohan Mehta,Nagpur,Maharashtra,Snacks,Biscuits,Britannia,7,150,5,142.5,997.5,875.84,121.66,Cash,Pooja,Completed
ORD101176,2025-12-23 00:00:00,CUST1044,Rohan Mehta,Nashik,Maharashtra,Beverages,Tea,HUL,5,60,10,54,0,226,0,UPI,Sneha,Returned
ORD101177,2026-01-29 00:00:00,CUST1191,Aarav Sharma,Pune,Maharashtra,Snacks,Cookies,Parle,3,300,10,270,0,635.64,0,UPI,Vikas,Returned
ORD101178,2026-01-15 00:00:00,CUST1208,Aditya Joshi,Nashik,Maharashtra,Grocery,Toor Dal,Tata,7,120,12,105.6,739.2,572.6,166.6,Debit Card,Rohan,Completed
ORD101179,2025-05-14 00:00:00,CUST1262,Vikas Mehta,Mumbai,Maharashtra,Home Care,Toilet Cleaner,Patanjali,2,200,15,170,340,298.08,41.92,UPI,Neha,Completed
ORD101180,2025-10-05 00:00:00,CUST1112,Arjun Singh,Vadodara,Gujarat,Grocery,Wheat Flour,Dabur,4,50,15,42.5,170,124.56,45.44,UPI,Sneha,Completed
ORD101181,2025-07-26 00:00:00,CUST1214,Arjun Sharma,Indore,Madhya Pradesh,Snacks,Chips,Dabur,2,100,12,88,176,123.62,52.38,Cash,Sneha,Completed
ORD101182,2025-12-23 00:00:00,CUST1099,Meera Khan,Ujjain,Madhya Pradesh,Baby Care,Baby Shampoo,Nestle,4,300,10,270,0,935.56,0,UPI,Rohan,Cancelled
ORD101183,2025-06-03 00:00:00,CUST1256,Amit Singh,Jaipur,Rajasthan,Baby Care,Baby Powder,Patanjali,4,200,0,200,800,587.48,212.52,Net Banking,Neha,Completed
ORD101184,2025-10-07 00:00:00,CUST1125,Pooja Verma,Vadodara,Gujarat,Beverages,Green Tea,ITC,4,300,2,294,1176,889.32,286.68,UPI,Vikas,Completed
ORD101185,2026-01-13 00:00:00,CUST1294,Kavya Agrawal,Jaipur,Rajasthan,Personal Care,Face Wash,P&G,6,200,0,200,1200,826.86,373.14,UPI,Vikas,Completed
ORD101186,2025-08-16 00:00:00,CUST1200,Rahul Joshi,Mumbai,Maharashtra,Snacks,Namkeen,Patanjali,5,250,15,212.5,1062.5,883.55,178.95,UPI,Vikas,Completed
ORD101187,2026-02-13 00:00:00,CUST1015,Vikas Jain,Surat,Gujarat,Snacks,Biscuits,Parle,7,500,10,450,3150,2668.75,481.25,UPI,Rohan,Completed
ORD101188,2025-04-28 00:00:00,CUST1252,Arjun Sharma,Ujjain,Madhya Pradesh,Baby Care,Baby Shampoo,Patanjali,4,100,5,95,380,288.04,91.96,Cash,Neha,Completed
ORD101189,2025-12-13 00:00:00,CUST1075,Vikas Jain,Bhopal,Madhya Pradesh,Personal Care,Toothpaste,ITC,1,120,15,102,102,80.06,21.94,Credit Card,Rohan,Completed
ORD101190,2025-08-11 00:00:00,CUST1072,Sneha Gupta,Khandwa,Madhya Pradesh,Home Care,Floor Cleaner,Britannia,3,50,12,44,132,111.06,20.94,UPI,Neha,Completed
ORD101191,2025-11-27 00:00:00,CUST1203,Priya Verma,Kota,Rajasthan,Beverages,Coffee,Nestle,6,80,0,80,480,375,105,Net Banking,Rohan,Completed
ORD101192,2025-10-08 00:00:00,CUST1029,Priya Patel,Burhanpur,Madhya Pradesh,Snacks,Namkeen,Dabur,6,30,5,28.5,171,122.76,48.24,UPI,Vikas,Completed
ORD101193,2026-01-10 00:00:00,CUST1009,Vivaan Mehta,Khandwa,Madhya Pradesh,Baby Care,Baby Lotion,Britannia,2,50,12,44,88,69.62,18.38,UPI,Sneha,Completed
ORD101194,2025-08-16 00:00:00,CUST1132,Kavya Khan,Surat,Gujarat,Baby Care,Baby Shampoo,Parle,6,40,0,40,240,179.4,60.6,Net Banking,Sneha,Completed
ORD101195,2025-08-06 00:00:00,CUST1126,Pooja Jain,Pune,Maharashtra,Home Care,Dishwash,P&G,1,150,8,138,138,102.16,35.84,Debit Card,Vikas,Completed
ORD101196,2025-07-04 00:00:00,CUST1194,Sneha Gupta,Nagpur,Maharashtra,Baby Care,Baby Powder,ITC,6,80,5,76,456,342.3,113.7,Net Banking,Sneha,Completed
ORD101197,2025-06-16 00:00:00,CUST1165,Aarav Mehta,Udaipur,Rajasthan,Beverages,Tea,Nestle,4,40,15,34,0,112.48,0,UPI,Rohan,Returned
ORD101198,2025-10-05 00:00:00,CUST1063,Arjun Agrawal,Mumbai,Maharashtra,Baby Care,Baby Soap,Patanjali,6,300,10,270,1620,1201.68,418.32,Cash,Pooja,Completed
ORD101199,2026-02-27 00:00:00,CUST1263,Rahul Singh,Indore,Madhya Pradesh,Personal Care,Face Wash,Tata,6,50,0,50,300,250.74,49.26,Net Banking,Pooja,Completed
ORD101200,2025-09-03 00:00:00,CUST1121,Kavya Joshi,Burhanpur,Madhya Pradesh,Home Care,Floor Cleaner,P&G,5,120,8,110.4,552,424.7,127.3,UPI,Pooja,Completed
ORD101201,2025-12-11 00:00:00,CUST1075,Meera Jain,Bhopal,Madhya Pradesh,Personal Care,Face Wash,Tata,1,30,2,29.4,29.4,23.04,6.36,Debit Card,Neha,Completed
ORD101202,2025-12-07 00:00:00,CUST1048,Ananya Mehta,Indore,Madhya Pradesh,Beverages,Soft Drink,Dabur,1,100,10,90,0,67.76,0,Debit Card,Neha,Returned
ORD101203,2025-10-26 00:00:00,CUST1163,Vikas Singh,Mumbai,Maharashtra,Baby Care,Baby Powder,Parle,5,30,10,27,135,110.25,24.75,UPI,Vikas,Completed
ORD101204,2025-10-26 00:00:00,CUST1021,Priya Mehta,Vadodara,Gujarat,Home Care,Toilet Cleaner,Dabur,1,120,12,105.6,105.6,74.43,31.17,Cash,Amit,Completed
ORD101205,2025-08-21 00:00:00,CUST1282,Meera Jain,Ujjain,Madhya Pradesh,Beverages,Green Tea,P&G,1,150,0,150,150,108.01,41.99,UPI,Pooja,Completed
ORD101206,2025-10-19 00:00:00,CUST1018,Pooja Khan,Udaipur,Rajasthan,Grocery,Toor Dal,P&G,4,500,0,500,2000,1718.28,281.72,UPI,Pooja,Completed
ORD101207,2026-03-06 00:00:00,CUST1071,Amit Patel,Jabalpur,Madhya Pradesh,Beverages,Tea,Britannia,2,40,0,40,80,62.5,17.5,UPI,Neha,Completed
ORD101208,2026-01-18 00:00:00,CUST1008,Amit Gupta,Ahmedabad,Gujarat,Snacks,Biscuits,ITC,5,200,10,180,900,733.3,166.7,UPI,Sneha,Completed
ORD101209,2025-10-12 00:00:00,CUST1158,Vivaan Singh,Jabalpur,Madhya Pradesh,Baby Care,Diapers,Parle,5,200,2,196,980,776.4,203.6,Credit Card,Vikas,Completed
ORD101210,2026-01-14 00:00:00,CUST1081,Rahul Joshi,Mumbai,Maharashtra,Beverages,Fruit Juice,Britannia,7,30,15,25.5,0,147.28,0,UPI,Vikas,Cancelled
ORD101211,2025-06-22 00:00:00,CUST1078,Vivaan Khan,Nashik,Maharashtra,Grocery,Sugar,Britannia,5,80,12,70.4,0,289.75,0,UPI,Rohan,Cancelled
ORD101212,2026-03-06 00:00:00,CUST1193,Amit Sharma,Indore,Madhya Pradesh,Snacks,Dry Fruits,Parle,7,50,10,45,315,256.48,58.52,UPI,Sneha,Completed
ORD101213,2025-04-21 00:00:00,CUST1182,Meera Gupta,Bhopal,Madhya Pradesh,Personal Care,Hair Oil,Tata,5,100,0,100,500,414.1,85.9,Debit Card,Pooja,Completed
ORD101214,2025-09-13 00:00:00,CUST1245,Ananya Singh,Burhanpur,Madhya Pradesh,Snacks,Biscuits,Nestle,1,50,8,46,46,33.46,12.54,Cash,Pooja,Completed
ORD101215,2025-10-28 00:00:00,CUST1214,Neha Sharma,Vadodara,Gujarat,Beverages,Soft Drink,ITC,4,300,15,255,1020,738.36,281.64,UPI,Amit,Completed
ORD101216,2025-09-08 00:00:00,CUST1041,Sneha Khan,Mumbai,Maharashtra,Home Care,Toilet Cleaner,ITC,1,150,5,142.5,142.5,120.56,21.94,Credit Card,Amit,Completed
ORD101217,2026-02-19 00:00:00,CUST1265,Rahul Verma,Kota,Rajasthan,Baby Care,Diapers,P&G,1,250,12,220,220,178.02,41.98,Debit Card,Neha,Completed
ORD101218,2025-08-17 00:00:00,CUST1227,Aarav Jain,Pune,Maharashtra,Baby Care,Baby Lotion,P&G,7,30,0,30,210,160.23,49.77,UPI,Sneha,Completed
ORD101219,2025-12-08 00:00:00,CUST1021,Aditya Verma,Ahmedabad,Gujarat,Personal Care,Face Wash,Britannia,4,300,15,255,1020,786.16,233.84,UPI,Neha,Completed
ORD101220,2025-12-30 00:00:00,CUST1160,Pooja Sharma,Burhanpur,Madhya Pradesh,Personal Care,Face Wash,Patanjali,6,50,15,42.5,255,178.08,76.92,UPI,Amit,Completed
ORD101221,2025-05-06 00:00:00,CUST1034,Vikas Patel,Pune,Maharashtra,Beverages,Green Tea,Britannia,5,500,12,440,2200,1906,294,Cash,Vikas,Completed
ORD101222,2025-04-18 00:00:00,CUST1056,Amit Verma,Jaipur,Rajasthan,Baby Care,Diapers,ITC,6,40,8,36.8,220.8,185.82,34.98,Cash,Neha,Completed
ORD101223,2025-05-05 00:00:00,CUST1026,Amit Jain,Nagpur,Maharashtra,Home Care,Toilet Cleaner,Tata,7,100,5,95,665,584.29,80.71,Net Banking,Neha,Completed
ORD101224,2025-06-25 00:00:00,CUST1285,Kavya Singh,Khandwa,Madhya Pradesh,Grocery,Cooking Oil,Parle,6,40,0,40,240,206.58,33.42,Debit Card,Neha,Completed
ORD101225,2025-09-27 00:00:00,CUST1035,Amit Agrawal,Indore,Madhya Pradesh,Baby Care,Baby Soap,Parle,3,60,2,58.8,176.4,141.45,34.95,Debit Card,Amit,Completed
ORD101226,2025-04-14 00:00:00,CUST1258,Vivaan Sharma,Kota,Rajasthan,Personal Care,Soap,Britannia,5,100,10,90,450,342.35,107.65,Net Banking,Rohan,Completed
ORD101227,2026-03-01 00:00:00,CUST1170,Aarav Jain,Ahmedabad,Gujarat,Snacks,Cookies,Parle,7,40,2,39.2,274.4,192.85,81.55,Debit Card,Amit,Completed
ORD101228,2025-06-16 00:00:00,CUST1045,Vivaan Verma,Ahmedabad,Gujarat,Grocery,Basmati Rice,Britannia,5,80,12,70.4,352,287.35,64.65,Cash,Vikas,Completed
ORD101229,2026-02-13 00:00:00,CUST1128,Amit Jain,Pune,Maharashtra,Personal Care,Face Wash,Parle,3,200,15,170,510,357.87,152.13,Debit Card,Rohan,Completed
ORD101230,2025-12-11 00:00:00,CUST1125,Vivaan Agrawal,Khandwa,Madhya Pradesh,Grocery,Toor Dal,HUL,7,500,2,490,3430,2339.68,1090.32,Debit Card,Rohan,Completed
ORD101231,2026-01-26 00:00:00,CUST1036,Amit Singh,Kota,Rajasthan,Beverages,Fruit Juice,Parle,7,200,0,200,1400,1201.62,198.38,Cash,Sneha,Completed
ORD101232,2025-06-28 00:00:00,CUST1076,Pooja Gupta,Pune,Maharashtra,Home Care,Glass Cleaner,ITC,5,200,0,200,1000,879,121,Net Banking,Vikas,Completed
ORD101233,2025-06-29 00:00:00,CUST1024,Kavya Gupta,Jabalpur,Madhya Pradesh,Personal Care,Toothpaste,ITC,5,500,12,440,0,1674.6,0,Cash,Sneha,Returned
ORD101234,2025-05-12 00:00:00,CUST1233,Rohan Joshi,Burhanpur,Madhya Pradesh,Home Care,Detergent,Britannia,5,60,5,57,0,250.7,0,Net Banking,Rohan,Returned
ORD101235,2026-03-21 00:00:00,CUST1215,Pooja Sharma,Pune,Maharashtra,Grocery,Toor Dal,ITC,1,250,0,250,250,188.12,61.88,UPI,Sneha,Completed
ORD101236,2025-06-23 00:00:00,CUST1133,Priya Mehta,Udaipur,Rajasthan,Home Care,Floor Cleaner,Nestle,2,50,8,46,92,74.86,17.14,UPI,Sneha,Completed
ORD101237,2025-07-07 00:00:00,CUST1152,Rohan Sharma,Burhanpur,Madhya Pradesh,Beverages,Fruit Juice,Parle,2,60,5,57,0,99.28,0,UPI,Pooja,Cancelled
ORD101238,2025-08-07 00:00:00,CUST1087,Neha Mehta,Nashik,Maharashtra,Snacks,Namkeen,Dabur,7,300,5,285,1995,1535.8,459.2,UPI,Vikas,Completed
ORD101239,2025-08-31 00:00:00,CUST1217,Neha Sharma,Ahmedabad,Gujarat,Home Care,Floor Cleaner,ITC,4,60,12,52.8,211.2,184.32,26.88,Net Banking,Pooja,Completed
ORD101240,2025-08-10 00:00:00,CUST1113,Arjun Verma,Ujjain,Madhya Pradesh,Personal Care,Shampoo,Dabur,2,30,5,28.5,57,40.62,16.38,Cash,Sneha,Completed
ORD101241,2025-08-12 00:00:00,CUST1220,Amit Singh,Ahmedabad,Gujarat,Beverages,Tea,ITC,2,30,8,27.6,55.2,47.38,7.82,Cash,Amit,Completed
ORD101242,2025-08-15 00:00:00,CUST1216,Meera Agrawal,Bhopal,Madhya Pradesh,Grocery,Basmati Rice,Tata,1,120,0,120,120,92.79,27.21,Debit Card,Sneha,Completed
ORD101243,2025-06-05 00:00:00,CUST1193,Priya Singh,Khandwa,Madhya Pradesh,Home Care,Floor Cleaner,Tata,7,120,15,102,714,566.09,147.91,Debit Card,Neha,Completed
ORD101244,2026-01-17 00:00:00,CUST1255,Sneha Sharma,Kota,Rajasthan,Baby Care,Baby Lotion,Britannia,7,250,0,250,0,1301.65,0,Credit Card,Sneha,Cancelled
ORD101245,2025-07-26 00:00:00,CUST1207,Neha Sharma,Jabalpur,Madhya Pradesh,Snacks,Chips,Nestle,5,50,2,49,245,205.35,39.65,Credit Card,Vikas,Completed
ORD101246,2026-02-26 00:00:00,CUST1150,Vikas Joshi,Udaipur,Rajasthan,Grocery,Basmati Rice,Nestle,7,200,5,190,1330,1144.5,185.5,UPI,Amit,Completed
ORD101247,2025-09-02 00:00:00,CUST1183,Aditya Sharma,Ahmedabad,Gujarat,Personal Care,Shampoo,ITC,5,300,12,264,1320,1002.9,317.1,UPI,Sneha,Completed
ORD101248,2025-08-13 00:00:00,CUST1202,Rahul Khan,Khandwa,Madhya Pradesh,Grocery,Wheat Flour,Britannia,7,250,5,237.5,1662.5,1236.13,426.37,Cash,Rohan,Completed
ORD101249,2026-01-20 00:00:00,CUST1116,Kavya Patel,Khandwa,Madhya Pradesh,Baby Care,Baby Lotion,Dabur,2,100,5,95,190,153,37,Cash,Pooja,Completed
ORD101250,2025-06-11 00:00:00,CUST1209,Ananya Verma,Khandwa,Madhya Pradesh,Personal Care,Face Wash,Patanjali,3,100,15,85,0,176.82,0,Debit Card,Amit,Cancelled
ORD101251,2026-02-24 00:00:00,CUST1194,Ananya Khan,Nashik,Maharashtra,Baby Care,Diapers,Parle,4,200,2,196,784,606.48,177.52,UPI,Amit,Completed
ORD101252,2025-10-10 00:00:00,CUST1104,Amit Agrawal,Nagpur,Maharashtra,Baby Care,Baby Shampoo,Nestle,1,250,10,225,225,177.66,47.34,Credit Card,Vikas,Completed
ORD101253,2025-05-14 00:00:00,CUST1074,Rohan Sharma,Pune,Maharashtra,Personal Care,Face Wash,Patanjali,7,80,8,73.6,515.2,408.38,106.82,Cash,Pooja,Completed
ORD101254,2025-09-29 00:00:00,CUST1264,Priya Mehta,Khandwa,Madhya Pradesh,Home Care,Glass Cleaner,Nestle,4,40,0,40,160,121.2,38.8,UPI,Neha,Completed
ORD101255,2025-12-20 00:00:00,CUST1239,Meera Joshi,Burhanpur,Madhya Pradesh,Home Care,Dishwash,Nestle,7,200,8,184,1288,980.77,307.23,UPI,Amit,Completed
ORD101256,2025-12-23 00:00:00,CUST1118,Vikas Khan,Jabalpur,Madhya Pradesh,Home Care,Detergent,Patanjali,5,150,2,147,735,533.8,201.2,Credit Card,Amit,Completed
ORD101257,2025-05-20 00:00:00,CUST1107,Neha Mehta,Mumbai,Maharashtra,Home Care,Dishwash,Parle,4,150,2,147,588,443.88,144.12,Net Banking,Rohan,Completed
ORD101258,2025-06-25 00:00:00,CUST1070,Meera Agrawal,Jabalpur,Madhya Pradesh,Home Care,Dishwash,ITC,5,500,2,490,2450,2013.8,436.2,Debit Card,Amit,Completed
ORD101259,2025-07-19 00:00:00,CUST1046,Arjun Agrawal,Pune,Maharashtra,Personal Care,Toothpaste,Tata,7,100,12,88,616,454.3,161.7,Debit Card,Vikas,Completed
ORD101260,2025-05-13 00:00:00,CUST1221,Aarav Gupta,Kota,Rajasthan,Personal Care,Shampoo,Parle,7,30,5,28.5,199.5,173.11,26.39,Debit Card,Pooja,Completed
ORD101261,2025-10-12 00:00:00,CUST1061,Rohan Agrawal,Khandwa,Madhya Pradesh,Baby Care,Baby Shampoo,Tata,7,200,12,176,1232,983.43,248.57,UPI,Vikas,Completed
ORD101262,2026-01-23 00:00:00,CUST1297,Rohan Sharma,Nagpur,Maharashtra,Personal Care,Face Wash,P&G,3,200,8,184,552,463.08,88.92,UPI,Amit,Completed
ORD101263,2025-12-07 00:00:00,CUST1227,Sneha Mehta,Udaipur,Rajasthan,Beverages,Tea,Tata,2,150,8,138,276,193.82,82.18,Cash,Amit,Completed
ORD101264,2025-12-31 00:00:00,CUST1141,Vivaan Khan,Burhanpur,Madhya Pradesh,Beverages,Tea,Patanjali,2,300,2,294,588,454.22,133.78,Debit Card,Neha,Completed
ORD101265,2025-06-09 00:00:00,CUST1049,Kavya Verma,Ahmedabad,Gujarat,Home Care,Toilet Cleaner,Tata,7,150,0,150,1050,770.7,279.3,UPI,Neha,Completed
ORD101266,2025-08-26 00:00:00,CUST1269,Ananya Jain,Nagpur,Maharashtra,Personal Care,Toothpaste,ITC,2,40,5,38,76,62.8,13.2,Net Banking,Pooja,Completed
ORD101267,2025-11-06 00:00:00,CUST1228,Kavya Singh,Nagpur,Maharashtra,Beverages,Green Tea,Nestle,6,80,5,76,456,371.94,84.06,Cash,Amit,Completed
ORD101268,2025-05-23 00:00:00,CUST1281,Aditya Sharma,Ahmedabad,Gujarat,Beverages,Coffee,Patanjali,7,50,15,42.5,297.5,238.14,59.36,UPI,Rohan,Completed
ORD101269,2025-10-10 00:00:00,CUST1003,Rohan Khan,Surat,Gujarat,Grocery,Toor Dal,Britannia,4,500,10,450,1800,1353.84,446.16,Debit Card,Amit,Completed
ORD101270,2025-05-24 00:00:00,CUST1009,Rahul Khan,Surat,Gujarat,Baby Care,Baby Shampoo,Patanjali,2,120,5,114,228,197.7,30.3,Net Banking,Amit,Completed
ORD101271,2025-05-11 00:00:00,CUST1184,Aditya Singh,Bhopal,Madhya Pradesh,Snacks,Chips,Parle,6,120,10,108,648,561.18,86.82,Cash,Rohan,Completed
ORD101272,2025-07-29 00:00:00,CUST1225,Priya Singh,Jabalpur,Madhya Pradesh,Personal Care,Soap,P&G,2,300,12,264,528,424.72,103.28,Net Banking,Amit,Completed
ORD101273,2025-08-10 00:00:00,CUST1120,Vikas Khan,Kota,Rajasthan,Home Care,Detergent,P&G,5,60,0,60,300,206.1,93.9,Cash,Amit,Completed
ORD101274,2025-06-23 00:00:00,CUST1209,Aditya Khan,Vadodara,Gujarat,Personal Care,Soap,HUL,1,200,12,176,176,152.14,23.86,UPI,Neha,Completed
ORD101275,2025-12-14 00:00:00,CUST1062,Sneha Jain,Surat,Gujarat,Home Care,Floor Cleaner,Nestle,2,80,12,70.4,140.8,96.84,43.96,UPI,Sneha,Completed
ORD101276,2026-03-22 00:00:00,CUST1067,Aditya Mehta,Pune,Maharashtra,Snacks,Biscuits,ITC,3,250,15,212.5,637.5,438.33,199.17,Credit Card,Amit,Completed
ORD101277,2025-04-12 00:00:00,CUST1110,Rahul Joshi,Surat,Gujarat,Home Care,Dishwash,P&G,1,60,12,52.8,52.8,45.37,7.43,UPI,Sneha,Completed
ORD101278,2026-02-21 00:00:00,CUST1150,Sneha Patel,Pune,Maharashtra,Personal Care,Face Wash,Nestle,7,150,15,127.5,0,722.54,0,Cash,Neha,Cancelled
ORD101279,2025-12-14 00:00:00,CUST1185,Arjun Jain,Indore,Madhya Pradesh,Home Care,Toilet Cleaner,Nestle,7,300,2,294,0,1504.86,0,Credit Card,Vikas,Cancelled
ORD101280,2025-12-18 00:00:00,CUST1062,Ananya Patel,Burhanpur,Madhya Pradesh,Personal Care,Soap,Patanjali,5,60,10,54,270,217.05,52.95,Cash,Pooja,Completed
ORD101281,2025-08-18 00:00:00,CUST1214,Meera Patel,Jaipur,Rajasthan,Baby Care,Baby Powder,P&G,4,80,2,78.4,313.6,234.84,78.76,UPI,Amit,Completed
ORD101282,2025-05-24 00:00:00,CUST1216,Arjun Joshi,Burhanpur,Madhya Pradesh,Baby Care,Baby Lotion,Dabur,6,500,12,440,2640,1864.92,775.08,UPI,Vikas,Completed
ORD101283,2025-11-05 00:00:00,CUST1209,Pooja Agrawal,Khandwa,Madhya Pradesh,Personal Care,Toothpaste,Patanjali,5,150,15,127.5,637.5,535.8,101.7,Net Banking,Rohan,Completed
ORD101284,2025-08-16 00:00:00,CUST1049,Kavya Jain,Jabalpur,Madhya Pradesh,Snacks,Dry Fruits,P&G,5,120,0,120,600,478.7,121.3,UPI,Amit,Completed
ORD101285,2025-06-22 00:00:00,CUST1297,Priya Verma,Surat,Gujarat,Grocery,Sugar,Dabur,3,250,10,225,0,499.5,0,Net Banking,Sneha,Returned
ORD101286,2025-12-18 00:00:00,CUST1251,Sneha Singh,Ahmedabad,Gujarat,Beverages,Green Tea,Parle,4,500,2,490,0,1695.52,0,Cash,Pooja,Cancelled
ORD101287,2026-03-06 00:00:00,CUST1209,Aditya Sharma,Jabalpur,Madhya Pradesh,Personal Care,Toothpaste,P&G,2,60,2,58.8,117.6,88.28,29.32,UPI,Amit,Completed
ORD101288,2026-01-05 00:00:00,CUST1142,Meera Joshi,Ujjain,Madhya Pradesh,Baby Care,Baby Lotion,Dabur,3,30,10,27,81,60.63,20.37,Debit Card,Vikas,Completed
ORD101289,2025-08-24 00:00:00,CUST1253,Pooja Sharma,Nashik,Maharashtra,Baby Care,Diapers,P&G,1,300,8,276,276,241.88,34.12,UPI,Amit,Completed
ORD101290,2025-12-18 00:00:00,CUST1173,Amit Agrawal,Bhopal,Madhya Pradesh,Beverages,Green Tea,Tata,4,60,0,60,240,191.24,48.76,Cash,Pooja,Completed
ORD101291,2025-05-25 00:00:00,CUST1153,Ananya Gupta,Ahmedabad,Gujarat,Snacks,Chips,ITC,6,80,10,72,0,307.14,0,Net Banking,Rohan,Cancelled
ORD101292,2025-04-16 00:00:00,CUST1277,Pooja Verma,Ujjain,Madhya Pradesh,Grocery,Wheat Flour,Nestle,5,60,0,60,0,219.15,0,Cash,Neha,Cancelled
ORD101293,2025-12-15 00:00:00,CUST1210,Priya Singh,Nashik,Maharashtra,Baby Care,Diapers,Tata,7,500,10,450,3150,2319.17,830.83,UPI,Pooja,Completed
ORD101294,2025-11-01 00:00:00,CUST1258,Ananya Singh,Mumbai,Maharashtra,Grocery,Wheat Flour,Dabur,2,40,12,35.2,70.4,51,19.4,Net Banking,Pooja,Completed
ORD101295,2025-05-02 00:00:00,CUST1145,Rohan Sharma,Nashik,Maharashtra,Snacks,Cookies,Britannia,2,80,12,70.4,140.8,104.84,35.96,Net Banking,Amit,Completed
ORD101296,2025-11-10 00:00:00,CUST1279,Aditya Sharma,Jaipur,Rajasthan,Snacks,Dry Fruits,Parle,5,50,0,50,0,189.65,0,Debit Card,Vikas,Returned
ORD101297,2026-01-28 00:00:00,CUST1235,Rohan Jain,Ahmedabad,Gujarat,Home Care,Toilet Cleaner,Dabur,6,80,15,68,408,295.56,112.44,UPI,Amit,Completed
ORD101298,2026-01-26 00:00:00,CUST1077,Meera Singh,Nagpur,Maharashtra,Personal Care,Hair Oil,Parle,6,30,0,30,180,157.92,22.08,UPI,Neha,Completed
ORD101299,2025-05-24 00:00:00,CUST1290,Meera Agrawal,Nashik,Maharashtra,Grocery,Cooking Oil,Dabur,2,100,15,85,170,140.96,29.04,UPI,Pooja,Completed
ORD101300,2026-03-27 00:00:00,CUST1255,Arjun Joshi,Ahmedabad,Gujarat,Personal Care,Toothpaste,Britannia,2,100,2,98,196,148.6,47.4,UPI,Rohan,Completed
ORD101301,2026-03-26 00:00:00,CUST1065,Aarav Verma,Surat,Gujarat,Beverages,Green Tea,Dabur,6,250,12,220,0,987.84,0,Cash,Pooja,Cancelled
ORD101302,2025-05-11 00:00:00,CUST1130,Aditya Patel,Kota,Rajasthan,Personal Care,Toothpaste,Patanjali,1,150,2,147,147,128.34,18.66,UPI,Pooja,Completed
ORD101303,2026-01-19 00:00:00,CUST1021,Priya Gupta,Khandwa,Madhya Pradesh,Home Care,Toilet Cleaner,Dabur,2,300,8,276,552,414.16,137.84,UPI,Neha,Completed
ORD101304,2025-05-12 00:00:00,CUST1047,Meera Khan,Ujjain,Madhya Pradesh,Grocery,Toor Dal,Tata,5,40,10,36,180,147.95,32.05,UPI,Neha,Completed
ORD101305,2025-07-28 00:00:00,CUST1029,Rahul Khan,Udaipur,Rajasthan,Grocery,Toor Dal,ITC,3,120,8,110.4,331.2,262.89,68.31,Credit Card,Neha,Completed
ORD101306,2026-03-31 00:00:00,CUST1245,Aarav Agrawal,Burhanpur,Madhya Pradesh,Beverages,Coffee,Britannia,3,60,8,55.2,0,139.95,0,UPI,Pooja,Cancelled
ORD101307,2025-06-29 00:00:00,CUST1226,Amit Jain,Surat,Gujarat,Baby Care,Baby Powder,ITC,7,60,8,55.2,386.4,304.22,82.18,Debit Card,Amit,Completed
ORD101308,2025-07-05 00:00:00,CUST1195,Priya Khan,Jaipur,Rajasthan,Personal Care,Soap,Britannia,2,150,0,150,300,210.74,89.26,Cash,Neha,Completed
ORD101309,2025-06-21 00:00:00,CUST1012,Arjun Verma,Ahmedabad,Gujarat,Grocery,Cooking Oil,Parle,2,200,2,196,392,310.3,81.7,Cash,Vikas,Completed
ORD101310,2025-12-23 00:00:00,CUST1194,Pooja Singh,Indore,Madhya Pradesh,Baby Care,Diapers,ITC,7,500,15,425,2975,2030.77,944.23,UPI,Vikas,Completed
ORD101311,2025-04-17 00:00:00,CUST1073,Kavya Singh,Indore,Madhya Pradesh,Baby Care,Baby Shampoo,Nestle,4,100,15,85,340,270.32,69.68,UPI,Neha,Completed
ORD101312,2025-06-03 00:00:00,CUST1042,Ananya Mehta,Nashik,Maharashtra,Beverages,Tea,ITC,5,80,5,76,380,267.75,112.25,UPI,Rohan,Completed
ORD101313,2025-08-03 00:00:00,CUST1256,Amit Patel,Mumbai,Maharashtra,Personal Care,Soap,Patanjali,5,30,8,27.6,138,97.95,40.05,UPI,Sneha,Completed
ORD101314,2025-05-27 00:00:00,CUST1294,Vikas Khan,Pune,Maharashtra,Personal Care,Hair Oil,HUL,3,60,12,52.8,0,118.41,0,UPI,Pooja,Returned
ORD101315,2025-04-24 00:00:00,CUST1205,Aarav Patel,Jabalpur,Madhya Pradesh,Baby Care,Baby Lotion,Britannia,5,80,12,70.4,352,279.85,72.15,UPI,Neha,Completed
ORD101316,2025-10-18 00:00:00,CUST1252,Meera Jain,Bhopal,Madhya Pradesh,Beverages,Coffee,Parle,7,60,0,60,420,313.67,106.33,UPI,Pooja,Completed
ORD101317,2025-12-29 00:00:00,CUST1051,Pooja Jain,Vadodara,Gujarat,Personal Care,Face Wash,Patanjali,5,80,12,70.4,352,270.35,81.65,UPI,Sneha,Completed
ORD101318,2025-05-13 00:00:00,CUST1211,Aditya Mehta,Nagpur,Maharashtra,Snacks,Namkeen,Patanjali,4,100,15,85,340,281.28,58.72,UPI,Pooja,Completed
ORD101319,2026-02-06 00:00:00,CUST1224,Neha Verma,Surat,Gujarat,Personal Care,Soap,Tata,3,150,10,135,405,302.73,102.27,UPI,Sneha,Completed
ORD101320,2025-06-08 00:00:00,CUST1258,Vikas Joshi,Vadodara,Gujarat,Snacks,Chips,P&G,6,150,15,127.5,765,641.28,123.72,Credit Card,Neha,Completed
ORD101321,2025-11-23 00:00:00,CUST1032,Aarav Gupta,Mumbai,Maharashtra,Home Care,Dishwash,Parle,2,250,15,212.5,425,358.1,66.9,UPI,Rohan,Completed
ORD101322,2025-05-05 00:00:00,CUST1231,Amit Jain,Ahmedabad,Gujarat,Personal Care,Soap,Dabur,5,60,15,51,255,190.7,64.3,UPI,Pooja,Completed
ORD101323,2025-12-08 00:00:00,CUST1036,Priya Sharma,Surat,Gujarat,Grocery,Toor Dal,P&G,5,250,5,237.5,1187.5,925.2,262.3,Cash,Pooja,Completed
ORD101324,2025-08-07 00:00:00,CUST1108,Rahul Mehta,Vadodara,Gujarat,Snacks,Chips,ITC,6,80,12,70.4,422.4,289.14,133.26,UPI,Pooja,Completed
ORD101325,2026-02-21 00:00:00,CUST1052,Arjun Jain,Ujjain,Madhya Pradesh,Baby Care,Baby Powder,Patanjali,7,150,8,138,0,717.71,0,Cash,Neha,Returned
ORD101326,2026-01-31 00:00:00,CUST1255,Rohan Singh,Ahmedabad,Gujarat,Home Care,Dishwash,P&G,6,500,12,440,2640,1825.8,814.2,UPI,Amit,Completed
ORD101327,2025-05-22 00:00:00,CUST1161,Rahul Gupta,Indore,Madhya Pradesh,Personal Care,Soap,Dabur,5,30,5,28.5,142.5,104.15,38.35,Debit Card,Neha,Completed
ORD101328,2025-10-27 00:00:00,CUST1153,Kavya Joshi,Jaipur,Rajasthan,Personal Care,Hair Oil,Patanjali,3,80,0,80,0,188.61,0,UPI,Neha,Returned
ORD101329,2025-09-28 00:00:00,CUST1262,Aarav Joshi,Surat,Gujarat,Beverages,Fruit Juice,Nestle,2,300,12,264,528,385.58,142.42,Cash,Pooja,Completed
ORD101330,2025-11-18 00:00:00,CUST1077,Vivaan Singh,Khandwa,Madhya Pradesh,Personal Care,Toothpaste,Parle,5,60,8,55.2,0,204.4,0,UPI,Sneha,Cancelled
ORD101331,2025-04-27 00:00:00,CUST1036,Neha Singh,Ujjain,Madhya Pradesh,Personal Care,Shampoo,Dabur,3,30,2,29.4,0,67.08,0,UPI,Pooja,Returned
ORD101332,2025-04-09 00:00:00,CUST1005,Meera Patel,Surat,Gujarat,Beverages,Tea,HUL,1,300,10,270,270,207.57,62.43,Credit Card,Pooja,Completed
ORD101333,2025-09-14 00:00:00,CUST1084,Priya Jain,Nagpur,Maharashtra,Home Care,Floor Cleaner,Parle,7,500,12,440,3080,2229.92,850.08,Net Banking,Vikas,Completed
ORD101334,2025-08-08 00:00:00,CUST1055,Meera Gupta,Ujjain,Madhya Pradesh,Beverages,Green Tea,Parle,4,500,5,475,1900,1447.28,452.72,Debit Card,Rohan,Completed
ORD101335,2025-04-05 00:00:00,CUST1028,Sneha Agrawal,Kota,Rajasthan,Beverages,Coffee,ITC,6,50,5,47.5,285,196.26,88.74,Cash,Vikas,Completed
ORD101336,2025-10-04 00:00:00,CUST1239,Priya Singh,Pune,Maharashtra,Home Care,Toilet Cleaner,Britannia,7,40,12,35.2,246.4,207.76,38.64,UPI,Rohan,Completed
ORD101337,2026-03-07 00:00:00,CUST1167,Priya Mehta,Ahmedabad,Gujarat,Beverages,Coffee,Dabur,6,60,5,57,342,300.06,41.94,UPI,Amit,Completed
ORD101338,2025-11-09 00:00:00,CUST1075,Rohan Gupta,Ujjain,Madhya Pradesh,Beverages,Fruit Juice,Tata,1,150,12,132,132,102.76,29.24,UPI,Vikas,Completed
ORD101339,2025-07-09 00:00:00,CUST1274,Meera Verma,Khandwa,Madhya Pradesh,Beverages,Fruit Juice,Dabur,1,500,2,490,0,344.61,0,UPI,Sneha,Cancelled
ORD101340,2025-05-14 00:00:00,CUST1272,Rohan Verma,Kota,Rajasthan,Grocery,Wheat Flour,Britannia,5,300,8,276,1380,1088.85,291.15,Net Banking,Neha,Completed
ORD101341,2026-02-21 00:00:00,CUST1018,Aditya Agrawal,Ahmedabad,Gujarat,Grocery,Cooking Oil,Parle,2,30,5,28.5,57,46.3,10.7,UPI,Vikas,Completed
ORD101342,2026-03-16 00:00:00,CUST1240,Amit Mehta,Nagpur,Maharashtra,Baby Care,Diapers,ITC,6,250,0,250,1500,1178.22,321.78,Cash,Neha,Completed
ORD101343,2025-07-05 00:00:00,CUST1106,Ananya Singh,Jaipur,Rajasthan,Home Care,Floor Cleaner,P&G,1,300,12,264,264,206.51,57.49,Cash,Neha,Completed
ORD101344,2025-11-17 00:00:00,CUST1226,Ananya Joshi,Mumbai,Maharashtra,Baby Care,Baby Powder,Dabur,5,100,0,100,500,429.6,70.4,Net Banking,Amit,Completed
ORD101345,2025-04-27 00:00:00,CUST1183,Rohan Sharma,Mumbai,Maharashtra,Baby Care,Baby Shampoo,Tata,6,30,0,30,180,125.88,54.12,UPI,Pooja,Completed
ORD101346,2025-07-31 00:00:00,CUST1023,Amit Singh,Ahmedabad,Gujarat,Home Care,Dishwash,HUL,4,150,5,142.5,570,500.16,69.84,Debit Card,Rohan,Completed
ORD101347,2025-06-27 00:00:00,CUST1300,Arjun Verma,Nashik,Maharashtra,Home Care,Dishwash,Patanjali,7,500,5,475,0,2574.39,0,UPI,Pooja,Cancelled
ORD101348,2025-11-29 00:00:00,CUST1040,Sneha Singh,Khandwa,Madhya Pradesh,Grocery,Wheat Flour,ITC,1,80,10,72,72,52.65,19.35,Cash,Amit,Completed
ORD101349,2025-05-24 00:00:00,CUST1097,Aarav Patel,Udaipur,Rajasthan,Beverages,Tea,Dabur,1,250,5,237.5,237.5,206.8,30.7,Credit Card,Sneha,Completed
ORD101350,2025-09-27 00:00:00,CUST1076,Rahul Sharma,Ahmedabad,Gujarat,Beverages,Soft Drink,Parle,2,200,0,200,0,319.7,0,Cash,Vikas,Cancelled
ORD101351,2025-06-02 00:00:00,CUST1171,Aditya Jain,Nagpur,Maharashtra,Personal Care,Shampoo,Britannia,2,200,8,184,368,283.54,84.46,Credit Card,Rohan,Completed
ORD101352,2025-11-21 00:00:00,CUST1017,Vivaan Sharma,Pune,Maharashtra,Personal Care,Soap,Dabur,2,250,15,212.5,425,328.8,96.2,Debit Card,Rohan,Completed
ORD101353,2025-06-03 00:00:00,CUST1244,Amit Patel,Surat,Gujarat,Baby Care,Baby Shampoo,Dabur,2,150,12,132,264,223.32,40.68,Cash,Vikas,Completed
ORD101354,2025-04-08 00:00:00,CUST1152,Vivaan Singh,Burhanpur,Madhya Pradesh,Home Care,Toilet Cleaner,Patanjali,2,40,8,36.8,73.6,61.56,12.04,UPI,Vikas,Completed
ORD101355,2025-11-12 00:00:00,CUST1015,Ananya Patel,Jaipur,Rajasthan,Home Care,Glass Cleaner,Patanjali,6,50,0,50,300,247.38,52.62,Net Banking,Rohan,Completed
ORD101356,2025-10-05 00:00:00,CUST1223,Pooja Joshi,Udaipur,Rajasthan,Beverages,Fruit Juice,Patanjali,3,100,8,92,276,208.35,67.65,Credit Card,Sneha,Completed
ORD101357,2025-08-11 00:00:00,CUST1052,Pooja Jain,Bhopal,Madhya Pradesh,Beverages,Tea,ITC,5,500,10,450,2250,1674.1,575.9,Credit Card,Neha,Completed
ORD101358,2025-12-24 00:00:00,CUST1013,Neha Joshi,Pune,Maharashtra,Home Care,Glass Cleaner,ITC,7,100,15,85,595,504,91,Credit Card,Sneha,Completed
ORD101359,2025-11-19 00:00:00,CUST1111,Rohan Khan,Pune,Maharashtra,Home Care,Floor Cleaner,Britannia,7,120,10,108,756,661.15,94.85,Debit Card,Vikas,Completed
ORD101360,2025-10-13 00:00:00,CUST1107,Aditya Mehta,Pune,Maharashtra,Grocery,Wheat Flour,Dabur,2,30,10,27,0,42.82,0,Debit Card,Neha,Cancelled
ORD101361,2026-02-21 00:00:00,CUST1154,Ananya Patel,Udaipur,Rajasthan,Baby Care,Baby Powder,P&G,4,60,0,60,240,181.84,58.16,UPI,Sneha,Completed
ORD101362,2025-06-13 00:00:00,CUST1192,Sneha Agrawal,Nagpur,Maharashtra,Grocery,Cooking Oil,Patanjali,4,500,15,425,1700,1388.4,311.6,Cash,Pooja,Completed
ORD101363,2025-09-03 00:00:00,CUST1240,Aarav Verma,Jabalpur,Madhya Pradesh,Personal Care,Face Wash,Patanjali,1,60,8,55.2,55.2,42.93,12.27,Debit Card,Neha,Completed
ORD101364,2025-07-21 00:00:00,CUST1172,Aditya Sharma,Jaipur,Rajasthan,Personal Care,Hair Oil,Tata,4,200,0,200,800,545.96,254.04,UPI,Vikas,Completed
ORD101365,2025-10-24 00:00:00,CUST1062,Ananya Singh,Vadodara,Gujarat,Personal Care,Toothpaste,Tata,4,250,8,230,0,638.08,0,Debit Card,Amit,Cancelled
ORD101366,2025-04-28 00:00:00,CUST1014,Sneha Agrawal,Mumbai,Maharashtra,Snacks,Cookies,Nestle,2,50,2,49,0,67.12,0,Debit Card,Sneha,Cancelled
ORD101367,2025-08-08 00:00:00,CUST1217,Sneha Agrawal,Vadodara,Gujarat,Grocery,Basmati Rice,HUL,1,30,2,29.4,0,24.1,0,Debit Card,Amit,Returned
ORD101368,2026-03-13 00:00:00,CUST1058,Ananya Agrawal,Surat,Gujarat,Personal Care,Face Wash,Parle,5,40,2,39.2,196,148.15,47.85,UPI,Rohan,Completed
ORD101369,2025-07-06 00:00:00,CUST1047,Meera Agrawal,Khandwa,Madhya Pradesh,Home Care,Floor Cleaner,HUL,3,60,8,55.2,165.6,115.62,49.98,Credit Card,Pooja,Completed
ORD101370,2025-05-17 00:00:00,CUST1076,Priya Singh,Nagpur,Maharashtra,Home Care,Glass Cleaner,Dabur,7,250,2,245,1715,1498.84,216.16,UPI,Pooja,Completed
ORD101371,2025-09-20 00:00:00,CUST1274,Vivaan Mehta,Surat,Gujarat,Personal Care,Face Wash,Britannia,6,80,8,73.6,441.6,315.3,126.3,UPI,Vikas,Completed
ORD101372,2025-07-05 00:00:00,CUST1075,Sneha Patel,Pune,Maharashtra,Snacks,Dry Fruits,P&G,7,500,8,460,0,2617.58,0,Net Banking,Vikas,Returned
ORD101373,2026-01-07 00:00:00,CUST1003,Ananya Gupta,Kota,Rajasthan,Home Care,Detergent,Britannia,7,40,0,40,0,214.2,0,Cash,Sneha,Cancelled
ORD101374,2025-08-08 00:00:00,CUST1027,Rahul Agrawal,Nagpur,Maharashtra,Grocery,Sugar,Parle,7,120,2,117.6,823.2,621.53,201.67,Net Banking,Sneha,Completed
ORD101375,2025-06-24 00:00:00,CUST1183,Meera Jain,Mumbai,Maharashtra,Personal Care,Face Wash,Patanjali,3,120,15,102,306,265.56,40.44,Cash,Vikas,Completed
ORD101376,2025-12-11 00:00:00,CUST1143,Amit Verma,Surat,Gujarat,Grocery,Wheat Flour,HUL,7,100,12,88,616,428.61,187.39,Debit Card,Neha,Completed
ORD101377,2025-05-29 00:00:00,CUST1252,Ananya Mehta,Vadodara,Gujarat,Beverages,Fruit Juice,HUL,5,50,12,44,0,180.25,0,UPI,Sneha,Returned
ORD101378,2025-07-07 00:00:00,CUST1241,Pooja Agrawal,Jabalpur,Madhya Pradesh,Personal Care,Toothpaste,Dabur,1,80,8,73.6,73.6,54.92,18.68,Net Banking,Pooja,Completed
ORD101379,2026-01-24 00:00:00,CUST1050,Rohan Sharma,Nagpur,Maharashtra,Grocery,Sugar,P&G,2,120,8,110.4,220.8,159.54,61.26,UPI,Pooja,Completed
ORD101380,2025-09-08 00:00:00,CUST1260,Amit Jain,Udaipur,Rajasthan,Personal Care,Hair Oil,Dabur,1,250,8,230,230,193.91,36.09,Debit Card,Sneha,Completed
ORD101381,2025-09-28 00:00:00,CUST1005,Rahul Jain,Khandwa,Madhya Pradesh,Home Care,Dishwash,Dabur,4,100,12,88,352,247,105,UPI,Pooja,Completed
ORD101382,2025-11-07 00:00:00,CUST1122,Neha Jain,Khandwa,Madhya Pradesh,Home Care,Glass Cleaner,Patanjali,6,100,2,98,588,463.68,124.32,UPI,Sneha,Completed
ORD101383,2025-07-17 00:00:00,CUST1297,Vikas Mehta,Ujjain,Madhya Pradesh,Baby Care,Diapers,HUL,5,30,0,30,150,129.45,20.55,UPI,Amit,Completed
ORD101384,2025-05-18 00:00:00,CUST1202,Ananya Mehta,Indore,Madhya Pradesh,Snacks,Biscuits,P&G,7,150,8,138,0,787.01,0,UPI,Rohan,Cancelled
ORD101385,2025-07-02 00:00:00,CUST1116,Kavya Joshi,Kota,Rajasthan,Baby Care,Diapers,Dabur,3,60,15,51,153,122.88,30.12,Credit Card,Rohan,Completed
ORD101386,2025-06-16 00:00:00,CUST1121,Aditya Joshi,Ahmedabad,Gujarat,Baby Care,Baby Lotion,ITC,5,200,8,184,920,672.8,247.2,Debit Card,Pooja,Completed
ORD101387,2025-08-02 00:00:00,CUST1145,Neha Khan,Bhopal,Madhya Pradesh,Personal Care,Face Wash,Britannia,2,200,10,180,360,280.8,79.2,Cash,Pooja,Completed
ORD101388,2026-01-05 00:00:00,CUST1210,Ananya Mehta,Mumbai,Maharashtra,Beverages,Fruit Juice,HUL,4,40,12,35.2,140.8,105.68,35.12,Debit Card,Vikas,Completed
ORD101389,2025-12-08 00:00:00,CUST1135,Ananya Gupta,Bhopal,Madhya Pradesh,Home Care,Detergent,P&G,5,100,8,92,460,386.45,73.55,UPI,Vikas,Completed
ORD101390,2025-05-07 00:00:00,CUST1246,Ananya Singh,Jabalpur,Madhya Pradesh,Grocery,Toor Dal,Patanjali,4,100,12,88,352,288.56,63.44,Net Banking,Pooja,Completed
ORD101391,2025-04-22 00:00:00,CUST1019,Meera Gupta,Mumbai,Maharashtra,Beverages,Fruit Juice,Tata,3,30,10,27,81,61.08,19.92,Net Banking,Neha,Completed
ORD101392,2025-09-05 00:00:00,CUST1153,Vikas Jain,Surat,Gujarat,Snacks,Chips,Britannia,1,250,10,225,225,181.53,43.47,Cash,Sneha,Completed
ORD101393,2026-02-27 00:00:00,CUST1258,Aditya Verma,Udaipur,Rajasthan,Snacks,Chips,Patanjali,3,120,15,102,306,219.6,86.4,UPI,Neha,Completed
ORD101394,2025-08-14 00:00:00,CUST1057,Rohan Patel,Nashik,Maharashtra,Personal Care,Soap,Parle,4,120,12,105.6,0,287.32,0,Cash,Rohan,Returned
ORD101395,2025-06-17 00:00:00,CUST1122,Arjun Patel,Mumbai,Maharashtra,Snacks,Biscuits,ITC,7,80,2,78.4,548.8,386.12,162.68,Net Banking,Neha,Completed
ORD101396,2025-08-10 00:00:00,CUST1058,Aarav Sharma,Mumbai,Maharashtra,Personal Care,Face Wash,HUL,6,120,0,120,720,563.7,156.3,UPI,Rohan,Completed
ORD101397,2025-04-30 00:00:00,CUST1136,Sneha Joshi,Bhopal,Madhya Pradesh,Personal Care,Toothpaste,HUL,4,120,8,110.4,441.6,321.52,120.08,Cash,Sneha,Completed
ORD101398,2025-04-13 00:00:00,CUST1247,Rohan Agrawal,Surat,Gujarat,Personal Care,Hair Oil,P&G,5,300,0,300,1500,1248.35,251.65,Debit Card,Neha,Completed
ORD101399,2026-01-20 00:00:00,CUST1037,Kavya Verma,Jaipur,Rajasthan,Baby Care,Baby Soap,Nestle,6,120,2,117.6,705.6,584.28,121.32,Net Banking,Neha,Completed
ORD101400,2026-02-15 00:00:00,CUST1068,Kavya Jain,Nashik,Maharashtra,Baby Care,Baby Shampoo,Tata,3,200,2,196,588,495.09,92.91,UPI,Vikas,Completed
ORD101401,2026-01-27 00:00:00,CUST1048,Ananya Agrawal,Indore,Madhya Pradesh,Baby Care,Diapers,P&G,3,60,15,51,153,121.98,31.02,Cash,Neha,Completed
ORD101402,2025-12-19 00:00:00,CUST1222,Vikas Patel,Vadodara,Gujarat,Grocery,Sugar,Britannia,4,60,12,52.8,211.2,163.08,48.12,UPI,Neha,Completed
ORD101403,2025-09-25 00:00:00,CUST1209,Kavya Jain,Khandwa,Madhya Pradesh,Snacks,Cookies,Tata,4,120,2,117.6,470.4,376.48,93.92,Cash,Neha,Completed
ORD101404,2025-04-07 00:00:00,CUST1194,Kavya Sharma,Burhanpur,Madhya Pradesh,Home Care,Floor Cleaner,Parle,1,100,10,90,90,71.92,18.08,Debit Card,Amit,Completed
ORD101405,2025-05-26 00:00:00,CUST1114,Vikas Jain,Pune,Maharashtra,Home Care,Detergent,Tata,7,40,12,35.2,246.4,207.2,39.2,Cash,Vikas,Completed
ORD101406,2025-07-08 00:00:00,CUST1166,Rahul Sharma,Udaipur,Rajasthan,Baby Care,Baby Soap,Patanjali,3,250,0,250,750,512.1,237.9,Debit Card,Vikas,Completed
ORD101407,2025-05-22 00:00:00,CUST1240,Aditya Sharma,Ahmedabad,Gujarat,Home Care,Dishwash,Parle,7,250,12,220,1540,1102.92,437.08,UPI,Sneha,Completed
ORD101408,2025-04-03 00:00:00,CUST1060,Pooja Patel,Burhanpur,Madhya Pradesh,Grocery,Toor Dal,Parle,2,80,0,80,160,138.18,21.82,Cash,Pooja,Completed
ORD101409,2026-01-15 00:00:00,CUST1257,Rahul Singh,Vadodara,Gujarat,Grocery,Sugar,Patanjali,3,250,8,230,690,563.28,126.72,UPI,Sneha,Completed
ORD101410,2025-12-19 00:00:00,CUST1177,Aditya Mehta,Khandwa,Madhya Pradesh,Beverages,Tea,Dabur,7,80,0,80,560,405.23,154.77,UPI,Neha,Completed
ORD101411,2026-03-20 00:00:00,CUST1051,Vikas Jain,Udaipur,Rajasthan,Snacks,Biscuits,Dabur,1,50,8,46,46,40.3,5.7,Debit Card,Vikas,Completed
ORD101412,2025-07-17 00:00:00,CUST1147,Rahul Agrawal,Indore,Madhya Pradesh,Beverages,Green Tea,P&G,5,300,2,294,1470,1113.6,356.4,Net Banking,Sneha,Completed
ORD101413,2025-07-17 00:00:00,CUST1098,Aditya Agrawal,Nashik,Maharashtra,Personal Care,Shampoo,HUL,1,120,12,105.6,105.6,74.93,30.67,UPI,Amit,Completed
ORD101414,2025-04-24 00:00:00,CUST1209,Vikas Khan,Nashik,Maharashtra,Home Care,Detergent,ITC,6,150,5,142.5,0,709.14,0,Net Banking,Amit,Returned
ORD101415,2025-06-23 00:00:00,CUST1225,Meera Khan,Mumbai,Maharashtra,Personal Care,Toothpaste,Britannia,6,120,0,120,720,500.04,219.96,Credit Card,Neha,Completed
ORD101416,2025-12-19 00:00:00,CUST1230,Meera Verma,Jaipur,Rajasthan,Snacks,Dry Fruits,HUL,1,200,8,184,184,130.08,53.92,Net Banking,Sneha,Completed
ORD101417,2025-05-22 00:00:00,CUST1181,Rohan Verma,Vadodara,Gujarat,Baby Care,Baby Soap,Nestle,3,150,8,138,0,311.34,0,Net Banking,Pooja,Cancelled
ORD101418,2026-02-02 00:00:00,CUST1210,Vikas Agrawal,Nashik,Maharashtra,Grocery,Basmati Rice,HUL,2,60,12,52.8,105.6,88.9,16.7,Cash,Pooja,Completed
ORD101419,2026-02-08 00:00:00,CUST1185,Amit Agrawal,Jabalpur,Madhya Pradesh,Grocery,Wheat Flour,Britannia,3,50,12,44,0,111.39,0,Debit Card,Pooja,Cancelled
ORD101420,2025-12-17 00:00:00,CUST1235,Pooja Verma,Mumbai,Maharashtra,Grocery,Wheat Flour,P&G,5,80,10,72,360,264.9,95.1,Net Banking,Neha,Completed
ORD101421,2026-03-20 00:00:00,CUST1091,Rahul Patel,Nashik,Maharashtra,Personal Care,Shampoo,ITC,2,120,15,102,204,171.04,32.96,Credit Card,Amit,Completed
ORD101422,2025-04-15 00:00:00,CUST1041,Rahul Singh,Nagpur,Maharashtra,Grocery,Basmati Rice,ITC,1,150,15,127.5,0,104.4,0,Net Banking,Vikas,Returned
ORD101423,2026-03-17 00:00:00,CUST1134,Vivaan Jain,Mumbai,Maharashtra,Grocery,Toor Dal,Patanjali,1,300,10,270,270,203.5,66.5,Cash,Rohan,Completed
ORD101424,2026-02-18 00:00:00,CUST1216,Meera Mehta,Nashik,Maharashtra,Baby Care,Baby Powder,ITC,1,200,2,196,196,154.98,41.02,Credit Card,Amit,Completed
ORD101425,2025-12-22 00:00:00,CUST1202,Vivaan Khan,Surat,Gujarat,Beverages,Tea,Patanjali,1,60,5,57,57,43.99,13.01,Net Banking,Neha,Completed
ORD101426,2025-04-13 00:00:00,CUST1273,Neha Jain,Nagpur,Maharashtra,Snacks,Dry Fruits,Parle,4,120,15,102,408,307,101,Cash,Amit,Completed
ORD101427,2025-06-20 00:00:00,CUST1061,Vivaan Patel,Vadodara,Gujarat,Beverages,Soft Drink,Parle,4,100,2,98,392,292.2,99.8,Cash,Pooja,Completed
ORD101428,2025-06-20 00:00:00,CUST1255,Aditya Singh,Ahmedabad,Gujarat,Beverages,Fruit Juice,HUL,3,200,5,190,570,473.85,96.15,UPI,Rohan,Completed
ORD101429,2025-07-17 00:00:00,CUST1094,Amit Gupta,Kota,Rajasthan,Snacks,Namkeen,Parle,2,80,10,72,144,103.7,40.3,UPI,Vikas,Completed
ORD101430,2025-10-21 00:00:00,CUST1210,Aditya Singh,Mumbai,Maharashtra,Grocery,Toor Dal,Tata,7,40,5,38,266,181.72,84.28,UPI,Sneha,Completed
ORD101431,2026-03-07 00:00:00,CUST1199,Neha Singh,Bhopal,Madhya Pradesh,Personal Care,Toothpaste,Patanjali,3,500,8,460,1380,941.67,438.33,Credit Card,Amit,Completed
ORD101432,2026-02-15 00:00:00,CUST1207,Neha Joshi,Nagpur,Maharashtra,Baby Care,Diapers,Dabur,2,50,5,47.5,0,73.12,0,UPI,Amit,Returned
ORD101433,2025-08-27 00:00:00,CUST1030,Ananya Verma,Indore,Madhya Pradesh,Beverages,Tea,Patanjali,7,80,0,80,560,479.01,80.99,UPI,Rohan,Completed
ORD101434,2025-07-12 00:00:00,CUST1241,Pooja Khan,Bhopal,Madhya Pradesh,Grocery,Cooking Oil,Tata,2,40,15,34,68,59.42,8.58,Credit Card,Neha,Completed
ORD101435,2025-11-18 00:00:00,CUST1012,Priya Mehta,Bhopal,Madhya Pradesh,Snacks,Cookies,Parle,2,120,12,105.6,211.2,177.26,33.94,Cash,Sneha,Completed
ORD101436,2025-08-13 00:00:00,CUST1271,Neha Verma,Surat,Gujarat,Home Care,Detergent,P&G,7,80,0,80,560,402.5,157.5,UPI,Sneha,Completed
ORD101437,2025-05-30 00:00:00,CUST1138,Vivaan Agrawal,Mumbai,Maharashtra,Home Care,Glass Cleaner,Nestle,7,300,2,294,2058,1438.57,619.43,Cash,Vikas,Completed
ORD101438,2025-08-02 00:00:00,CUST1182,Vikas Khan,Kota,Rajasthan,Grocery,Toor Dal,Patanjali,5,30,5,28.5,142.5,118.45,24.05,UPI,Pooja,Completed
ORD101439,2025-05-16 00:00:00,CUST1156,Aarav Khan,Jabalpur,Madhya Pradesh,Grocery,Sugar,Dabur,6,300,0,300,0,1549.2,0,UPI,Pooja,Returned
ORD101440,2026-03-02 00:00:00,CUST1237,Pooja Verma,Ahmedabad,Gujarat,Snacks,Dry Fruits,Patanjali,3,200,15,170,510,409.23,100.77,UPI,Neha,Completed
ORD101441,2026-01-16 00:00:00,CUST1244,Rahul Sharma,Mumbai,Maharashtra,Home Care,Toilet Cleaner,Britannia,7,300,10,270,1890,1552.95,337.05,Debit Card,Sneha,Completed
ORD101442,2026-02-03 00:00:00,CUST1182,Kavya Khan,Bhopal,Madhya Pradesh,Snacks,Dry Fruits,Nestle,3,30,0,30,90,68.91,21.09,Net Banking,Rohan,Completed
ORD101443,2025-07-18 00:00:00,CUST1181,Ananya Patel,Ujjain,Madhya Pradesh,Baby Care,Baby Soap,ITC,6,150,12,132,792,566.28,225.72,UPI,Neha,Completed
ORD101444,2025-12-24 00:00:00,CUST1126,Aarav Khan,Kota,Rajasthan,Personal Care,Shampoo,Patanjali,2,250,10,225,450,331.6,118.4,Net Banking,Rohan,Completed
ORD101445,2025-12-25 00:00:00,CUST1112,Arjun Patel,Mumbai,Maharashtra,Snacks,Biscuits,Patanjali,4,60,0,60,240,174.24,65.76,UPI,Amit,Completed
ORD101446,2025-08-02 00:00:00,CUST1040,Pooja Jain,Vadodara,Gujarat,Beverages,Tea,Britannia,2,500,10,450,900,679.72,220.28,Net Banking,Rohan,Completed
ORD101447,2025-10-01 00:00:00,CUST1011,Kavya Gupta,Indore,Madhya Pradesh,Baby Care,Baby Lotion,Dabur,5,40,12,35.2,176,153.7,22.3,UPI,Amit,Completed
ORD101448,2025-11-24 00:00:00,CUST1238,Rohan Gupta,Ahmedabad,Gujarat,Beverages,Coffee,Parle,7,250,10,225,0,1099.35,0,Net Banking,Neha,Returned
ORD101449,2025-04-05 00:00:00,CUST1076,Pooja Agrawal,Ujjain,Madhya Pradesh,Beverages,Fruit Juice,HUL,4,40,10,36,144,106.52,37.48,Net Banking,Amit,Completed
ORD101450,2025-09-12 00:00:00,CUST1232,Vikas Khan,Khandwa,Madhya Pradesh,Baby Care,Baby Powder,HUL,6,250,10,225,1350,988.8,361.2,Credit Card,Amit,Completed
ORD101451,2026-03-01 00:00:00,CUST1114,Aarav Patel,Bhopal,Madhya Pradesh,Beverages,Green Tea,Britannia,6,200,8,184,1104,886.8,217.2,Net Banking,Vikas,Completed
ORD101452,2025-09-09 00:00:00,CUST1149,Ananya Singh,Udaipur,Rajasthan,Personal Care,Soap,Parle,4,500,10,450,1800,1549.16,250.84,Net Banking,Neha,Completed
ORD101453,2025-09-15 00:00:00,CUST1009,Vivaan Gupta,Nashik,Maharashtra,Snacks,Dry Fruits,Parle,7,60,15,51,357,245.28,111.72,Net Banking,Amit,Completed
ORD101454,2025-04-01 00:00:00,CUST1138,Vikas Jain,Jaipur,Rajasthan,Grocery,Cooking Oil,HUL,1,30,15,25.5,25.5,20.64,4.86,UPI,Neha,Completed
ORD101455,2025-07-15 00:00:00,CUST1011,Rohan Gupta,Burhanpur,Madhya Pradesh,Grocery,Basmati Rice,P&G,7,60,12,52.8,369.6,316.33,53.27,UPI,Sneha,Completed
ORD101456,2025-10-13 00:00:00,CUST1260,Neha Mehta,Nagpur,Maharashtra,Snacks,Chips,Patanjali,2,40,8,36.8,73.6,58.9,14.7,Debit Card,Pooja,Completed
ORD101457,2025-07-27 00:00:00,CUST1023,Neha Mehta,Kota,Rajasthan,Home Care,Floor Cleaner,Britannia,4,500,0,500,2000,1503.6,496.4,UPI,Pooja,Completed
ORD101458,2025-11-26 00:00:00,CUST1265,Aarav Verma,Burhanpur,Madhya Pradesh,Home Care,Detergent,Parle,1,120,5,114,114,89.81,24.19,UPI,Neha,Completed
ORD101459,2025-07-17 00:00:00,CUST1033,Aditya Mehta,Bhopal,Madhya Pradesh,Home Care,Glass Cleaner,Nestle,4,300,12,264,1056,754,302,Net Banking,Rohan,Completed
ORD101460,2025-04-12 00:00:00,CUST1021,Meera Verma,Vadodara,Gujarat,Beverages,Soft Drink,Britannia,7,200,10,180,1260,1039.64,220.36,Debit Card,Amit,Completed
ORD101461,2025-07-03 00:00:00,CUST1113,Rahul Jain,Ujjain,Madhya Pradesh,Snacks,Biscuits,P&G,6,300,12,264,1584,1237.08,346.92,Net Banking,Pooja,Completed
ORD101462,2025-05-25 00:00:00,CUST1019,Kavya Agrawal,Khandwa,Madhya Pradesh,Grocery,Cooking Oil,P&G,2,300,5,285,0,418.7,0,Credit Card,Sneha,Returned
ORD101463,2025-04-22 00:00:00,CUST1126,Amit Gupta,Surat,Gujarat,Baby Care,Diapers,ITC,4,150,0,150,600,456.96,143.04,UPI,Sneha,Completed
ORD101464,2025-09-19 00:00:00,CUST1212,Rohan Agrawal,Ahmedabad,Gujarat,Personal Care,Toothpaste,HUL,5,250,5,237.5,1187.5,1009.2,178.3,Cash,Neha,Completed
ORD101465,2025-10-13 00:00:00,CUST1163,Vivaan Khan,Mumbai,Maharashtra,Beverages,Soft Drink,Parle,3,150,10,135,405,330.84,74.16,Net Banking,Pooja,Completed
ORD101466,2025-10-12 00:00:00,CUST1270,Neha Verma,Vadodara,Gujarat,Snacks,Chips,ITC,1,30,10,27,27,22.13,4.87,Cash,Pooja,Completed
ORD101467,2025-08-12 00:00:00,CUST1124,Arjun Verma,Nagpur,Maharashtra,Personal Care,Soap,Patanjali,1,40,10,36,36,27.85,8.15,Net Banking,Amit,Completed
ORD101468,2026-02-03 00:00:00,CUST1179,Neha Khan,Ujjain,Madhya Pradesh,Snacks,Dry Fruits,Tata,4,60,15,51,204,178.88,25.12,UPI,Pooja,Completed
ORD101469,2026-01-10 00:00:00,CUST1098,Aditya Patel,Khandwa,Madhya Pradesh,Personal Care,Toothpaste,Tata,2,500,0,500,1000,763.56,236.44,UPI,Rohan,Completed
ORD101470,2026-03-09 00:00:00,CUST1230,Amit Gupta,Nashik,Maharashtra,Home Care,Dishwash,P&G,6,150,12,132,792,639.96,152.04,Debit Card,Neha,Completed
ORD101471,2026-02-22 00:00:00,CUST1297,Vivaan Khan,Nagpur,Maharashtra,Personal Care,Shampoo,P&G,1,50,15,42.5,42.5,30.92,11.58,UPI,Sneha,Completed
ORD101472,2025-04-16 00:00:00,CUST1140,Vivaan Verma,Jabalpur,Madhya Pradesh,Baby Care,Diapers,Tata,5,200,10,180,900,679.25,220.75,Cash,Vikas,Completed
ORD101473,2025-09-13 00:00:00,CUST1150,Rahul Agrawal,Kota,Rajasthan,Baby Care,Baby Soap,P&G,1,30,0,30,30,25.68,4.32,Credit Card,Neha,Completed
ORD101474,2025-05-06 00:00:00,CUST1248,Sneha Singh,Pune,Maharashtra,Beverages,Soft Drink,ITC,5,60,5,57,285,210.5,74.5,UPI,Neha,Completed
ORD101475,2025-07-20 00:00:00,CUST1277,Aarav Verma,Jabalpur,Madhya Pradesh,Home Care,Dishwash,Dabur,4,100,5,95,380,261.28,118.72,UPI,Pooja,Completed
ORD101476,2025-05-21 00:00:00,CUST1147,Priya Gupta,Udaipur,Rajasthan,Beverages,Coffee,Patanjali,1,150,5,142.5,142.5,112.88,29.62,Cash,Rohan,Completed
ORD101477,2025-06-15 00:00:00,CUST1249,Meera Patel,Jaipur,Rajasthan,Home Care,Dishwash,Nestle,3,200,10,180,540,445.11,94.89,Debit Card,Neha,Completed
ORD101478,2025-11-27 00:00:00,CUST1028,Neha Joshi,Nagpur,Maharashtra,Home Care,Glass Cleaner,Nestle,6,100,15,85,510,356.94,153.06,UPI,Rohan,Completed
ORD101479,2025-09-05 00:00:00,CUST1156,Amit Sharma,Nashik,Maharashtra,Snacks,Biscuits,Britannia,4,80,10,72,288,206.92,81.08,Cash,Vikas,Completed
ORD101480,2025-04-02 00:00:00,CUST1050,Amit Patel,Indore,Madhya Pradesh,Beverages,Soft Drink,Dabur,4,300,10,270,1080,811.8,268.2,Cash,Pooja,Completed
ORD101481,2025-11-28 00:00:00,CUST1278,Pooja Jain,Jabalpur,Madhya Pradesh,Home Care,Dishwash,ITC,7,30,5,28.5,199.5,154.14,45.36,UPI,Amit,Completed
ORD101482,2026-02-22 00:00:00,CUST1276,Vivaan Jain,Vadodara,Gujarat,Snacks,Biscuits,P&G,1,80,12,70.4,70.4,51.18,19.22,UPI,Vikas,Completed
ORD101483,2025-04-10 00:00:00,CUST1202,Arjun Sharma,Jabalpur,Madhya Pradesh,Snacks,Chips,HUL,1,50,5,47.5,47.5,34.62,12.88,UPI,Sneha,Completed
ORD101484,2025-12-10 00:00:00,CUST1017,Rahul Joshi,Nashik,Maharashtra,Grocery,Cooking Oil,ITC,5,50,15,42.5,212.5,169.05,43.45,Cash,Vikas,Completed
ORD101485,2025-05-22 00:00:00,CUST1243,Ananya Singh,Kota,Rajasthan,Grocery,Sugar,Britannia,3,150,5,142.5,427.5,337.86,89.64,UPI,Amit,Completed
ORD101486,2026-02-03 00:00:00,CUST1124,Kavya Khan,Nashik,Maharashtra,Personal Care,Hair Oil,Parle,4,120,2,117.6,0,354.04,0,UPI,Sneha,Cancelled
ORD101487,2025-05-29 00:00:00,CUST1143,Rohan Patel,Udaipur,Rajasthan,Personal Care,Hair Oil,Parle,3,80,12,70.4,211.2,176.55,34.65,Cash,Amit,Completed
ORD101488,2025-05-15 00:00:00,CUST1216,Vikas Sharma,Surat,Gujarat,Grocery,Basmati Rice,Patanjali,7,300,15,255,1785,1288.07,496.93,Debit Card,Rohan,Completed
ORD101489,2025-04-26 00:00:00,CUST1083,Pooja Agrawal,Ujjain,Madhya Pradesh,Baby Care,Baby Soap,Nestle,3,500,12,440,1320,967.95,352.05,Net Banking,Sneha,Completed
ORD101490,2025-04-17 00:00:00,CUST1137,Pooja Mehta,Surat,Gujarat,Snacks,Dry Fruits,Nestle,5,30,10,27,135,109.9,25.1,Cash,Sneha,Completed
ORD101491,2025-11-25 00:00:00,CUST1111,Priya Sharma,Surat,Gujarat,Personal Care,Face Wash,Britannia,1,60,2,58.8,0,47.46,0,Debit Card,Vikas,Returned
ORD101492,2026-01-18 00:00:00,CUST1059,Rohan Patel,Khandwa,Madhya Pradesh,Grocery,Cooking Oil,Tata,2,100,12,88,176,138.14,37.86,Net Banking,Vikas,Completed
ORD101493,2026-02-20 00:00:00,CUST1092,Aditya Sharma,Khandwa,Madhya Pradesh,Baby Care,Baby Powder,Patanjali,7,60,8,55.2,386.4,326.69,59.71,UPI,Rohan,Completed
ORD101494,2025-07-05 00:00:00,CUST1145,Aarav Sharma,Mumbai,Maharashtra,Home Care,Glass Cleaner,ITC,3,60,2,58.8,0,154.08,0,UPI,Sneha,Returned
ORD101495,2026-01-10 00:00:00,CUST1218,Arjun Sharma,Jabalpur,Madhya Pradesh,Grocery,Basmati Rice,Parle,5,150,8,138,690,499.6,190.4,Cash,Neha,Completed
ORD101496,2026-02-09 00:00:00,CUST1086,Vikas Agrawal,Surat,Gujarat,Beverages,Tea,Tata,2,120,15,102,204,142.18,61.82,Cash,Neha,Completed
ORD101497,2025-09-13 00:00:00,CUST1070,Kavya Gupta,Indore,Madhya Pradesh,Beverages,Fruit Juice,HUL,7,80,10,72,504,362.11,141.89,Debit Card,Sneha,Completed
ORD101498,2025-04-20 00:00:00,CUST1116,Kavya Khan,Ahmedabad,Gujarat,Beverages,Fruit Juice,Britannia,3,80,5,76,228,170.04,57.96,UPI,Rohan,Completed
ORD101499,2025-10-25 00:00:00,CUST1260,Vivaan Agrawal,Jaipur,Rajasthan,Beverages,Tea,Nestle,2,200,0,200,400,313.4,86.6,UPI,Sneha,Completed
ORD101500,2026-01-02 00:00:00,CUST1259,Sneha Patel,Pune,Maharashtra,Baby Care,Diapers,Patanjali,4,50,15,42.5,0,149.28,0,Credit Card,Vikas,Cancelled
ORD101501,2025-06-08 00:00:00,CUST1242,Vikas Patel,Jabalpur,Madhya Pradesh,Beverages,Soft Drink,Dabur,5,60,15,51,255,183.75,71.25,Net Banking,Rohan,Completed
ORD101502,2025-04-13 00:00:00,CUST1228,Pooja Joshi,Ahmedabad,Gujarat,Beverages,Tea,Britannia,1,30,15,25.5,25.5,22.35,3.15,UPI,Sneha,Completed
ORD101503,2025-11-11 00:00:00,CUST1239,Rohan Gupta,Mumbai,Maharashtra,Beverages,Green Tea,Parle,5,100,8,92,460,349.75,110.25,UPI,Amit,Completed
ORD101504,2026-01-16 00:00:00,CUST1208,Ananya Khan,Burhanpur,Madhya Pradesh,Home Care,Glass Cleaner,Patanjali,3,30,2,29.4,88.2,63.87,24.33,UPI,Neha,Completed
ORD101505,2025-06-09 00:00:00,CUST1086,Vikas Joshi,Vadodara,Gujarat,Grocery,Wheat Flour,P&G,4,30,2,29.4,0,86.36,0,Cash,Rohan,Returned
ORD101506,2025-07-16 00:00:00,CUST1088,Kavya Verma,Udaipur,Rajasthan,Baby Care,Baby Powder,Patanjali,1,50,8,46,0,33.72,0,Cash,Vikas,Returned
ORD101507,2025-07-02 00:00:00,CUST1174,Kavya Singh,Mumbai,Maharashtra,Home Care,Glass Cleaner,ITC,5,150,2,147,735,574.35,160.65,UPI,Amit,Completed
ORD101508,2025-05-06 00:00:00,CUST1187,Vivaan Khan,Ahmedabad,Gujarat,Snacks,Dry Fruits,Nestle,2,80,5,76,152,124.66,27.34,Debit Card,Rohan,Completed
ORD101509,2025-11-03 00:00:00,CUST1189,Kavya Patel,Pune,Maharashtra,Snacks,Cookies,HUL,4,120,15,102,0,337.64,0,Debit Card,Vikas,Cancelled
ORD101510,2026-03-03 00:00:00,CUST1115,Ananya Patel,Bhopal,Madhya Pradesh,Personal Care,Toothpaste,Patanjali,7,80,0,80,560,381.78,178.22,Debit Card,Vikas,Completed
ORD101511,2025-11-25 00:00:00,CUST1100,Pooja Agrawal,Mumbai,Maharashtra,Baby Care,Baby Soap,Tata,4,300,15,255,1020,770.52,249.48,UPI,Pooja,Completed
ORD101512,2025-07-18 00:00:00,CUST1195,Arjun Jain,Ahmedabad,Gujarat,Baby Care,Baby Shampoo,Britannia,3,200,12,176,528,437.37,90.63,UPI,Sneha,Completed
ORD101513,2025-06-21 00:00:00,CUST1263,Meera Sharma,Nashik,Maharashtra,Grocery,Cooking Oil,Dabur,4,60,8,55.2,220.8,151.44,69.36,Credit Card,Sneha,Completed
ORD101514,2025-09-14 00:00:00,CUST1067,Sneha Jain,Surat,Gujarat,Snacks,Chips,Tata,6,50,8,46,276,189.12,86.88,UPI,Neha,Completed
ORD101515,2025-05-04 00:00:00,CUST1288,Kavya Sharma,Indore,Madhya Pradesh,Grocery,Wheat Flour,Patanjali,6,50,2,49,294,256.74,37.26,Debit Card,Rohan,Completed
ORD101516,2025-11-13 00:00:00,CUST1212,Arjun Agrawal,Kota,Rajasthan,Home Care,Glass Cleaner,Tata,1,50,5,47.5,0,34.99,0,UPI,Rohan,Returned
ORD101517,2025-07-19 00:00:00,CUST1286,Rohan Joshi,Surat,Gujarat,Snacks,Biscuits,ITC,4,120,5,114,456,377.88,78.12,UPI,Rohan,Completed
ORD101518,2025-04-21 00:00:00,CUST1184,Rahul Sharma,Pune,Maharashtra,Beverages,Tea,Nestle,7,100,5,95,665,561.89,103.11,Debit Card,Vikas,Completed
ORD101519,2025-12-31 00:00:00,CUST1130,Aarav Singh,Jabalpur,Madhya Pradesh,Personal Care,Hair Oil,Britannia,5,150,12,132,660,551.75,108.25,Cash,Rohan,Completed
ORD101520,2025-07-09 00:00:00,CUST1251,Rohan Singh,Vadodara,Gujarat,Baby Care,Baby Lotion,Britannia,6,60,5,57,0,274.68,0,Net Banking,Amit,Cancelled
ORD101521,2025-11-20 00:00:00,CUST1198,Aditya Sharma,Mumbai,Maharashtra,Beverages,Green Tea,Patanjali,4,500,10,450,0,1426.28,0,Cash,Pooja,Cancelled
ORD101522,2025-04-29 00:00:00,CUST1179,Neha Singh,Pune,Maharashtra,Baby Care,Diapers,ITC,7,200,12,176,1232,966.56,265.44,UPI,Vikas,Completed
ORD101523,2026-03-17 00:00:00,CUST1145,Ananya Sharma,Indore,Madhya Pradesh,Personal Care,Soap,Patanjali,6,80,10,72,432,347.82,84.18,UPI,Sneha,Completed
ORD101524,2026-03-25 00:00:00,CUST1277,Aditya Mehta,Surat,Gujarat,Baby Care,Baby Soap,P&G,3,150,10,135,405,340.56,64.44,Cash,Rohan,Completed
ORD101525,2025-10-30 00:00:00,CUST1094,Priya Gupta,Udaipur,Rajasthan,Grocery,Sugar,HUL,2,60,2,58.8,117.6,100.74,16.86,UPI,Amit,Completed
ORD101526,2025-05-26 00:00:00,CUST1119,Priya Gupta,Ujjain,Madhya Pradesh,Personal Care,Toothpaste,P&G,3,250,5,237.5,712.5,545.4,167.1,Net Banking,Sneha,Completed
ORD101527,2025-07-09 00:00:00,CUST1240,Aarav Khan,Ujjain,Madhya Pradesh,Personal Care,Shampoo,Tata,5,120,8,110.4,552,472.75,79.25,UPI,Pooja,Completed
ORD101528,2025-10-05 00:00:00,CUST1131,Pooja Mehta,Kota,Rajasthan,Snacks,Biscuits,Nestle,2,30,15,25.5,51,35.36,15.64,UPI,Sneha,Completed
ORD101529,2025-11-19 00:00:00,CUST1209,Vivaan Verma,Jaipur,Rajasthan,Snacks,Namkeen,P&G,3,150,12,132,396,339.15,56.85,UPI,Vikas,Completed
ORD101530,2025-05-04 00:00:00,CUST1237,Arjun Joshi,Udaipur,Rajasthan,Home Care,Dishwash,ITC,1,300,12,264,0,188,0,UPI,Neha,Returned
ORD101531,2025-06-09 00:00:00,CUST1060,Aditya Gupta,Bhopal,Madhya Pradesh,Beverages,Fruit Juice,Patanjali,3,150,12,132,396,301.17,94.83,UPI,Amit,Completed
ORD101532,2026-01-21 00:00:00,CUST1088,Sneha Patel,Bhopal,Madhya Pradesh,Personal Care,Shampoo,Britannia,7,120,12,105.6,739.2,554.89,184.31,UPI,Sneha,Completed
ORD101533,2025-07-04 00:00:00,CUST1028,Vivaan Verma,Kota,Rajasthan,Baby Care,Baby Shampoo,Parle,1,250,15,212.5,212.5,169.49,43.01,Debit Card,Sneha,Completed
ORD101534,2025-10-08 00:00:00,CUST1132,Meera Jain,Mumbai,Maharashtra,Home Care,Glass Cleaner,Dabur,7,30,0,30,0,147.7,0,UPI,Neha,Returned
ORD101535,2025-12-19 00:00:00,CUST1136,Sneha Verma,Ahmedabad,Gujarat,Baby Care,Baby Powder,Parle,5,50,2,49,245,194.35,50.65,UPI,Neha,Completed
ORD101536,2026-01-22 00:00:00,CUST1157,Rahul Agrawal,Burhanpur,Madhya Pradesh,Grocery,Toor Dal,Britannia,3,250,0,250,750,584.13,165.87,Net Banking,Pooja,Completed
ORD101537,2026-02-04 00:00:00,CUST1049,Kavya Singh,Indore,Madhya Pradesh,Baby Care,Baby Shampoo,HUL,4,50,2,49,196,169.04,26.96,UPI,Rohan,Completed
ORD101538,2025-06-29 00:00:00,CUST1050,Priya Joshi,Khandwa,Madhya Pradesh,Home Care,Floor Cleaner,Parle,7,500,12,440,3080,2414.23,665.77,UPI,Rohan,Completed
ORD101539,2026-03-09 00:00:00,CUST1291,Neha Singh,Ahmedabad,Gujarat,Baby Care,Baby Soap,ITC,5,500,8,460,2300,2018.75,281.25,UPI,Rohan,Completed
ORD101540,2026-03-31 00:00:00,CUST1111,Vivaan Agrawal,Nashik,Maharashtra,Personal Care,Toothpaste,Britannia,2,300,10,270,540,438.62,101.38,UPI,Amit,Completed
ORD101541,2026-01-21 00:00:00,CUST1139,Sneha Khan,Ujjain,Madhya Pradesh,Personal Care,Hair Oil,Tata,7,100,10,90,630,529.55,100.45,UPI,Neha,Completed
ORD101542,2026-03-03 00:00:00,CUST1023,Sneha Joshi,Indore,Madhya Pradesh,Home Care,Detergent,P&G,4,120,15,102,408,289.08,118.92,Net Banking,Neha,Completed
ORD101543,2025-12-08 00:00:00,CUST1179,Pooja Gupta,Nagpur,Maharashtra,Home Care,Floor Cleaner,Tata,4,30,12,26.4,105.6,91.56,14.04,UPI,Rohan,Completed
ORD101544,2026-01-25 00:00:00,CUST1042,Pooja Joshi,Jabalpur,Madhya Pradesh,Personal Care,Soap,ITC,6,150,10,135,810,615.72,194.28,Net Banking,Pooja,Completed
ORD101545,2025-11-07 00:00:00,CUST1082,Sneha Patel,Pune,Maharashtra,Snacks,Biscuits,Tata,6,80,12,70.4,422.4,287.88,134.52,Cash,Amit,Completed
ORD101546,2025-06-11 00:00:00,CUST1070,Kavya Gupta,Ahmedabad,Gujarat,Home Care,Floor Cleaner,Britannia,3,500,8,460,1380,964.32,415.68,Debit Card,Amit,Completed
ORD101547,2025-05-29 00:00:00,CUST1266,Amit Jain,Jabalpur,Madhya Pradesh,Beverages,Fruit Juice,Britannia,7,40,15,34,0,166.25,0,Cash,Vikas,Cancelled
ORD101548,2025-07-23 00:00:00,CUST1174,Arjun Agrawal,Vadodara,Gujarat,Home Care,Detergent,Dabur,6,250,10,225,1350,1089.6,260.4,Cash,Rohan,Completed
ORD101549,2026-01-28 00:00:00,CUST1080,Kavya Gupta,Vadodara,Gujarat,Grocery,Wheat Flour,Tata,5,60,8,55.2,276,224.2,51.8,Credit Card,Pooja,Completed
ORD101550,2026-01-17 00:00:00,CUST1028,Ananya Agrawal,Mumbai,Maharashtra,Beverages,Fruit Juice,Parle,4,40,10,36,0,98.76,0,UPI,Rohan,Returned
ORD101551,2025-12-26 00:00:00,CUST1209,Vivaan Patel,Nashik,Maharashtra,Snacks,Namkeen,Tata,2,100,12,88,176,122.4,53.6,Debit Card,Amit,Completed
ORD101552,2025-04-19 00:00:00,CUST1155,Rahul Jain,Kota,Rajasthan,Home Care,Floor Cleaner,HUL,3,150,10,135,0,308.82,0,Net Banking,Sneha,Returned
ORD101553,2025-12-23 00:00:00,CUST1164,Meera Joshi,Nagpur,Maharashtra,Beverages,Fruit Juice,Patanjali,7,500,2,490,3430,3005.8,424.2,UPI,Sneha,Completed
ORD101554,2026-01-21 00:00:00,CUST1287,Neha Singh,Surat,Gujarat,Grocery,Cooking Oil,Dabur,4,300,15,255,1020,704.24,315.76,UPI,Amit,Completed
ORD101555,2026-01-17 00:00:00,CUST1266,Amit Agrawal,Burhanpur,Madhya Pradesh,Grocery,Sugar,ITC,3,150,0,150,450,391.47,58.53,UPI,Vikas,Completed
ORD101556,2026-01-15 00:00:00,CUST1084,Rahul Khan,Ahmedabad,Gujarat,Home Care,Toilet Cleaner,P&G,7,300,5,285,0,1465.03,0,Credit Card,Neha,Cancelled
ORD101557,2025-08-19 00:00:00,CUST1293,Amit Jain,Ujjain,Madhya Pradesh,Baby Care,Baby Lotion,P&G,3,80,15,68,204,178.92,25.08,Cash,Rohan,Completed
ORD101558,2026-01-11 00:00:00,CUST1155,Rahul Agrawal,Kota,Rajasthan,Beverages,Fruit Juice,ITC,7,80,8,73.6,515.2,438.41,76.79,Cash,Pooja,Completed
ORD101559,2026-02-04 00:00:00,CUST1105,Vivaan Mehta,Kota,Rajasthan,Baby Care,Baby Soap,Parle,2,300,5,285,0,402.36,0,Net Banking,Neha,Cancelled
ORD101560,2026-01-12 00:00:00,CUST1258,Arjun Singh,Ahmedabad,Gujarat,Beverages,Green Tea,Tata,2,50,0,50,100,77.9,22.1,Cash,Pooja,Completed
ORD101561,2026-02-28 00:00:00,CUST1122,Arjun Joshi,Jabalpur,Madhya Pradesh,Home Care,Toilet Cleaner,HUL,1,150,2,147,147,100.72,46.28,Net Banking,Vikas,Completed
ORD101562,2025-11-08 00:00:00,CUST1153,Pooja Khan,Surat,Gujarat,Baby Care,Baby Lotion,Parle,2,200,10,180,360,247.54,112.46,Cash,Pooja,Completed
ORD101563,2025-11-25 00:00:00,CUST1147,Rahul Khan,Indore,Madhya Pradesh,Baby Care,Diapers,HUL,4,80,5,76,0,236.8,0,UPI,Sneha,Returned
ORD101564,2025-05-03 00:00:00,CUST1244,Kavya Agrawal,Jaipur,Rajasthan,Grocery,Wheat Flour,ITC,6,300,15,255,1530,1095.78,434.22,Net Banking,Sneha,Completed
ORD101565,2025-04-10 00:00:00,CUST1121,Aarav Joshi,Indore,Madhya Pradesh,Baby Care,Baby Shampoo,Britannia,3,80,10,72,216,168.39,47.61,UPI,Amit,Completed
ORD101566,2026-02-03 00:00:00,CUST1014,Rahul Sharma,Udaipur,Rajasthan,Grocery,Sugar,Britannia,7,60,2,58.8,411.6,356.86,54.74,UPI,Rohan,Completed
ORD101567,2025-12-18 00:00:00,CUST1244,Aditya Agrawal,Surat,Gujarat,Snacks,Namkeen,Parle,4,250,5,237.5,0,656.56,0,Cash,Amit,Cancelled
ORD101568,2026-03-25 00:00:00,CUST1209,Vikas Jain,Ujjain,Madhya Pradesh,Grocery,Toor Dal,Patanjali,1,200,8,184,184,158.32,25.68,UPI,Amit,Completed
ORD101569,2025-12-17 00:00:00,CUST1239,Pooja Sharma,Pune,Maharashtra,Snacks,Dry Fruits,P&G,2,150,8,138,276,203.46,72.54,UPI,Amit,Completed
ORD101570,2025-12-21 00:00:00,CUST1132,Vivaan Khan,Jabalpur,Madhya Pradesh,Grocery,Sugar,Tata,6,120,2,117.6,0,488.04,0,UPI,Amit,Cancelled
ORD101571,2025-04-08 00:00:00,CUST1236,Vivaan Patel,Khandwa,Madhya Pradesh,Snacks,Dry Fruits,HUL,4,300,8,276,1104,853.16,250.84,UPI,Vikas,Completed
ORD101572,2026-01-31 00:00:00,CUST1209,Aditya Gupta,Jabalpur,Madhya Pradesh,Baby Care,Diapers,Dabur,1,500,12,440,440,338.36,101.64,Net Banking,Amit,Completed
ORD101573,2025-05-28 00:00:00,CUST1013,Rahul Gupta,Udaipur,Rajasthan,Personal Care,Face Wash,Nestle,2,500,5,475,950,753.78,196.22,UPI,Rohan,Completed
ORD101574,2025-06-16 00:00:00,CUST1059,Pooja Gupta,Indore,Madhya Pradesh,Home Care,Detergent,Dabur,6,60,10,54,324,223.8,100.2,UPI,Rohan,Completed
ORD101575,2025-10-23 00:00:00,CUST1233,Aarav Singh,Jaipur,Rajasthan,Beverages,Soft Drink,Patanjali,4,500,2,490,1960,1384.08,575.92,UPI,Pooja,Completed
ORD101576,2025-07-28 00:00:00,CUST1080,Kavya Mehta,Ahmedabad,Gujarat,Snacks,Biscuits,Nestle,7,30,15,25.5,178.5,127.47,51.03,UPI,Neha,Completed
ORD101577,2025-07-28 00:00:00,CUST1122,Aarav Verma,Jabalpur,Madhya Pradesh,Beverages,Green Tea,P&G,3,300,8,276,828,607.11,220.89,UPI,Vikas,Completed
ORD101578,2025-12-06 00:00:00,CUST1218,Aditya Agrawal,Surat,Gujarat,Grocery,Basmati Rice,Tata,5,500,5,475,2375,1658.5,716.5,UPI,Pooja,Completed
ORD101579,2025-05-13 00:00:00,CUST1159,Neha Joshi,Jaipur,Rajasthan,Grocery,Toor Dal,HUL,2,200,10,180,0,251.86,0,Cash,Neha,Returned
ORD101580,2026-01-15 00:00:00,CUST1197,Pooja Khan,Bhopal,Madhya Pradesh,Home Care,Detergent,Nestle,3,40,8,36.8,110.4,97.08,13.32,UPI,Neha,Completed
ORD101581,2025-12-15 00:00:00,CUST1011,Ananya Jain,Jaipur,Rajasthan,Beverages,Soft Drink,Dabur,5,250,15,212.5,1062.5,916.85,145.65,UPI,Sneha,Completed
ORD101582,2025-09-06 00:00:00,CUST1287,Vivaan Agrawal,Nagpur,Maharashtra,Personal Care,Hair Oil,P&G,7,120,2,117.6,823.2,678.23,144.97,Cash,Sneha,Completed
ORD101583,2025-09-19 00:00:00,CUST1143,Pooja Gupta,Surat,Gujarat,Grocery,Toor Dal,ITC,5,250,5,237.5,1187.5,813.55,373.95,Debit Card,Vikas,Completed
ORD101584,2025-08-06 00:00:00,CUST1016,Aditya Mehta,Pune,Maharashtra,Grocery,Toor Dal,P&G,3,500,8,460,0,1033.35,0,Debit Card,Rohan,Cancelled
ORD101585,2025-07-18 00:00:00,CUST1119,Priya Patel,Nashik,Maharashtra,Beverages,Green Tea,P&G,6,50,5,47.5,0,204.78,0,Net Banking,Neha,Returned
ORD101586,2025-05-21 00:00:00,CUST1043,Arjun Patel,Surat,Gujarat,Baby Care,Baby Soap,ITC,5,150,12,132,660,514.2,145.8,UPI,Neha,Completed
ORD101587,2025-05-26 00:00:00,CUST1221,Rahul Patel,Jaipur,Rajasthan,Grocery,Cooking Oil,Dabur,7,60,2,58.8,411.6,339.5,72.1,Net Banking,Amit,Completed
ORD101588,2025-05-16 00:00:00,CUST1217,Vikas Agrawal,Jabalpur,Madhya Pradesh,Beverages,Green Tea,Dabur,1,500,2,490,490,403.65,86.35,UPI,Pooja,Completed
ORD101589,2025-11-19 00:00:00,CUST1110,Rahul Patel,Jabalpur,Madhya Pradesh,Snacks,Cookies,Dabur,3,80,5,76,228,169.62,58.38,UPI,Rohan,Completed
ORD101590,2026-02-17 00:00:00,CUST1184,Aditya Joshi,Khandwa,Madhya Pradesh,Snacks,Dry Fruits,Patanjali,5,300,10,270,1350,1046.6,303.4,Cash,Sneha,Completed
ORD101591,2025-06-09 00:00:00,CUST1054,Ananya Verma,Ahmedabad,Gujarat,Snacks,Namkeen,Tata,2,500,0,500,1000,712.62,287.38,Cash,Rohan,Completed
ORD101592,2025-07-26 00:00:00,CUST1089,Ananya Jain,Khandwa,Madhya Pradesh,Personal Care,Hair Oil,Britannia,6,200,15,170,1020,879.48,140.52,Cash,Amit,Completed
ORD101593,2025-09-27 00:00:00,CUST1226,Aarav Verma,Kota,Rajasthan,Baby Care,Baby Soap,P&G,5,40,15,34,170,128.25,41.75,Net Banking,Vikas,Completed
ORD101594,2025-12-05 00:00:00,CUST1262,Vikas Sharma,Nashik,Maharashtra,Home Care,Detergent,P&G,4,120,2,117.6,470.4,355.68,114.72,Cash,Sneha,Completed
ORD101595,2026-02-03 00:00:00,CUST1246,Rohan Singh,Bhopal,Madhya Pradesh,Home Care,Floor Cleaner,ITC,6,80,12,70.4,422.4,311.76,110.64,UPI,Pooja,Completed
ORD101596,2025-05-10 00:00:00,CUST1155,Arjun Agrawal,Jaipur,Rajasthan,Grocery,Basmati Rice,Parle,2,100,12,88,176,131.82,44.18,Cash,Sneha,Completed
ORD101597,2026-03-08 00:00:00,CUST1282,Amit Singh,Udaipur,Rajasthan,Baby Care,Baby Lotion,P&G,7,120,12,105.6,739.2,521.78,217.42,Net Banking,Neha,Completed
ORD101598,2025-08-02 00:00:00,CUST1292,Amit Agrawal,Khandwa,Madhya Pradesh,Baby Care,Baby Soap,Parle,4,300,8,276,1104,853.68,250.32,UPI,Neha,Completed
ORD101599,2025-10-20 00:00:00,CUST1128,Sneha Khan,Bhopal,Madhya Pradesh,Snacks,Cookies,Parle,3,100,15,85,0,190.17,0,Debit Card,Rohan,Returned
ORD101600,2025-09-30 00:00:00,CUST1189,Pooja Joshi,Ahmedabad,Gujarat,Grocery,Toor Dal,HUL,5,120,0,120,600,491.05,108.95,Credit Card,Pooja,Completed
ORD101601,2025-07-05 00:00:00,CUST1261,Neha Sharma,Bhopal,Madhya Pradesh,Snacks,Biscuits,HUL,1,60,15,51,51,36.29,14.71,UPI,Pooja,Completed
ORD101602,2025-08-29 00:00:00,CUST1159,Rohan Agrawal,Nashik,Maharashtra,Snacks,Dry Fruits,Dabur,5,200,10,180,900,665.25,234.75,Cash,Vikas,Completed
ORD101603,2026-01-10 00:00:00,CUST1127,Priya Verma,Bhopal,Madhya Pradesh,Baby Care,Baby Soap,Nestle,7,40,2,39.2,274.4,207.97,66.43,Cash,Sneha,Completed
ORD101604,2026-01-12 00:00:00,CUST1268,Aarav Jain,Jabalpur,Madhya Pradesh,Home Care,Dishwash,Parle,4,30,8,27.6,110.4,94.92,15.48,Cash,Sneha,Completed
ORD101605,2026-01-06 00:00:00,CUST1033,Sneha Sharma,Burhanpur,Madhya Pradesh,Home Care,Glass Cleaner,HUL,5,50,5,47.5,237.5,202.45,35.05,UPI,Amit,Completed
ORD101606,2026-01-05 00:00:00,CUST1221,Vivaan Joshi,Nashik,Maharashtra,Beverages,Tea,Parle,7,200,10,180,1260,980.63,279.37,UPI,Rohan,Completed
ORD101607,2025-05-08 00:00:00,CUST1139,Vivaan Joshi,Jabalpur,Madhya Pradesh,Personal Care,Hair Oil,Patanjali,7,150,8,138,966,829.64,136.36,Cash,Pooja,Completed
ORD101608,2025-08-13 00:00:00,CUST1059,Ananya Agrawal,Vadodara,Gujarat,Home Care,Dishwash,ITC,7,300,10,270,1890,1372.98,517.02,Net Banking,Rohan,Completed
ORD101609,2025-09-04 00:00:00,CUST1109,Vivaan Jain,Ujjain,Madhya Pradesh,Grocery,Toor Dal,ITC,7,300,2,294,0,1578.92,0,UPI,Rohan,Returned
ORD101610,2026-03-28 00:00:00,CUST1244,Ananya Jain,Pune,Maharashtra,Baby Care,Baby Lotion,Nestle,3,80,2,78.4,235.2,188.28,46.92,UPI,Sneha,Completed
ORD101611,2025-08-16 00:00:00,CUST1103,Meera Mehta,Jaipur,Rajasthan,Home Care,Floor Cleaner,P&G,2,30,10,27,54,37.64,16.36,UPI,Rohan,Completed
ORD101612,2025-04-18 00:00:00,CUST1207,Neha Singh,Bhopal,Madhya Pradesh,Beverages,Fruit Juice,Parle,2,80,5,76,152,125.06,26.94,UPI,Sneha,Completed
ORD101613,2025-12-30 00:00:00,CUST1133,Sneha Mehta,Udaipur,Rajasthan,Personal Care,Soap,Dabur,7,50,10,45,315,255.85,59.15,Net Banking,Pooja,Completed
ORD101614,2025-05-06 00:00:00,CUST1279,Vikas Jain,Jabalpur,Madhya Pradesh,Snacks,Dry Fruits,HUL,6,30,5,28.5,171,121.26,49.74,UPI,Vikas,Completed
ORD101615,2025-10-13 00:00:00,CUST1244,Aarav Mehta,Jabalpur,Madhya Pradesh,Home Care,Detergent,HUL,1,300,5,285,285,198.68,86.32,UPI,Neha,Completed
ORD101616,2026-01-07 00:00:00,CUST1006,Ananya Singh,Khandwa,Madhya Pradesh,Beverages,Tea,Tata,6,300,10,270,1620,1345.98,274.02,Debit Card,Sneha,Completed
ORD101617,2025-10-13 00:00:00,CUST1132,Amit Joshi,Nashik,Maharashtra,Personal Care,Soap,ITC,6,50,5,47.5,285,240.72,44.28,UPI,Rohan,Completed
ORD101618,2025-04-11 00:00:00,CUST1159,Pooja Singh,Ahmedabad,Gujarat,Snacks,Namkeen,Patanjali,3,30,0,30,0,75.12,0,Cash,Sneha,Cancelled
ORD101619,2025-08-04 00:00:00,CUST1115,Kavya Patel,Jaipur,Rajasthan,Personal Care,Soap,HUL,2,120,10,108,0,152.6,0,Net Banking,Vikas,Cancelled
ORD101620,2025-06-18 00:00:00,CUST1128,Pooja Mehta,Surat,Gujarat,Beverages,Coffee,ITC,4,30,2,29.4,117.6,92.52,25.08,Debit Card,Pooja,Completed
ORD101621,2025-08-28 00:00:00,CUST1153,Aditya Singh,Ahmedabad,Gujarat,Beverages,Tea,ITC,1,50,5,47.5,0,36.98,0,Net Banking,Neha,Cancelled
ORD101622,2026-03-19 00:00:00,CUST1275,Sneha Verma,Ujjain,Madhya Pradesh,Home Care,Dishwash,Britannia,1,100,5,95,95,76.59,18.41,UPI,Amit,Completed
ORD101623,2026-02-16 00:00:00,CUST1190,Rohan Mehta,Udaipur,Rajasthan,Baby Care,Baby Shampoo,Patanjali,3,200,10,180,540,401.73,138.27,Cash,Amit,Completed
ORD101624,2025-04-16 00:00:00,CUST1150,Sneha Gupta,Jabalpur,Madhya Pradesh,Baby Care,Baby Shampoo,Nestle,1,50,0,50,50,42.13,7.87,UPI,Vikas,Completed
ORD101625,2025-04-07 00:00:00,CUST1085,Amit Gupta,Kota,Rajasthan,Baby Care,Baby Lotion,Dabur,1,100,15,85,85,72.94,12.06,Credit Card,Rohan,Completed
ORD101626,2025-04-16 00:00:00,CUST1016,Vivaan Khan,Mumbai,Maharashtra,Snacks,Namkeen,HUL,1,80,8,73.6,73.6,61.48,12.12,Cash,Sneha,Completed
ORD101627,2026-03-12 00:00:00,CUST1094,Vikas Gupta,Nagpur,Maharashtra,Snacks,Biscuits,Dabur,6,100,5,95,570,421.32,148.68,Credit Card,Rohan,Completed
ORD101628,2025-04-14 00:00:00,CUST1029,Pooja Agrawal,Jabalpur,Madhya Pradesh,Grocery,Toor Dal,Tata,7,120,12,105.6,739.2,515.13,224.07,UPI,Pooja,Completed
ORD101629,2025-05-27 00:00:00,CUST1193,Pooja Khan,Kota,Rajasthan,Beverages,Green Tea,Parle,6,120,5,114,684,522.78,161.22,Net Banking,Rohan,Completed
ORD101630,2026-01-06 00:00:00,CUST1286,Vivaan Agrawal,Mumbai,Maharashtra,Personal Care,Face Wash,Parle,4,40,2,39.2,156.8,134.28,22.52,Net Banking,Vikas,Completed
ORD101631,2025-09-17 00:00:00,CUST1169,Meera Jain,Jabalpur,Madhya Pradesh,Baby Care,Diapers,ITC,7,150,5,142.5,0,833.21,0,Net Banking,Sneha,Returned
ORD101632,2025-06-12 00:00:00,CUST1246,Aarav Mehta,Jaipur,Rajasthan,Snacks,Chips,Patanjali,7,150,8,138,966,840.63,125.37,Cash,Pooja,Completed
ORD101633,2025-06-21 00:00:00,CUST1247,Meera Jain,Ujjain,Madhya Pradesh,Beverages,Tea,Patanjali,6,40,8,36.8,220.8,187.44,33.36,UPI,Neha,Completed
ORD101634,2025-08-28 00:00:00,CUST1219,Vivaan Jain,Mumbai,Maharashtra,Home Care,Glass Cleaner,HUL,6,300,10,270,0,1106.64,0,Net Banking,Sneha,Returned
ORD101635,2026-01-26 00:00:00,CUST1287,Priya Agrawal,Udaipur,Rajasthan,Snacks,Dry Fruits,Patanjali,5,500,5,475,2375,1830.8,544.2,Debit Card,Vikas,Completed
ORD101636,2025-08-08 00:00:00,CUST1022,Kavya Joshi,Jabalpur,Madhya Pradesh,Personal Care,Shampoo,Britannia,7,50,2,49,343,234.85,108.15,Net Banking,Pooja,Completed
ORD101637,2025-05-17 00:00:00,CUST1197,Vikas Agrawal,Mumbai,Maharashtra,Personal Care,Soap,Nestle,2,150,10,135,270,221.86,48.14,Credit Card,Sneha,Completed
ORD101638,2025-08-31 00:00:00,CUST1271,Aditya Verma,Vadodara,Gujarat,Grocery,Cooking Oil,HUL,3,100,8,92,0,195.78,0,Cash,Rohan,Cancelled
ORD101639,2025-08-14 00:00:00,CUST1195,Vivaan Singh,Bhopal,Madhya Pradesh,Home Care,Floor Cleaner,Britannia,3,40,15,34,102,81.24,20.76,Credit Card,Pooja,Completed
ORD101640,2025-10-08 00:00:00,CUST1286,Aditya Jain,Mumbai,Maharashtra,Grocery,Cooking Oil,Nestle,4,500,10,450,1800,1341.84,458.16,Cash,Rohan,Completed
ORD101641,2025-12-19 00:00:00,CUST1072,Rahul Verma,Jaipur,Rajasthan,Beverages,Green Tea,Nestle,2,250,12,220,440,358.14,81.86,Cash,Vikas,Completed
ORD101642,2025-05-07 00:00:00,CUST1125,Rohan Verma,Nagpur,Maharashtra,Beverages,Green Tea,Parle,7,60,8,55.2,386.4,328.72,57.68,UPI,Vikas,Completed
ORD101643,2025-08-01 00:00:00,CUST1285,Sneha Mehta,Mumbai,Maharashtra,Personal Care,Shampoo,Parle,1,300,15,255,0,205.43,0,UPI,Vikas,Cancelled
ORD101644,2025-10-24 00:00:00,CUST1270,Pooja Joshi,Khandwa,Madhya Pradesh,Snacks,Namkeen,ITC,7,80,5,76,532,397.53,134.47,UPI,Neha,Completed
ORD101645,2025-06-24 00:00:00,CUST1087,Ananya Khan,Ujjain,Madhya Pradesh,Home Care,Toilet Cleaner,Nestle,1,80,12,70.4,70.4,60,10.4,UPI,Amit,Completed
ORD101646,2025-04-21 00:00:00,CUST1111,Vikas Jain,Burhanpur,Madhya Pradesh,Beverages,Fruit Juice,Tata,6,200,8,184,1104,759.6,344.4,UPI,Amit,Completed
ORD101647,2025-07-27 00:00:00,CUST1095,Meera Sharma,Vadodara,Gujarat,Personal Care,Hair Oil,Britannia,4,500,5,475,1900,1428.52,471.48,Net Banking,Amit,Completed
ORD101648,2025-09-12 00:00:00,CUST1287,Meera Agrawal,Nashik,Maharashtra,Personal Care,Toothpaste,HUL,5,300,8,276,1380,1147.9,232.1,Debit Card,Neha,Completed
ORD101649,2025-04-30 00:00:00,CUST1146,Vikas Jain,Pune,Maharashtra,Personal Care,Face Wash,Tata,5,50,5,47.5,237.5,179.95,57.55,Net Banking,Amit,Completed
ORD101650,2025-12-18 00:00:00,CUST1017,Sneha Khan,Bhopal,Madhya Pradesh,Grocery,Basmati Rice,Dabur,3,50,12,44,132,97.23,34.77,UPI,Amit,Completed
ORD101651,2025-07-25 00:00:00,CUST1043,Amit Jain,Pune,Maharashtra,Beverages,Soft Drink,ITC,6,150,5,142.5,855,742.2,112.8,Net Banking,Sneha,Completed
ORD101652,2025-08-29 00:00:00,CUST1036,Rohan Sharma,Jabalpur,Madhya Pradesh,Home Care,Detergent,Patanjali,4,250,10,225,900,672.92,227.08,UPI,Sneha,Completed
ORD101653,2025-08-18 00:00:00,CUST1139,Aarav Joshi,Mumbai,Maharashtra,Home Care,Toilet Cleaner,ITC,2,200,15,170,0,246.9,0,UPI,Rohan,Cancelled
ORD101654,2025-04-17 00:00:00,CUST1111,Vikas Khan,Jabalpur,Madhya Pradesh,Beverages,Green Tea,ITC,3,80,8,73.6,220.8,182.67,38.13,UPI,Neha,Completed
ORD101655,2025-04-24 00:00:00,CUST1275,Ananya Khan,Nashik,Maharashtra,Grocery,Wheat Flour,HUL,7,100,0,100,700,577.29,122.71,Credit Card,Sneha,Completed
ORD101656,2026-03-10 00:00:00,CUST1033,Pooja Singh,Pune,Maharashtra,Snacks,Namkeen,Dabur,5,500,2,490,2450,2042.65,407.35,Cash,Pooja,Completed
ORD101657,2025-04-04 00:00:00,CUST1236,Pooja Patel,Jaipur,Rajasthan,Snacks,Dry Fruits,P&G,6,50,0,50,300,238.26,61.74,UPI,Vikas,Completed
ORD101658,2025-12-28 00:00:00,CUST1017,Vikas Patel,Bhopal,Madhya Pradesh,Home Care,Floor Cleaner,ITC,1,30,12,26.4,26.4,18.73,7.67,Net Banking,Neha,Completed
ORD101659,2025-06-05 00:00:00,CUST1245,Rahul Gupta,Surat,Gujarat,Grocery,Wheat Flour,Tata,1,50,8,46,0,34.24,0,Debit Card,Rohan,Cancelled
ORD101660,2025-12-16 00:00:00,CUST1077,Sneha Sharma,Bhopal,Madhya Pradesh,Baby Care,Baby Soap,Patanjali,4,30,12,26.4,105.6,74.24,31.36,UPI,Rohan,Completed
ORD101661,2026-02-04 00:00:00,CUST1124,Kavya Joshi,Burhanpur,Madhya Pradesh,Personal Care,Hair Oil,Britannia,2,500,8,460,920,647.12,272.88,Net Banking,Sneha,Completed
ORD101662,2026-02-20 00:00:00,CUST1172,Arjun Jain,Ujjain,Madhya Pradesh,Baby Care,Baby Powder,Nestle,6,120,10,108,648,526.44,121.56,Net Banking,Amit,Completed
ORD101663,2025-05-07 00:00:00,CUST1265,Sneha Jain,Burhanpur,Madhya Pradesh,Grocery,Wheat Flour,Dabur,7,250,10,225,1575,1135.96,439.04,Net Banking,Sneha,Completed
ORD101664,2025-11-03 00:00:00,CUST1123,Meera Khan,Nashik,Maharashtra,Beverages,Tea,HUL,3,50,8,46,0,98.58,0,Net Banking,Sneha,Returned
ORD101665,2025-06-14 00:00:00,CUST1207,Kavya Khan,Jabalpur,Madhya Pradesh,Snacks,Chips,Tata,2,60,12,52.8,105.6,75.58,30.02,Cash,Vikas,Completed
ORD101666,2025-07-16 00:00:00,CUST1143,Vikas Sharma,Nagpur,Maharashtra,Home Care,Dishwash,Patanjali,7,250,2,245,1715,1436.47,278.53,UPI,Neha,Completed
ORD101667,2025-11-19 00:00:00,CUST1279,Sneha Jain,Kota,Rajasthan,Snacks,Dry Fruits,Britannia,4,300,8,276,1104,901.64,202.36,Cash,Neha,Completed
ORD101668,2025-08-19 00:00:00,CUST1140,Pooja Agrawal,Khandwa,Madhya Pradesh,Snacks,Chips,Nestle,5,300,8,276,1380,1093.4,286.6,Debit Card,Amit,Completed
ORD101669,2026-02-09 00:00:00,CUST1010,Neha Sharma,Vadodara,Gujarat,Baby Care,Baby Lotion,ITC,5,50,2,49,245,186.3,58.7,Cash,Rohan,Completed
ORD101670,2025-11-05 00:00:00,CUST1089,Rahul Singh,Pune,Maharashtra,Personal Care,Soap,ITC,2,250,0,250,500,348.56,151.44,UPI,Sneha,Completed
ORD101671,2025-09-26 00:00:00,CUST1246,Rohan Joshi,Jaipur,Rajasthan,Snacks,Namkeen,Nestle,2,300,15,255,510,418.38,91.62,UPI,Neha,Completed
ORD101672,2026-02-13 00:00:00,CUST1242,Kavya Jain,Udaipur,Rajasthan,Personal Care,Face Wash,Patanjali,1,60,10,54,54,39.5,14.5,UPI,Pooja,Completed
ORD101673,2025-05-15 00:00:00,CUST1027,Pooja Mehta,Ahmedabad,Gujarat,Snacks,Biscuits,P&G,4,120,5,114,0,396.64,0,UPI,Amit,Returned
ORD101674,2025-05-09 00:00:00,CUST1255,Rohan Verma,Nagpur,Maharashtra,Beverages,Green Tea,Parle,1,150,2,147,147,122.46,24.54,UPI,Sneha,Completed
ORD101675,2025-09-24 00:00:00,CUST1009,Aditya Agrawal,Ahmedabad,Gujarat,Beverages,Coffee,Nestle,3,100,10,90,270,191.07,78.93,Debit Card,Pooja,Completed
ORD101676,2025-12-01 00:00:00,CUST1058,Kavya Sharma,Jabalpur,Madhya Pradesh,Grocery,Cooking Oil,Parle,5,120,15,102,510,406.9,103.1,Cash,Rohan,Completed
ORD101677,2026-03-27 00:00:00,CUST1268,Priya Joshi,Ahmedabad,Gujarat,Personal Care,Face Wash,Patanjali,3,250,10,225,675,464.34,210.66,UPI,Vikas,Completed
ORD101678,2025-12-08 00:00:00,CUST1299,Kavya Mehta,Vadodara,Gujarat,Grocery,Wheat Flour,ITC,4,150,0,150,600,521.68,78.32,Cash,Vikas,Completed
ORD101679,2025-06-01 00:00:00,CUST1174,Pooja Agrawal,Ahmedabad,Gujarat,Grocery,Cooking Oil,Britannia,7,30,5,28.5,0,151.9,0,UPI,Rohan,Cancelled
ORD101680,2025-08-13 00:00:00,CUST1151,Arjun Jain,Burhanpur,Madhya Pradesh,Baby Care,Baby Soap,Parle,7,80,2,78.4,548.8,383.81,164.99,UPI,Vikas,Completed
ORD101681,2025-09-18 00:00:00,CUST1042,Kavya Agrawal,Burhanpur,Madhya Pradesh,Personal Care,Hair Oil,HUL,6,500,12,440,2640,2192.34,447.66,Net Banking,Neha,Completed
ORD101682,2026-02-28 00:00:00,CUST1214,Sneha Joshi,Burhanpur,Madhya Pradesh,Baby Care,Diapers,ITC,6,200,8,184,1104,758.82,345.18,UPI,Rohan,Completed
ORD101683,2025-06-04 00:00:00,CUST1018,Arjun Singh,Pune,Maharashtra,Grocery,Toor Dal,Britannia,2,200,0,200,400,337.32,62.68,UPI,Pooja,Completed
ORD101684,2025-10-01 00:00:00,CUST1224,Ananya Jain,Indore,Madhya Pradesh,Baby Care,Diapers,ITC,2,150,15,127.5,255,191.78,63.22,UPI,Vikas,Completed
ORD101685,2025-07-14 00:00:00,CUST1072,Priya Agrawal,Jabalpur,Madhya Pradesh,Beverages,Green Tea,Tata,1,30,8,27.6,27.6,21.27,6.33,Cash,Sneha,Completed
ORD101686,2025-11-15 00:00:00,CUST1185,Meera Mehta,Nagpur,Maharashtra,Snacks,Biscuits,HUL,3,500,5,475,0,1031.34,0,Credit Card,Neha,Cancelled
ORD101687,2025-04-24 00:00:00,CUST1141,Aarav Gupta,Jabalpur,Madhya Pradesh,Home Care,Glass Cleaner,Dabur,7,100,5,95,665,546.28,118.72,UPI,Amit,Completed
ORD101688,2025-05-23 00:00:00,CUST1256,Priya Gupta,Vadodara,Gujarat,Grocery,Sugar,ITC,6,40,10,36,216,179.1,36.9,Net Banking,Rohan,Completed
ORD101689,2026-03-26 00:00:00,CUST1179,Rahul Patel,Vadodara,Gujarat,Beverages,Coffee,Tata,3,200,5,190,570,400.92,169.08,UPI,Rohan,Completed
ORD101690,2025-12-05 00:00:00,CUST1134,Vivaan Gupta,Kota,Rajasthan,Snacks,Dry Fruits,Parle,2,200,2,196,0,269.54,0,Net Banking,Amit,Cancelled
ORD101691,2026-02-21 00:00:00,CUST1057,Vikas Sharma,Indore,Madhya Pradesh,Beverages,Green Tea,Patanjali,4,50,10,45,0,130.64,0,Net Banking,Pooja,Returned
ORD101692,2025-06-22 00:00:00,CUST1230,Neha Sharma,Khandwa,Madhya Pradesh,Beverages,Tea,Dabur,6,60,10,54,0,251.04,0,Debit Card,Pooja,Cancelled
ORD101693,2025-04-12 00:00:00,CUST1169,Vikas Singh,Khandwa,Madhya Pradesh,Snacks,Namkeen,HUL,3,80,2,78.4,235.2,177.09,58.11,Net Banking,Amit,Completed
ORD101694,2025-07-03 00:00:00,CUST1224,Kavya Gupta,Kota,Rajasthan,Snacks,Cookies,Nestle,7,50,12,44,308,221.13,86.87,Cash,Amit,Completed
ORD101695,2025-10-23 00:00:00,CUST1286,Vikas Agrawal,Khandwa,Madhya Pradesh,Beverages,Coffee,Britannia,5,200,15,170,0,698.9,0,Debit Card,Rohan,Cancelled
ORD101696,2025-08-24 00:00:00,CUST1006,Arjun Gupta,Surat,Gujarat,Snacks,Dry Fruits,Britannia,1,150,0,150,150,123.59,26.41,Cash,Pooja,Completed
ORD101697,2025-11-03 00:00:00,CUST1054,Sneha Sharma,Udaipur,Rajasthan,Grocery,Sugar,Parle,5,200,10,180,900,731.6,168.4,Cash,Vikas,Completed
ORD101698,2025-04-05 00:00:00,CUST1174,Aarav Sharma,Jaipur,Rajasthan,Snacks,Chips,Parle,7,150,2,147,1029,904.05,124.95,Credit Card,Pooja,Completed
ORD101699,2025-07-12 00:00:00,CUST1292,Rahul Gupta,Ahmedabad,Gujarat,Home Care,Floor Cleaner,Dabur,1,30,0,30,30,22.78,7.22,Net Banking,Amit,Completed
ORD101700,2026-03-05 00:00:00,CUST1132,Pooja Jain,Kota,Rajasthan,Baby Care,Baby Shampoo,Britannia,7,150,15,127.5,892.5,634.34,258.16,Debit Card,Sneha,Completed
ORD101701,2026-01-22 00:00:00,CUST1009,Pooja Singh,Mumbai,Maharashtra,Home Care,Glass Cleaner,Parle,5,80,10,72,360,249.55,110.45,UPI,Pooja,Completed
ORD101702,2025-06-26 00:00:00,CUST1234,Aarav Joshi,Nashik,Maharashtra,Snacks,Biscuits,Dabur,1,100,2,98,98,76.86,21.14,Net Banking,Sneha,Completed
ORD101703,2025-09-02 00:00:00,CUST1082,Vikas Mehta,Vadodara,Gujarat,Snacks,Dry Fruits,HUL,5,80,15,68,340,234.15,105.85,Credit Card,Sneha,Completed
ORD101704,2025-12-18 00:00:00,CUST1112,Rohan Sharma,Khandwa,Madhya Pradesh,Baby Care,Baby Powder,Patanjali,5,100,8,92,0,324.25,0,Cash,Pooja,Returned
ORD101705,2025-10-14 00:00:00,CUST1135,Aditya Gupta,Jaipur,Rajasthan,Home Care,Glass Cleaner,Britannia,3,200,10,180,540,400.56,139.44,UPI,Pooja,Completed
ORD101706,2025-11-22 00:00:00,CUST1294,Priya Khan,Ahmedabad,Gujarat,Snacks,Biscuits,P&G,1,250,5,237.5,0,208.35,0,UPI,Amit,Returned
ORD101707,2025-11-26 00:00:00,CUST1209,Priya Gupta,Burhanpur,Madhya Pradesh,Grocery,Wheat Flour,P&G,4,300,12,264,1056,923.88,132.12,UPI,Amit,Completed
ORD101708,2025-05-10 00:00:00,CUST1096,Arjun Singh,Mumbai,Maharashtra,Snacks,Biscuits,P&G,3,200,10,180,540,381.54,158.46,Cash,Amit,Completed
ORD101709,2025-07-15 00:00:00,CUST1035,Pooja Khan,Ahmedabad,Gujarat,Snacks,Biscuits,Parle,3,250,10,225,675,585.81,89.19,Cash,Pooja,Completed
ORD101710,2025-10-26 00:00:00,CUST1055,Ananya Verma,Nagpur,Maharashtra,Snacks,Dry Fruits,Dabur,2,150,10,135,270,185.3,84.7,UPI,Neha,Completed
ORD101711,2025-07-14 00:00:00,CUST1112,Priya Joshi,Mumbai,Maharashtra,Snacks,Namkeen,HUL,2,500,10,450,900,693.26,206.74,Net Banking,Amit,Completed
ORD101712,2025-06-25 00:00:00,CUST1192,Amit Singh,Bhopal,Madhya Pradesh,Snacks,Biscuits,ITC,5,80,8,73.6,368,271.1,96.9,UPI,Neha,Completed
ORD101713,2026-02-13 00:00:00,CUST1099,Aarav Verma,Surat,Gujarat,Beverages,Coffee,Dabur,6,300,8,276,1656,1184.1,471.9,UPI,Pooja,Completed
ORD101714,2026-02-17 00:00:00,CUST1097,Vivaan Verma,Pune,Maharashtra,Home Care,Floor Cleaner,ITC,3,100,2,98,294,245.97,48.03,UPI,Pooja,Completed
ORD101715,2026-02-16 00:00:00,CUST1248,Aarav Khan,Burhanpur,Madhya Pradesh,Grocery,Toor Dal,Britannia,4,80,8,73.6,294.4,213.36,81.04,UPI,Amit,Completed
ORD101716,2025-08-23 00:00:00,CUST1072,Vivaan Patel,Ujjain,Madhya Pradesh,Grocery,Toor Dal,Dabur,6,60,2,58.8,0,262.74,0,Cash,Pooja,Cancelled
ORD101717,2025-09-02 00:00:00,CUST1121,Aditya Patel,Mumbai,Maharashtra,Baby Care,Diapers,Dabur,5,60,12,52.8,264,216.6,47.4,Net Banking,Rohan,Completed
ORD101718,2025-10-12 00:00:00,CUST1071,Sneha Mehta,Pune,Maharashtra,Snacks,Namkeen,P&G,7,150,10,135,945,732.06,212.94,Debit Card,Pooja,Completed
ORD101719,2025-05-21 00:00:00,CUST1215,Aarav Agrawal,Bhopal,Madhya Pradesh,Snacks,Chips,Patanjali,6,80,2,78.4,470.4,363.72,106.68,Debit Card,Rohan,Completed
ORD101720,2025-04-03 00:00:00,CUST1094,Ananya Gupta,Bhopal,Madhya Pradesh,Baby Care,Baby Soap,ITC,7,40,12,35.2,246.4,173.04,73.36,Net Banking,Sneha,Completed
ORD101721,2026-03-23 00:00:00,CUST1009,Neha Jain,Mumbai,Maharashtra,Personal Care,Toothpaste,Tata,1,150,0,150,150,115.52,34.48,UPI,Rohan,Completed
ORD101722,2025-07-26 00:00:00,CUST1110,Amit Mehta,Khandwa,Madhya Pradesh,Personal Care,Shampoo,Dabur,2,300,2,294,588,435.72,152.28,Cash,Rohan,Completed
ORD101723,2026-01-03 00:00:00,CUST1139,Rahul Mehta,Pune,Maharashtra,Snacks,Chips,Parle,2,30,8,27.6,0,39.52,0,UPI,Neha,Cancelled
ORD101724,2025-04-11 00:00:00,CUST1122,Aditya Joshi,Burhanpur,Madhya Pradesh,Grocery,Wheat Flour,Nestle,5,100,8,92,0,326.15,0,UPI,Rohan,Returned
ORD101725,2025-11-29 00:00:00,CUST1277,Rahul Sharma,Burhanpur,Madhya Pradesh,Home Care,Glass Cleaner,ITC,6,500,5,475,2850,2338.56,511.44,UPI,Sneha,Completed
ORD101726,2026-01-02 00:00:00,CUST1216,Priya Mehta,Pune,Maharashtra,Home Care,Detergent,Dabur,3,250,10,225,675,541.47,133.53,UPI,Rohan,Completed
ORD101727,2026-01-13 00:00:00,CUST1149,Vivaan Khan,Jabalpur,Madhya Pradesh,Home Care,Dishwash,Nestle,4,50,12,44,176,130.92,45.08,Debit Card,Rohan,Completed
ORD101728,2026-03-21 00:00:00,CUST1021,Vikas Jain,Khandwa,Madhya Pradesh,Snacks,Cookies,Tata,4,30,12,26.4,0,90.28,0,UPI,Neha,Returned
ORD101729,2026-03-07 00:00:00,CUST1159,Neha Agrawal,Ahmedabad,Gujarat,Baby Care,Diapers,HUL,6,80,10,72,432,333.66,98.34,Net Banking,Pooja,Completed
ORD101730,2026-03-17 00:00:00,CUST1016,Vikas Verma,Bhopal,Madhya Pradesh,Snacks,Dry Fruits,Parle,5,30,15,25.5,127.5,104.2,23.3,UPI,Pooja,Completed
ORD101731,2026-03-24 00:00:00,CUST1013,Rahul Sharma,Nagpur,Maharashtra,Grocery,Sugar,Britannia,4,250,15,212.5,850,728.8,121.2,UPI,Vikas,Completed
ORD101732,2026-01-22 00:00:00,CUST1082,Rohan Gupta,Nashik,Maharashtra,Personal Care,Soap,P&G,5,40,2,39.2,196,153.55,42.45,Credit Card,Amit,Completed
ORD101733,2025-08-11 00:00:00,CUST1086,Neha Sharma,Indore,Madhya Pradesh,Grocery,Basmati Rice,HUL,4,300,12,264,1056,734.6,321.4,Debit Card,Sneha,Completed
ORD101734,2026-02-16 00:00:00,CUST1227,Pooja Mehta,Bhopal,Madhya Pradesh,Baby Care,Diapers,Parle,3,80,10,72,216,163.65,52.35,UPI,Neha,Completed
ORD101735,2025-06-16 00:00:00,CUST1087,Kavya Agrawal,Nashik,Maharashtra,Snacks,Biscuits,HUL,7,200,10,180,1260,895.23,364.77,UPI,Neha,Completed
ORD101736,2026-03-31 00:00:00,CUST1270,Rahul Verma,Khandwa,Madhya Pradesh,Snacks,Dry Fruits,Tata,5,30,5,28.5,0,124.3,0,UPI,Amit,Cancelled
ORD101737,2026-03-31 00:00:00,CUST1215,Meera Sharma,Vadodara,Gujarat,Grocery,Sugar,Parle,1,200,15,170,170,149.5,20.5,Cash,Neha,Completed
ORD101738,2026-01-12 00:00:00,CUST1176,Ananya Agrawal,Jabalpur,Madhya Pradesh,Beverages,Soft Drink,Nestle,7,60,10,54,0,321.3,0,Debit Card,Pooja,Cancelled
ORD101739,2025-04-29 00:00:00,CUST1238,Neha Patel,Khandwa,Madhya Pradesh,Personal Care,Face Wash,Tata,6,30,10,27,162,141.36,20.64,Debit Card,Rohan,Completed
ORD101740,2026-02-11 00:00:00,CUST1183,Rahul Patel,Khandwa,Madhya Pradesh,Snacks,Chips,HUL,1,50,10,45,0,31.21,0,UPI,Vikas,Cancelled
ORD101741,2026-02-27 00:00:00,CUST1083,Sneha Joshi,Khandwa,Madhya Pradesh,Grocery,Toor Dal,Dabur,4,500,0,500,0,1723.04,0,UPI,Sneha,Returned
ORD101742,2026-02-19 00:00:00,CUST1036,Priya Joshi,Indore,Madhya Pradesh,Beverages,Tea,Patanjali,4,80,12,70.4,0,231.92,0,UPI,Rohan,Cancelled
ORD101743,2026-01-07 00:00:00,CUST1085,Rahul Mehta,Khandwa,Madhya Pradesh,Personal Care,Soap,Dabur,4,30,8,27.6,0,84.52,0,UPI,Vikas,Cancelled
ORD101744,2025-09-20 00:00:00,CUST1143,Ananya Jain,Ahmedabad,Gujarat,Personal Care,Shampoo,Patanjali,7,60,0,60,420,352.8,67.2,UPI,Pooja,Completed
ORD101745,2026-03-03 00:00:00,CUST1182,Rahul Khan,Bhopal,Madhya Pradesh,Snacks,Biscuits,P&G,3,120,8,110.4,331.2,267.99,63.21,Cash,Rohan,Completed
ORD101746,2025-10-21 00:00:00,CUST1186,Rahul Khan,Pune,Maharashtra,Personal Care,Shampoo,Parle,3,30,15,25.5,0,64.23,0,Cash,Vikas,Cancelled
ORD101747,2025-10-08 00:00:00,CUST1184,Pooja Mehta,Nagpur,Maharashtra,Home Care,Toilet Cleaner,Patanjali,3,500,2,490,0,1143.3,0,Debit Card,Sneha,Cancelled
ORD101748,2026-03-06 00:00:00,CUST1228,Rahul Agrawal,Pune,Maharashtra,Grocery,Basmati Rice,Nestle,4,80,12,70.4,281.6,206,75.6,Cash,Pooja,Completed
ORD101749,2025-10-26 00:00:00,CUST1127,Rahul Agrawal,Mumbai,Maharashtra,Personal Care,Toothpaste,Nestle,3,100,5,95,285,199.11,85.89,UPI,Neha,Completed
ORD101750,2025-05-30 00:00:00,CUST1184,Vikas Sharma,Jabalpur,Madhya Pradesh,Personal Care,Soap,Patanjali,3,120,10,108,324,250.8,73.2,Cash,Sneha,Completed
ORD101751,2026-02-26 00:00:00,CUST1115,Kavya Mehta,Bhopal,Madhya Pradesh,Beverages,Fruit Juice,Parle,3,500,2,490,1470,1190.25,279.75,Cash,Sneha,Completed
ORD101752,2025-12-22 00:00:00,CUST1075,Amit Jain,Mumbai,Maharashtra,Beverages,Coffee,HUL,6,150,0,150,900,687.78,212.22,Cash,Neha,Completed
ORD101753,2026-02-08 00:00:00,CUST1037,Neha Sharma,Nashik,Maharashtra,Beverages,Coffee,Dabur,4,200,15,170,0,533.6,0,Credit Card,Pooja,Cancelled
ORD101754,2025-09-27 00:00:00,CUST1069,Aarav Mehta,Khandwa,Madhya Pradesh,Personal Care,Toothpaste,HUL,7,150,5,142.5,997.5,717.01,280.49,Credit Card,Rohan,Completed
ORD101755,2025-05-14 00:00:00,CUST1154,Neha Verma,Bhopal,Madhya Pradesh,Personal Care,Shampoo,P&G,3,100,10,90,270,189.3,80.7,UPI,Sneha,Completed
ORD101756,2026-01-17 00:00:00,CUST1267,Ananya Patel,Jabalpur,Madhya Pradesh,Personal Care,Face Wash,P&G,5,100,10,90,450,382.25,67.75,UPI,Pooja,Completed
ORD101757,2025-10-31 00:00:00,CUST1043,Priya Patel,Nagpur,Maharashtra,Beverages,Coffee,HUL,1,120,8,110.4,110.4,91.64,18.76,Credit Card,Pooja,Completed
ORD101758,2025-11-11 00:00:00,CUST1161,Arjun Gupta,Vadodara,Gujarat,Grocery,Basmati Rice,HUL,4,40,15,34,136,110.68,25.32,UPI,Vikas,Completed
ORD101759,2025-11-30 00:00:00,CUST1109,Meera Mehta,Vadodara,Gujarat,Baby Care,Diapers,Nestle,1,200,2,196,196,146.69,49.31,Cash,Amit,Completed
ORD101760,2026-01-21 00:00:00,CUST1042,Pooja Gupta,Ahmedabad,Gujarat,Personal Care,Hair Oil,ITC,3,40,0,40,120,82.05,37.95,Credit Card,Pooja,Completed
ORD101761,2025-08-03 00:00:00,CUST1087,Aditya Joshi,Ahmedabad,Gujarat,Snacks,Chips,Dabur,7,200,12,176,1232,905.24,326.76,UPI,Amit,Completed
ORD101762,2025-04-04 00:00:00,CUST1169,Kavya Singh,Ujjain,Madhya Pradesh,Snacks,Dry Fruits,Nestle,7,80,10,72,504,371.84,132.16,Net Banking,Rohan,Completed
ORD101763,2025-12-06 00:00:00,CUST1200,Sneha Joshi,Jaipur,Rajasthan,Baby Care,Baby Lotion,ITC,7,120,8,110.4,772.8,598.08,174.72,UPI,Vikas,Completed
ORD101764,2025-10-09 00:00:00,CUST1297,Aditya Joshi,Jaipur,Rajasthan,Beverages,Tea,ITC,2,100,2,98,196,137.32,58.68,Cash,Neha,Completed
ORD101765,2025-10-02 00:00:00,CUST1065,Rahul Agrawal,Indore,Madhya Pradesh,Grocery,Toor Dal,Patanjali,5,80,15,68,340,296.15,43.85,UPI,Neha,Completed
ORD101766,2025-12-25 00:00:00,CUST1189,Pooja Joshi,Udaipur,Rajasthan,Beverages,Coffee,Parle,1,30,5,28.5,28.5,20.61,7.89,Debit Card,Pooja,Completed
ORD101767,2025-12-13 00:00:00,CUST1094,Arjun Agrawal,Jabalpur,Madhya Pradesh,Grocery,Toor Dal,ITC,6,50,0,50,300,247.74,52.26,Debit Card,Sneha,Completed
ORD101768,2026-01-31 00:00:00,CUST1134,Rahul Sharma,Ahmedabad,Gujarat,Home Care,Toilet Cleaner,HUL,6,30,5,28.5,171,121.98,49.02,UPI,Vikas,Completed
ORD101769,2025-06-20 00:00:00,CUST1047,Priya Gupta,Mumbai,Maharashtra,Beverages,Coffee,Patanjali,1,80,2,78.4,78.4,67.25,11.15,UPI,Neha,Completed
ORD101770,2025-04-29 00:00:00,CUST1202,Pooja Agrawal,Khandwa,Madhya Pradesh,Beverages,Fruit Juice,Dabur,4,60,2,58.8,235.2,160.08,75.12,UPI,Rohan,Completed
ORD101771,2025-04-18 00:00:00,CUST1126,Aditya Agrawal,Nagpur,Maharashtra,Beverages,Tea,ITC,4,60,0,60,240,205.24,34.76,Net Banking,Pooja,Completed
ORD101772,2025-12-07 00:00:00,CUST1024,Rahul Gupta,Surat,Gujarat,Beverages,Fruit Juice,Nestle,6,80,10,72,432,362.28,69.72,Debit Card,Sneha,Completed
ORD101773,2025-11-23 00:00:00,CUST1277,Ananya Khan,Kota,Rajasthan,Snacks,Chips,ITC,1,500,5,475,475,383.93,91.07,UPI,Sneha,Completed
ORD101774,2025-05-07 00:00:00,CUST1204,Rahul Verma,Udaipur,Rajasthan,Baby Care,Baby Shampoo,Tata,4,150,10,135,540,411.32,128.68,UPI,Sneha,Completed
ORD101775,2026-01-24 00:00:00,CUST1219,Aarav Khan,Nagpur,Maharashtra,Grocery,Sugar,Patanjali,6,300,8,276,1656,1134.6,521.4,UPI,Amit,Completed
ORD101776,2025-06-24 00:00:00,CUST1117,Priya Patel,Surat,Gujarat,Snacks,Dry Fruits,HUL,5,250,15,212.5,1062.5,848.8,213.7,Net Banking,Amit,Completed
ORD101777,2025-11-27 00:00:00,CUST1229,Meera Verma,Ahmedabad,Gujarat,Personal Care,Soap,P&G,2,500,0,500,1000,728.38,271.62,Cash,Amit,Completed
ORD101778,2025-06-03 00:00:00,CUST1175,Amit Sharma,Mumbai,Maharashtra,Personal Care,Face Wash,Nestle,4,120,10,108,0,366.72,0,Credit Card,Rohan,Returned
ORD101779,2025-10-18 00:00:00,CUST1005,Aditya Khan,Jabalpur,Madhya Pradesh,Home Care,Dishwash,Patanjali,7,50,10,45,315,257.53,57.47,Debit Card,Pooja,Completed
ORD101780,2026-01-03 00:00:00,CUST1232,Neha Khan,Nashik,Maharashtra,Snacks,Namkeen,ITC,1,60,0,60,60,51.98,8.02,Cash,Rohan,Completed
ORD101781,2025-11-04 00:00:00,CUST1164,Arjun Agrawal,Mumbai,Maharashtra,Baby Care,Baby Lotion,Dabur,6,250,12,220,0,1082.22,0,UPI,Vikas,Returned
ORD101782,2025-07-15 00:00:00,CUST1142,Neha Joshi,Kota,Rajasthan,Beverages,Tea,Nestle,2,200,0,200,400,328.12,71.88,UPI,Pooja,Completed
ORD101783,2025-07-02 00:00:00,CUST1216,Amit Sharma,Vadodara,Gujarat,Baby Care,Diapers,Patanjali,3,80,8,73.6,220.8,183.18,37.62,Net Banking,Neha,Completed
ORD101784,2025-04-15 00:00:00,CUST1211,Sneha Jain,Pune,Maharashtra,Beverages,Green Tea,HUL,6,500,2,490,2940,2355.3,584.7,UPI,Pooja,Completed
ORD101785,2025-07-28 00:00:00,CUST1057,Aditya Joshi,Ahmedabad,Gujarat,Home Care,Toilet Cleaner,HUL,4,500,8,460,1840,1419.92,420.08,UPI,Amit,Completed
ORD101786,2026-01-19 00:00:00,CUST1206,Sneha Mehta,Vadodara,Gujarat,Personal Care,Face Wash,Britannia,3,30,15,25.5,76.5,56.37,20.13,UPI,Pooja,Completed
ORD101787,2025-12-27 00:00:00,CUST1257,Pooja Patel,Ahmedabad,Gujarat,Beverages,Green Tea,Tata,3,30,12,26.4,0,69.63,0,UPI,Rohan,Returned
ORD101788,2026-01-09 00:00:00,CUST1251,Sneha Agrawal,Vadodara,Gujarat,Snacks,Biscuits,P&G,4,150,5,142.5,570,489.16,80.84,UPI,Neha,Completed
ORD101789,2026-01-09 00:00:00,CUST1155,Rahul Agrawal,Nashik,Maharashtra,Beverages,Tea,Tata,5,100,12,88,440,340.15,99.85,Debit Card,Pooja,Completed
ORD101790,2025-08-09 00:00:00,CUST1021,Sneha Verma,Kota,Rajasthan,Home Care,Dishwash,Britannia,2,30,5,28.5,57,48.68,8.32,UPI,Neha,Completed
ORD101791,2025-11-11 00:00:00,CUST1103,Amit Jain,Udaipur,Rajasthan,Personal Care,Face Wash,Nestle,5,300,0,300,0,1154.05,0,UPI,Sneha,Cancelled
ORD101792,2025-08-22 00:00:00,CUST1063,Meera Agrawal,Khandwa,Madhya Pradesh,Personal Care,Face Wash,HUL,5,250,8,230,1150,836.05,313.95,UPI,Sneha,Completed
ORD101793,2025-07-05 00:00:00,CUST1145,Vivaan Jain,Indore,Madhya Pradesh,Snacks,Dry Fruits,Tata,4,150,8,138,0,463.96,0,Cash,Amit,Cancelled
ORD101794,2026-03-15 00:00:00,CUST1131,Vikas Joshi,Vadodara,Gujarat,Baby Care,Baby Lotion,Patanjali,5,120,0,120,600,475.1,124.9,Credit Card,Sneha,Completed
ORD101795,2025-07-20 00:00:00,CUST1296,Pooja Patel,Kota,Rajasthan,Home Care,Detergent,Dabur,3,40,2,39.2,117.6,84.03,33.57,Cash,Rohan,Completed
ORD101796,2025-12-09 00:00:00,CUST1085,Neha Sharma,Pune,Maharashtra,Grocery,Wheat Flour,Parle,5,40,8,36.8,184,147.85,36.15,UPI,Rohan,Completed
ORD101797,2025-07-26 00:00:00,CUST1029,Priya Verma,Ujjain,Madhya Pradesh,Home Care,Glass Cleaner,Britannia,2,50,15,42.5,85,64.52,20.48,UPI,Vikas,Completed
ORD101798,2025-07-15 00:00:00,CUST1268,Vivaan Jain,Udaipur,Rajasthan,Snacks,Chips,P&G,6,50,0,50,300,215.82,84.18,Cash,Amit,Completed
ORD101799,2025-04-16 00:00:00,CUST1272,Pooja Jain,Khandwa,Madhya Pradesh,Snacks,Namkeen,Parle,1,30,5,28.5,0,23.43,0,Credit Card,Amit,Cancelled
ORD101800,2025-09-05 00:00:00,CUST1121,Aditya Joshi,Ujjain,Madhya Pradesh,Home Care,Floor Cleaner,Nestle,1,200,5,190,190,144.38,45.62,Cash,Sneha,Completed
ORD101801,2025-12-28 00:00:00,CUST1005,Pooja Gupta,Ahmedabad,Gujarat,Baby Care,Baby Soap,HUL,4,120,10,108,432,343.72,88.28,Debit Card,Sneha,Completed
ORD101802,2026-01-13 00:00:00,CUST1156,Pooja Mehta,Nagpur,Maharashtra,Grocery,Basmati Rice,Britannia,2,300,2,294,588,467.76,120.24,UPI,Rohan,Completed
ORD101803,2025-10-14 00:00:00,CUST1021,Meera Khan,Khandwa,Madhya Pradesh,Baby Care,Diapers,Dabur,7,150,5,142.5,997.5,687.26,310.24,Net Banking,Amit,Completed
ORD101804,2025-05-22 00:00:00,CUST1223,Sneha Sharma,Ahmedabad,Gujarat,Snacks,Namkeen,Britannia,2,30,2,29.4,58.8,48.32,10.48,Net Banking,Amit,Completed
ORD101805,2025-10-07 00:00:00,CUST1063,Kavya Singh,Indore,Madhya Pradesh,Snacks,Dry Fruits,Tata,7,500,2,490,3430,2596.3,833.7,Cash,Sneha,Completed
ORD101806,2025-06-27 00:00:00,CUST1108,Sneha Mehta,Surat,Gujarat,Grocery,Basmati Rice,Patanjali,4,150,2,147,588,510.4,77.6,UPI,Amit,Completed
ORD101807,2026-01-16 00:00:00,CUST1066,Kavya Jain,Jaipur,Rajasthan,Baby Care,Baby Lotion,HUL,6,50,0,50,300,232.92,67.08,Net Banking,Sneha,Completed
ORD101808,2026-02-06 00:00:00,CUST1018,Aarav Joshi,Khandwa,Madhya Pradesh,Home Care,Dishwash,Nestle,3,250,5,237.5,712.5,530.85,181.65,Net Banking,Sneha,Completed
ORD101809,2025-06-19 00:00:00,CUST1176,Aarav Joshi,Surat,Gujarat,Baby Care,Diapers,ITC,6,300,15,255,1530,1297.86,232.14,Debit Card,Pooja,Completed
ORD101810,2025-10-27 00:00:00,CUST1191,Sneha Sharma,Ujjain,Madhya Pradesh,Grocery,Cooking Oil,ITC,2,80,10,72,144,121.22,22.78,Cash,Neha,Completed
ORD101811,2025-12-01 00:00:00,CUST1161,Pooja Singh,Mumbai,Maharashtra,Baby Care,Baby Soap,ITC,7,300,5,285,1995,1362.41,632.59,UPI,Pooja,Completed
ORD101812,2025-10-31 00:00:00,CUST1188,Neha Jain,Pune,Maharashtra,Personal Care,Shampoo,P&G,5,80,12,70.4,352,281,71,Cash,Neha,Completed
ORD101813,2025-06-21 00:00:00,CUST1021,Aditya Patel,Ahmedabad,Gujarat,Snacks,Namkeen,Patanjali,1,80,0,80,80,64.3,15.7,UPI,Amit,Completed
ORD101814,2026-03-08 00:00:00,CUST1105,Priya Joshi,Nagpur,Maharashtra,Home Care,Dishwash,Britannia,1,100,15,85,85,66.01,18.99,UPI,Sneha,Completed
ORD101815,2025-06-14 00:00:00,CUST1254,Amit Joshi,Jaipur,Rajasthan,Beverages,Fruit Juice,Patanjali,5,50,15,42.5,212.5,185.9,26.6,Cash,Neha,Completed
ORD101816,2025-12-31 00:00:00,CUST1195,Aditya Sharma,Indore,Madhya Pradesh,Home Care,Toilet Cleaner,Patanjali,6,30,15,25.5,153,110.4,42.6,Net Banking,Neha,Completed
ORD101817,2026-02-28 00:00:00,CUST1165,Rahul Gupta,Ujjain,Madhya Pradesh,Baby Care,Baby Powder,Parle,3,200,5,190,570,414.39,155.61,Cash,Amit,Completed
ORD101818,2025-10-28 00:00:00,CUST1281,Meera Gupta,Indore,Madhya Pradesh,Snacks,Namkeen,Parle,7,500,2,490,3430,2638.79,791.21,Cash,Rohan,Completed
ORD101819,2025-09-17 00:00:00,CUST1190,Priya Jain,Khandwa,Madhya Pradesh,Grocery,Toor Dal,Nestle,5,40,12,35.2,176,152.9,23.1,Cash,Pooja,Completed
ORD101820,2026-02-13 00:00:00,CUST1185,Aarav Mehta,Indore,Madhya Pradesh,Grocery,Wheat Flour,ITC,1,500,12,440,440,352.27,87.73,Net Banking,Sneha,Completed
ORD101821,2025-05-05 00:00:00,CUST1046,Amit Gupta,Ujjain,Madhya Pradesh,Snacks,Namkeen,HUL,3,60,2,58.8,176.4,134.76,41.64,Debit Card,Rohan,Completed
ORD101822,2025-12-01 00:00:00,CUST1277,Meera Verma,Udaipur,Rajasthan,Grocery,Sugar,Patanjali,7,50,8,46,322,219.94,102.06,UPI,Vikas,Completed
ORD101823,2025-10-31 00:00:00,CUST1137,Pooja Joshi,Burhanpur,Madhya Pradesh,Snacks,Namkeen,Nestle,7,30,5,28.5,199.5,148.12,51.38,UPI,Vikas,Completed
ORD101824,2025-10-12 00:00:00,CUST1038,Rahul Patel,Surat,Gujarat,Personal Care,Soap,Nestle,2,500,8,460,920,756.86,163.14,Debit Card,Vikas,Completed
ORD101825,2026-02-14 00:00:00,CUST1037,Aditya Mehta,Jaipur,Rajasthan,Home Care,Toilet Cleaner,Dabur,7,120,0,120,0,612.78,0,Debit Card,Pooja,Cancelled
ORD101826,2025-06-27 00:00:00,CUST1136,Sneha Jain,Kota,Rajasthan,Home Care,Floor Cleaner,P&G,2,250,2,245,490,429.52,60.48,Credit Card,Pooja,Completed
ORD101827,2025-07-22 00:00:00,CUST1278,Arjun Sharma,Vadodara,Gujarat,Home Care,Dishwash,Dabur,5,120,0,120,600,497.9,102.1,Debit Card,Pooja,Completed
ORD101828,2026-02-17 00:00:00,CUST1253,Rohan Agrawal,Pune,Maharashtra,Personal Care,Soap,Dabur,5,120,8,110.4,0,438.7,0,UPI,Amit,Returned
ORD101829,2025-11-01 00:00:00,CUST1114,Vikas Mehta,Ujjain,Madhya Pradesh,Grocery,Toor Dal,Nestle,4,500,15,425,1700,1301.24,398.76,UPI,Sneha,Completed
ORD101830,2025-11-07 00:00:00,CUST1037,Rohan Joshi,Udaipur,Rajasthan,Personal Care,Hair Oil,ITC,4,100,10,90,360,312.96,47.04,Credit Card,Sneha,Completed
ORD101831,2026-02-10 00:00:00,CUST1061,Aditya Patel,Khandwa,Madhya Pradesh,Beverages,Fruit Juice,P&G,3,150,8,138,414,326.43,87.57,Net Banking,Rohan,Completed
ORD101832,2025-09-17 00:00:00,CUST1035,Sneha Singh,Pune,Maharashtra,Snacks,Namkeen,ITC,4,80,10,72,288,228.28,59.72,Cash,Vikas,Completed
ORD101833,2025-04-26 00:00:00,CUST1157,Vikas Jain,Pune,Maharashtra,Baby Care,Baby Shampoo,HUL,7,150,0,150,1050,903.98,146.02,Net Banking,Pooja,Completed
ORD101834,2025-05-04 00:00:00,CUST1140,Aditya Patel,Ahmedabad,Gujarat,Beverages,Soft Drink,Patanjali,5,200,2,196,980,781.7,198.3,Credit Card,Vikas,Completed
ORD101835,2025-05-10 00:00:00,CUST1134,Sneha Verma,Mumbai,Maharashtra,Home Care,Dishwash,P&G,7,500,8,460,0,2419.2,0,UPI,Vikas,Returned
ORD101836,2025-10-03 00:00:00,CUST1231,Pooja Jain,Indore,Madhya Pradesh,Grocery,Cooking Oil,HUL,1,150,15,127.5,127.5,107.03,20.47,Cash,Amit,Completed
ORD101837,2025-11-09 00:00:00,CUST1269,Priya Joshi,Surat,Gujarat,Snacks,Dry Fruits,Nestle,7,50,15,42.5,0,203.49,0,Net Banking,Amit,Returned
ORD101838,2026-02-24 00:00:00,CUST1117,Rahul Gupta,Pune,Maharashtra,Baby Care,Diapers,HUL,3,50,2,49,147,104.46,42.54,UPI,Pooja,Completed
ORD101839,2025-06-06 00:00:00,CUST1209,Sneha Agrawal,Ujjain,Madhya Pradesh,Beverages,Coffee,Dabur,6,50,10,45,0,202.32,0,UPI,Sneha,Returned
ORD101840,2025-07-13 00:00:00,CUST1213,Rahul Agrawal,Pune,Maharashtra,Beverages,Soft Drink,Tata,6,300,0,300,0,1504.26,0,Debit Card,Neha,Cancelled
ORD101841,2025-06-02 00:00:00,CUST1272,Rahul Agrawal,Pune,Maharashtra,Snacks,Namkeen,Parle,5,250,0,250,1250,1043.55,206.45,Cash,Rohan,Completed
ORD101842,2025-05-18 00:00:00,CUST1210,Kavya Agrawal,Nagpur,Maharashtra,Baby Care,Baby Lotion,Nestle,3,80,12,70.4,211.2,168.12,43.08,Cash,Amit,Completed
ORD101843,2026-01-17 00:00:00,CUST1054,Aarav Gupta,Surat,Gujarat,Home Care,Detergent,P&G,6,120,15,102,0,424.02,0,Cash,Vikas,Returned
ORD101844,2026-03-09 00:00:00,CUST1067,Meera Agrawal,Mumbai,Maharashtra,Beverages,Soft Drink,Britannia,2,40,12,35.2,70.4,52.26,18.14,Debit Card,Sneha,Completed
ORD101845,2026-03-24 00:00:00,CUST1261,Neha Mehta,Ujjain,Madhya Pradesh,Snacks,Namkeen,P&G,7,120,2,117.6,0,724.01,0,UPI,Sneha,Returned
ORD101846,2025-07-10 00:00:00,CUST1079,Kavya Mehta,Burhanpur,Madhya Pradesh,Beverages,Soft Drink,Britannia,7,500,15,425,2975,2437.82,537.18,UPI,Rohan,Completed
ORD101847,2025-06-24 00:00:00,CUST1216,Vikas Joshi,Kota,Rajasthan,Grocery,Basmati Rice,Tata,6,300,12,264,1584,1080.6,503.4,Cash,Sneha,Completed
ORD101848,2025-12-18 00:00:00,CUST1218,Vikas Khan,Ahmedabad,Gujarat,Snacks,Cookies,HUL,1,80,2,78.4,78.4,54.92,23.48,UPI,Sneha,Completed
ORD101849,2025-12-11 00:00:00,CUST1131,Aarav Joshi,Ahmedabad,Gujarat,Baby Care,Baby Powder,Dabur,1,30,8,27.6,27.6,23.55,4.05,Cash,Pooja,Completed
ORD101850,2025-07-13 00:00:00,CUST1195,Kavya Joshi,Burhanpur,Madhya Pradesh,Beverages,Coffee,Nestle,4,200,5,190,0,610.84,0,Cash,Rohan,Returned
ORD101851,2025-08-11 00:00:00,CUST1125,Vikas Mehta,Ujjain,Madhya Pradesh,Snacks,Chips,Tata,5,30,5,28.5,142.5,122.75,19.75,Cash,Amit,Completed
ORD101852,2025-06-17 00:00:00,CUST1214,Rahul Mehta,Jaipur,Rajasthan,Grocery,Basmati Rice,Nestle,4,200,12,176,704,519.12,184.88,Cash,Amit,Completed
ORD101853,2025-06-18 00:00:00,CUST1271,Ananya Khan,Bhopal,Madhya Pradesh,Home Care,Glass Cleaner,Nestle,3,30,2,29.4,88.2,61.68,26.52,UPI,Neha,Completed
ORD101854,2025-06-13 00:00:00,CUST1277,Pooja Agrawal,Nashik,Maharashtra,Baby Care,Baby Soap,ITC,2,100,2,98,196,164.9,31.1,Cash,Rohan,Completed
ORD101855,2025-06-27 00:00:00,CUST1182,Aditya Joshi,Nashik,Maharashtra,Snacks,Chips,Nestle,4,250,5,237.5,950,749.92,200.08,UPI,Vikas,Completed
ORD101856,2026-02-05 00:00:00,CUST1016,Neha Patel,Mumbai,Maharashtra,Beverages,Fruit Juice,Dabur,5,250,15,212.5,1062.5,724.95,337.55,Debit Card,Rohan,Completed
ORD101857,2026-02-24 00:00:00,CUST1269,Priya Khan,Ujjain,Madhya Pradesh,Grocery,Cooking Oil,Dabur,2,120,10,108,216,180.38,35.62,Net Banking,Rohan,Completed
ORD101858,2025-09-03 00:00:00,CUST1145,Neha Singh,Jabalpur,Madhya Pradesh,Personal Care,Hair Oil,HUL,1,120,2,117.6,0,101.74,0,UPI,Pooja,Returned
ORD101859,2025-08-12 00:00:00,CUST1102,Neha Gupta,Mumbai,Maharashtra,Baby Care,Baby Soap,Dabur,5,40,8,36.8,184,154,30,UPI,Vikas,Completed
ORD101860,2026-02-14 00:00:00,CUST1189,Rahul Mehta,Nashik,Maharashtra,Personal Care,Toothpaste,Britannia,3,250,8,230,690,485.13,204.87,Debit Card,Neha,Completed
ORD101861,2025-10-11 00:00:00,CUST1224,Meera Khan,Nashik,Maharashtra,Baby Care,Baby Soap,Tata,3,120,2,117.6,352.8,280.8,72,UPI,Pooja,Completed
ORD101862,2025-09-22 00:00:00,CUST1265,Neha Sharma,Nashik,Maharashtra,Grocery,Cooking Oil,Patanjali,6,80,5,76,456,387.36,68.64,Net Banking,Pooja,Completed
ORD101863,2026-02-09 00:00:00,CUST1285,Sneha Khan,Nashik,Maharashtra,Home Care,Glass Cleaner,Parle,3,50,0,50,0,111.63,0,Cash,Sneha,Returned
ORD101864,2025-10-08 00:00:00,CUST1134,Rahul Gupta,Ujjain,Madhya Pradesh,Baby Care,Diapers,Dabur,5,60,0,60,300,254.6,45.4,Credit Card,Vikas,Completed
ORD101865,2025-09-25 00:00:00,CUST1096,Sneha Verma,Mumbai,Maharashtra,Beverages,Coffee,Tata,7,100,10,90,630,440.79,189.21,Cash,Vikas,Completed
ORD101866,2025-11-11 00:00:00,CUST1182,Neha Verma,Indore,Madhya Pradesh,Personal Care,Toothpaste,HUL,5,250,8,230,1150,845.7,304.3,UPI,Sneha,Completed
ORD101867,2025-12-25 00:00:00,CUST1137,Arjun Sharma,Jabalpur,Madhya Pradesh,Home Care,Toilet Cleaner,Parle,4,500,12,440,1760,1239.6,520.4,Cash,Neha,Completed
ORD101868,2025-12-16 00:00:00,CUST1218,Kavya Mehta,Jaipur,Rajasthan,Grocery,Cooking Oil,Parle,6,300,12,264,1584,1266.3,317.7,Debit Card,Amit,Completed
ORD101869,2025-07-02 00:00:00,CUST1117,Vikas Gupta,Vadodara,Gujarat,Beverages,Coffee,Nestle,5,300,5,285,1425,1085.95,339.05,UPI,Vikas,Completed
ORD101870,2025-05-21 00:00:00,CUST1065,Rohan Khan,Udaipur,Rajasthan,Snacks,Biscuits,Nestle,1,120,8,110.4,110.4,82.21,28.19,Cash,Neha,Completed
ORD101871,2025-12-21 00:00:00,CUST1138,Pooja Patel,Surat,Gujarat,Home Care,Floor Cleaner,P&G,3,500,8,460,1380,1114.08,265.92,UPI,Vikas,Completed
ORD101872,2025-09-08 00:00:00,CUST1085,Sneha Khan,Burhanpur,Madhya Pradesh,Home Care,Detergent,Parle,5,150,0,150,0,615.2,0,Credit Card,Amit,Cancelled
ORD101873,2025-11-04 00:00:00,CUST1002,Rohan Khan,Nagpur,Maharashtra,Snacks,Chips,Tata,4,50,15,42.5,170,118.52,51.48,Credit Card,Vikas,Completed
ORD101874,2025-12-27 00:00:00,CUST1049,Meera Agrawal,Jabalpur,Madhya Pradesh,Grocery,Sugar,ITC,4,300,10,270,1080,849.84,230.16,UPI,Sneha,Completed
ORD101875,2026-01-12 00:00:00,CUST1024,Vikas Mehta,Surat,Gujarat,Beverages,Soft Drink,Britannia,4,30,0,30,0,86.8,0,UPI,Vikas,Cancelled
ORD101876,2025-11-30 00:00:00,CUST1055,Rahul Gupta,Nagpur,Maharashtra,Beverages,Coffee,Dabur,5,200,2,196,980,668.75,311.25,UPI,Rohan,Completed
ORD101877,2025-10-29 00:00:00,CUST1189,Ananya Patel,Jabalpur,Madhya Pradesh,Snacks,Dry Fruits,HUL,2,120,8,110.4,220.8,158.2,62.6,UPI,Neha,Completed
ORD101878,2025-10-06 00:00:00,CUST1186,Amit Joshi,Jabalpur,Madhya Pradesh,Beverages,Green Tea,Dabur,5,200,0,200,0,760.65,0,UPI,Vikas,Returned
ORD101879,2026-03-28 00:00:00,CUST1294,Kavya Joshi,Mumbai,Maharashtra,Personal Care,Hair Oil,ITC,4,300,8,276,1104,920.12,183.88,Debit Card,Vikas,Completed
ORD101880,2026-02-22 00:00:00,CUST1139,Pooja Joshi,Burhanpur,Madhya Pradesh,Snacks,Namkeen,HUL,6,150,8,138,828,571.98,256.02,Net Banking,Rohan,Completed
ORD101881,2025-11-10 00:00:00,CUST1047,Aarav Sharma,Jaipur,Rajasthan,Personal Care,Toothpaste,ITC,5,300,10,270,1350,966.05,383.95,Cash,Amit,Completed
ORD101882,2025-04-10 00:00:00,CUST1040,Vivaan Mehta,Nashik,Maharashtra,Snacks,Biscuits,Britannia,3,150,2,147,441,320.34,120.66,UPI,Pooja,Completed
ORD101883,2025-07-23 00:00:00,CUST1273,Priya Khan,Bhopal,Madhya Pradesh,Grocery,Cooking Oil,Tata,3,50,2,49,147,104.13,42.87,UPI,Rohan,Completed
ORD101884,2025-05-24 00:00:00,CUST1273,Pooja Joshi,Burhanpur,Madhya Pradesh,Home Care,Toilet Cleaner,P&G,1,150,12,132,132,92.93,39.07,UPI,Pooja,Completed
ORD101885,2025-07-01 00:00:00,CUST1033,Sneha Patel,Udaipur,Rajasthan,Home Care,Glass Cleaner,Patanjali,5,150,15,127.5,637.5,438.85,198.65,Cash,Amit,Completed
ORD101886,2026-02-26 00:00:00,CUST1289,Kavya Joshi,Vadodara,Gujarat,Beverages,Soft Drink,ITC,2,60,5,57,114,90.56,23.44,Net Banking,Pooja,Completed
ORD101887,2026-01-20 00:00:00,CUST1208,Vikas Agrawal,Jaipur,Rajasthan,Baby Care,Baby Powder,Tata,2,80,0,80,160,139.76,20.24,Cash,Neha,Completed
ORD101888,2025-10-20 00:00:00,CUST1011,Aditya Verma,Jaipur,Rajasthan,Baby Care,Baby Soap,ITC,2,200,2,196,392,276.98,115.02,UPI,Amit,Completed
ORD101889,2025-08-21 00:00:00,CUST1167,Neha Jain,Surat,Gujarat,Baby Care,Baby Powder,ITC,5,40,12,35.2,176,147.75,28.25,UPI,Amit,Completed
ORD101890,2026-03-27 00:00:00,CUST1154,Amit Gupta,Pune,Maharashtra,Baby Care,Baby Powder,HUL,4,50,2,49,196,156.28,39.72,UPI,Rohan,Completed
ORD101891,2025-12-15 00:00:00,CUST1139,Pooja Patel,Udaipur,Rajasthan,Home Care,Floor Cleaner,P&G,2,150,12,132,264,211.62,52.38,Net Banking,Pooja,Completed
ORD101892,2026-02-14 00:00:00,CUST1269,Arjun Singh,Jabalpur,Madhya Pradesh,Home Care,Dishwash,HUL,1,50,8,46,46,37.82,8.18,Debit Card,Sneha,Completed
ORD101893,2025-08-26 00:00:00,CUST1129,Aditya Agrawal,Mumbai,Maharashtra,Grocery,Sugar,Patanjali,7,250,10,225,1575,1159.2,415.8,UPI,Pooja,Completed
ORD101894,2025-11-04 00:00:00,CUST1154,Rahul Patel,Mumbai,Maharashtra,Personal Care,Shampoo,Patanjali,5,40,8,36.8,184,154.45,29.55,Cash,Rohan,Completed
ORD101895,2025-10-15 00:00:00,CUST1170,Ananya Patel,Mumbai,Maharashtra,Beverages,Tea,Britannia,1,500,8,460,460,319.35,140.65,UPI,Rohan,Completed
ORD101896,2025-11-11 00:00:00,CUST1036,Rahul Agrawal,Jabalpur,Madhya Pradesh,Snacks,Cookies,Parle,1,200,8,184,184,151.88,32.12,UPI,Vikas,Completed
ORD101897,2025-11-27 00:00:00,CUST1170,Ananya Singh,Burhanpur,Madhya Pradesh,Personal Care,Soap,Patanjali,7,40,5,38,266,189.14,76.86,UPI,Rohan,Completed
ORD101898,2025-08-28 00:00:00,CUST1080,Aarav Jain,Surat,Gujarat,Snacks,Cookies,Parle,2,60,12,52.8,105.6,74.16,31.44,Net Banking,Pooja,Completed
ORD101899,2025-07-13 00:00:00,CUST1290,Vivaan Khan,Bhopal,Madhya Pradesh,Personal Care,Shampoo,Britannia,6,60,0,60,360,283.38,76.62,UPI,Neha,Completed
ORD101900,2025-07-15 00:00:00,CUST1261,Aarav Khan,Nagpur,Maharashtra,Baby Care,Baby Shampoo,ITC,4,50,0,50,200,172.88,27.12,Net Banking,Neha,Completed
ORD101901,2026-02-09 00:00:00,CUST1138,Amit Agrawal,Surat,Gujarat,Beverages,Soft Drink,Nestle,3,30,15,25.5,76.5,59.22,17.28,Net Banking,Amit,Completed
ORD101902,2025-10-21 00:00:00,CUST1241,Vikas Sharma,Bhopal,Madhya Pradesh,Snacks,Dry Fruits,P&G,2,120,5,114,228,157.98,70.02,Debit Card,Amit,Completed
ORD101903,2025-10-25 00:00:00,CUST1297,Vikas Verma,Jaipur,Rajasthan,Grocery,Basmati Rice,P&G,3,300,15,255,765,608.52,156.48,Cash,Pooja,Completed
ORD101904,2025-08-02 00:00:00,CUST1228,Aditya Khan,Indore,Madhya Pradesh,Personal Care,Soap,P&G,2,150,10,135,270,225.22,44.78,UPI,Vikas,Completed
ORD101905,2026-02-15 00:00:00,CUST1066,Rahul Singh,Indore,Madhya Pradesh,Grocery,Toor Dal,Britannia,6,300,2,294,0,1424.94,0,UPI,Rohan,Cancelled
ORD101906,2025-10-05 00:00:00,CUST1300,Amit Gupta,Surat,Gujarat,Personal Care,Toothpaste,HUL,1,120,8,110.4,0,90.71,0,Cash,Amit,Cancelled
ORD101907,2025-06-18 00:00:00,CUST1036,Vikas Gupta,Mumbai,Maharashtra,Snacks,Cookies,Dabur,1,50,2,49,49,41.36,7.64,Credit Card,Amit,Completed
ORD101908,2025-11-09 00:00:00,CUST1069,Rahul Khan,Bhopal,Madhya Pradesh,Snacks,Namkeen,Patanjali,5,100,5,95,0,407.55,0,UPI,Neha,Cancelled
ORD101909,2025-10-29 00:00:00,CUST1246,Sneha Jain,Ahmedabad,Gujarat,Home Care,Floor Cleaner,ITC,3,200,15,170,510,356.58,153.42,UPI,Vikas,Completed
ORD101910,2025-06-28 00:00:00,CUST1118,Vivaan Singh,Jaipur,Rajasthan,Baby Care,Baby Powder,Nestle,4,60,5,57,0,165.76,0,Net Banking,Sneha,Returned
ORD101911,2025-06-12 00:00:00,CUST1222,Amit Singh,Mumbai,Maharashtra,Beverages,Fruit Juice,Tata,3,300,8,276,0,723.27,0,UPI,Pooja,Returned
ORD101912,2025-05-06 00:00:00,CUST1125,Meera Singh,Burhanpur,Madhya Pradesh,Beverages,Coffee,Britannia,1,30,2,29.4,29.4,22.36,7.04,Credit Card,Sneha,Completed
ORD101913,2025-12-07 00:00:00,CUST1067,Vivaan Singh,Vadodara,Gujarat,Snacks,Chips,Tata,5,150,5,142.5,712.5,624.05,88.45,UPI,Amit,Completed
ORD101914,2025-07-06 00:00:00,CUST1071,Aarav Singh,Nagpur,Maharashtra,Baby Care,Baby Shampoo,Nestle,5,60,2,58.8,294,205.05,88.95,UPI,Neha,Completed
ORD101915,2025-05-06 00:00:00,CUST1169,Vikas Verma,Jabalpur,Madhya Pradesh,Beverages,Green Tea,Parle,4,30,10,27,108,84,24,UPI,Pooja,Completed
ORD101916,2025-10-28 00:00:00,CUST1051,Meera Agrawal,Ahmedabad,Gujarat,Beverages,Fruit Juice,Tata,3,60,10,54,162,110.82,51.18,Debit Card,Vikas,Completed
ORD101917,2026-03-29 00:00:00,CUST1225,Ananya Verma,Ujjain,Madhya Pradesh,Home Care,Dishwash,Britannia,1,250,10,225,0,173.12,0,Debit Card,Neha,Returned
ORD101918,2025-12-03 00:00:00,CUST1106,Aditya Gupta,Pune,Maharashtra,Beverages,Green Tea,Tata,7,30,5,28.5,0,157.43,0,UPI,Rohan,Returned
ORD101919,2026-03-04 00:00:00,CUST1215,Pooja Patel,Jaipur,Rajasthan,Snacks,Dry Fruits,Patanjali,7,80,12,70.4,0,398.09,0,Net Banking,Sneha,Returned
ORD101920,2025-05-03 00:00:00,CUST1287,Arjun Agrawal,Surat,Gujarat,Home Care,Detergent,Patanjali,1,80,0,80,80,60.44,19.56,Cash,Pooja,Completed
ORD101921,2025-11-12 00:00:00,CUST1225,Meera Patel,Kota,Rajasthan,Snacks,Chips,Parle,3,250,5,237.5,712.5,620.61,91.89,UPI,Pooja,Completed
ORD101922,2025-08-03 00:00:00,CUST1172,Priya Joshi,Nagpur,Maharashtra,Baby Care,Diapers,P&G,4,120,12,105.6,0,369.84,0,Debit Card,Amit,Returned
ORD101923,2025-09-08 00:00:00,CUST1275,Aditya Jain,Khandwa,Madhya Pradesh,Snacks,Namkeen,Dabur,5,60,8,55.2,276,206.35,69.65,Debit Card,Neha,Completed
ORD101924,2025-11-27 00:00:00,CUST1185,Aditya Joshi,Nagpur,Maharashtra,Beverages,Coffee,HUL,5,100,12,88,0,323.95,0,Cash,Vikas,Cancelled
ORD101925,2025-04-05 00:00:00,CUST1052,Rohan Verma,Pune,Maharashtra,Snacks,Chips,Britannia,3,120,8,110.4,331.2,240.06,91.14,UPI,Rohan,Completed
ORD101926,2025-05-16 00:00:00,CUST1023,Aditya Mehta,Khandwa,Madhya Pradesh,Snacks,Cookies,Nestle,4,50,15,42.5,170,145.04,24.96,Credit Card,Pooja,Completed
ORD101927,2026-01-11 00:00:00,CUST1278,Aarav Jain,Kota,Rajasthan,Home Care,Floor Cleaner,Britannia,3,100,5,95,285,246.06,38.94,Net Banking,Neha,Completed
ORD101928,2025-11-26 00:00:00,CUST1012,Meera Jain,Burhanpur,Madhya Pradesh,Snacks,Dry Fruits,Tata,7,100,8,92,644,498.75,145.25,Cash,Sneha,Completed
ORD101929,2025-04-30 00:00:00,CUST1031,Rahul Singh,Jabalpur,Madhya Pradesh,Baby Care,Baby Shampoo,Dabur,6,200,12,176,1056,765,291,UPI,Rohan,Completed
ORD101930,2025-07-02 00:00:00,CUST1217,Aarav Verma,Pune,Maharashtra,Snacks,Chips,Tata,4,30,2,29.4,117.6,97.92,19.68,Debit Card,Vikas,Completed
ORD101931,2025-08-02 00:00:00,CUST1157,Rahul Verma,Ahmedabad,Gujarat,Home Care,Toilet Cleaner,Britannia,3,200,10,180,540,387.99,152.01,Credit Card,Rohan,Completed
ORD101932,2025-08-20 00:00:00,CUST1272,Amit Jain,Jaipur,Rajasthan,Beverages,Green Tea,Dabur,4,200,2,196,784,624.04,159.96,UPI,Pooja,Completed
ORD101933,2026-01-02 00:00:00,CUST1255,Vikas Agrawal,Burhanpur,Madhya Pradesh,Beverages,Soft Drink,Britannia,5,30,2,29.4,147,101.05,45.95,Debit Card,Rohan,Completed
ORD101934,2025-09-22 00:00:00,CUST1154,Ananya Singh,Nashik,Maharashtra,Personal Care,Soap,ITC,3,60,5,57,171,149.79,21.21,UPI,Pooja,Completed
ORD101935,2025-04-21 00:00:00,CUST1108,Rahul Singh,Burhanpur,Madhya Pradesh,Home Care,Dishwash,HUL,3,150,8,138,414,297.66,116.34,UPI,Neha,Completed
ORD101936,2025-06-26 00:00:00,CUST1003,Aditya Sharma,Bhopal,Madhya Pradesh,Grocery,Wheat Flour,Dabur,7,250,15,212.5,1487.5,1064.91,422.59,UPI,Rohan,Completed
ORD101937,2026-03-18 00:00:00,CUST1108,Aditya Joshi,Pune,Maharashtra,Beverages,Tea,ITC,1,150,15,127.5,127.5,93.41,34.09,UPI,Rohan,Completed
ORD101938,2025-10-06 00:00:00,CUST1069,Vivaan Khan,Burhanpur,Madhya Pradesh,Baby Care,Baby Shampoo,Britannia,1,120,8,110.4,0,83.56,0,Cash,Amit,Cancelled
ORD101939,2025-04-04 00:00:00,CUST1188,Priya Singh,Vadodara,Gujarat,Grocery,Wheat Flour,HUL,1,40,5,38,38,27.43,10.57,Net Banking,Rohan,Completed
ORD101940,2025-09-22 00:00:00,CUST1056,Rohan Joshi,Ujjain,Madhya Pradesh,Beverages,Fruit Juice,P&G,6,300,0,300,0,1492.26,0,Cash,Amit,Returned
ORD101941,2025-08-08 00:00:00,CUST1181,Meera Jain,Nagpur,Maharashtra,Baby Care,Baby Powder,Parle,5,100,0,100,500,364,136,Debit Card,Amit,Completed
ORD101942,2025-11-07 00:00:00,CUST1166,Pooja Singh,Burhanpur,Madhya Pradesh,Personal Care,Hair Oil,Patanjali,7,100,15,85,595,473.13,121.87,Cash,Amit,Completed
ORD101943,2025-04-28 00:00:00,CUST1234,Meera Khan,Jabalpur,Madhya Pradesh,Beverages,Soft Drink,HUL,6,50,12,44,264,220.92,43.08,UPI,Amit,Completed
ORD101944,2025-11-15 00:00:00,CUST1267,Meera Singh,Nagpur,Maharashtra,Personal Care,Hair Oil,Parle,1,200,12,176,176,141.51,34.49,Net Banking,Amit,Completed
ORD101945,2025-06-13 00:00:00,CUST1269,Meera Mehta,Vadodara,Gujarat,Beverages,Green Tea,P&G,5,40,2,39.2,196,154.2,41.8,Credit Card,Sneha,Completed
ORD101946,2025-10-23 00:00:00,CUST1225,Vivaan Gupta,Mumbai,Maharashtra,Home Care,Floor Cleaner,ITC,5,60,5,57,285,220.3,64.7,UPI,Sneha,Completed
ORD101947,2026-02-23 00:00:00,CUST1071,Rahul Patel,Jaipur,Rajasthan,Snacks,Cookies,Parle,6,50,10,45,270,232.92,37.08,Debit Card,Pooja,Completed
ORD101948,2025-07-06 00:00:00,CUST1001,Kavya Gupta,Nashik,Maharashtra,Beverages,Soft Drink,P&G,2,120,15,102,204,163.76,40.24,Cash,Vikas,Completed
ORD101949,2025-06-21 00:00:00,CUST1144,Rahul Singh,Khandwa,Madhya Pradesh,Grocery,Wheat Flour,P&G,1,50,8,46,46,33.15,12.85,UPI,Pooja,Completed
ORD101950,2025-09-01 00:00:00,CUST1003,Kavya Jain,Mumbai,Maharashtra,Snacks,Cookies,Nestle,5,50,0,50,250,186.1,63.9,Net Banking,Rohan,Completed
ORD101951,2025-05-08 00:00:00,CUST1033,Neha Jain,Nagpur,Maharashtra,Personal Care,Shampoo,Dabur,2,80,12,70.4,140.8,123.82,16.98,Net Banking,Neha,Completed
ORD101952,2025-07-22 00:00:00,CUST1299,Aarav Verma,Khandwa,Madhya Pradesh,Baby Care,Baby Soap,HUL,5,50,10,45,225,165.3,59.7,Debit Card,Rohan,Completed
ORD101953,2025-12-23 00:00:00,CUST1144,Rahul Jain,Ahmedabad,Gujarat,Beverages,Soft Drink,Britannia,3,250,2,245,735,605.28,129.72,Debit Card,Neha,Completed
ORD101954,2025-07-03 00:00:00,CUST1221,Neha Verma,Mumbai,Maharashtra,Grocery,Cooking Oil,HUL,7,250,15,212.5,1487.5,1017.87,469.63,Cash,Amit,Completed
ORD101955,2026-02-14 00:00:00,CUST1125,Pooja Sharma,Nagpur,Maharashtra,Beverages,Soft Drink,Parle,3,250,15,212.5,637.5,524.94,112.56,Net Banking,Vikas,Completed
ORD101956,2025-06-30 00:00:00,CUST1193,Rohan Jain,Udaipur,Rajasthan,Grocery,Sugar,Britannia,6,150,10,135,810,558.36,251.64,Credit Card,Neha,Completed
ORD101957,2025-06-11 00:00:00,CUST1068,Rahul Verma,Burhanpur,Madhya Pradesh,Baby Care,Baby Powder,Nestle,7,60,5,57,399,295.12,103.88,Credit Card,Amit,Completed
ORD101958,2026-01-18 00:00:00,CUST1154,Priya Singh,Jabalpur,Madhya Pradesh,Snacks,Namkeen,P&G,5,300,5,285,1425,989.6,435.4,UPI,Rohan,Completed
ORD101959,2025-07-30 00:00:00,CUST1198,Sneha Patel,Pune,Maharashtra,Home Care,Floor Cleaner,ITC,7,40,0,40,280,230.65,49.35,UPI,Rohan,Completed
ORD101960,2025-08-27 00:00:00,CUST1117,Priya Khan,Ujjain,Madhya Pradesh,Snacks,Biscuits,HUL,2,250,15,212.5,425,361.6,63.4,Cash,Rohan,Completed
ORD101961,2025-05-15 00:00:00,CUST1123,Sneha Khan,Nashik,Maharashtra,Personal Care,Toothpaste,Patanjali,2,200,12,176,352,308.26,43.74,Net Banking,Amit,Completed
ORD101962,2025-11-26 00:00:00,CUST1096,Ananya Gupta,Surat,Gujarat,Grocery,Cooking Oil,Nestle,1,200,0,200,200,154.75,45.25,UPI,Rohan,Completed
ORD101963,2025-08-10 00:00:00,CUST1136,Priya Sharma,Udaipur,Rajasthan,Grocery,Basmati Rice,P&G,7,200,5,190,1330,917.28,412.72,Cash,Neha,Completed
ORD101964,2025-05-21 00:00:00,CUST1149,Meera Patel,Pune,Maharashtra,Personal Care,Hair Oil,Dabur,3,30,2,29.4,88.2,69.36,18.84,Net Banking,Pooja,Completed
ORD101965,2026-03-11 00:00:00,CUST1031,Meera Jain,Vadodara,Gujarat,Home Care,Detergent,P&G,3,500,0,500,1500,1025.82,474.18,Cash,Neha,Completed
ORD101966,2026-01-06 00:00:00,CUST1150,Arjun Jain,Khandwa,Madhya Pradesh,Snacks,Dry Fruits,HUL,6,120,5,114,684,584.1,99.9,Cash,Amit,Completed
ORD101967,2025-08-04 00:00:00,CUST1265,Amit Verma,Khandwa,Madhya Pradesh,Beverages,Coffee,Tata,5,100,2,98,0,364.55,0,UPI,Rohan,Returned
ORD101968,2025-07-15 00:00:00,CUST1240,Arjun Patel,Mumbai,Maharashtra,Beverages,Coffee,P&G,1,200,15,170,0,135.26,0,Credit Card,Rohan,Returned
ORD101969,2025-10-22 00:00:00,CUST1109,Vivaan Jain,Nagpur,Maharashtra,Beverages,Fruit Juice,Patanjali,2,300,8,276,552,422.82,129.18,UPI,Vikas,Completed
ORD101970,2025-08-17 00:00:00,CUST1145,Aditya Mehta,Ujjain,Madhya Pradesh,Baby Care,Baby Shampoo,ITC,7,30,12,26.4,0,131.74,0,Cash,Pooja,Returned
ORD101971,2025-08-03 00:00:00,CUST1064,Sneha Jain,Pune,Maharashtra,Baby Care,Baby Shampoo,Nestle,7,40,0,40,280,221.62,58.38,UPI,Sneha,Completed
ORD101972,2025-09-05 00:00:00,CUST1279,Rohan Jain,Mumbai,Maharashtra,Snacks,Dry Fruits,Parle,5,500,15,425,2125,1650.65,474.35,UPI,Vikas,Completed
ORD101973,2025-06-16 00:00:00,CUST1220,Vivaan Sharma,Mumbai,Maharashtra,Personal Care,Toothpaste,Nestle,2,300,15,255,510,435.54,74.46,Debit Card,Rohan,Completed
ORD101974,2025-09-16 00:00:00,CUST1218,Vivaan Agrawal,Ujjain,Madhya Pradesh,Snacks,Cookies,Dabur,6,200,5,190,1140,910.86,229.14,Debit Card,Neha,Completed
ORD101975,2025-08-14 00:00:00,CUST1116,Rahul Joshi,Khandwa,Madhya Pradesh,Snacks,Dry Fruits,ITC,7,50,12,44,308,267.26,40.74,Cash,Vikas,Completed
ORD101976,2025-05-18 00:00:00,CUST1187,Rohan Khan,Jabalpur,Madhya Pradesh,Personal Care,Toothpaste,ITC,5,100,5,95,475,340.05,134.95,Cash,Rohan,Completed
ORD101977,2025-07-18 00:00:00,CUST1135,Kavya Agrawal,Burhanpur,Madhya Pradesh,Personal Care,Toothpaste,Tata,1,50,2,49,49,39.11,9.89,Credit Card,Neha,Completed
ORD101978,2026-03-08 00:00:00,CUST1257,Vivaan Sharma,Surat,Gujarat,Baby Care,Baby Soap,Parle,3,100,10,90,270,221.1,48.9,Debit Card,Vikas,Completed
ORD101979,2026-02-08 00:00:00,CUST1030,Neha Mehta,Ahmedabad,Gujarat,Snacks,Dry Fruits,ITC,7,300,2,294,0,1494.5,0,UPI,Neha,Cancelled
ORD101980,2026-03-24 00:00:00,CUST1123,Vikas Jain,Jabalpur,Madhya Pradesh,Snacks,Biscuits,Parle,6,50,10,45,270,207.3,62.7,Cash,Rohan,Completed
ORD101981,2025-12-15 00:00:00,CUST1287,Amit Patel,Mumbai,Maharashtra,Home Care,Dishwash,Britannia,7,50,15,42.5,297.5,217.21,80.29,UPI,Rohan,Completed
ORD101982,2025-07-01 00:00:00,CUST1123,Aarav Sharma,Bhopal,Madhya Pradesh,Grocery,Sugar,P&G,2,40,15,34,68,48.04,19.96,UPI,Pooja,Completed
ORD101983,2025-09-08 00:00:00,CUST1235,Sneha Singh,Udaipur,Rajasthan,Baby Care,Baby Lotion,HUL,2,100,5,95,190,163.46,26.54,Cash,Pooja,Completed
ORD101984,2025-09-17 00:00:00,CUST1082,Arjun Mehta,Kota,Rajasthan,Snacks,Namkeen,Tata,2,100,2,98,196,139.04,56.96,UPI,Pooja,Completed
ORD101985,2025-06-13 00:00:00,CUST1121,Meera Singh,Nagpur,Maharashtra,Beverages,Green Tea,Parle,5,100,2,98,0,401.45,0,Credit Card,Amit,Returned
ORD101986,2026-01-26 00:00:00,CUST1266,Rohan Singh,Ujjain,Madhya Pradesh,Snacks,Namkeen,Tata,1,60,2,58.8,58.8,49.9,8.9,Cash,Rohan,Completed
ORD101987,2025-07-29 00:00:00,CUST1026,Rohan Mehta,Pune,Maharashtra,Personal Care,Shampoo,HUL,1,60,2,58.8,0,50.09,0,UPI,Sneha,Returned
ORD101988,2025-08-04 00:00:00,CUST1195,Neha Agrawal,Nagpur,Maharashtra,Baby Care,Baby Shampoo,Nestle,4,100,0,100,400,336.68,63.32,Debit Card,Neha,Completed
ORD101989,2025-06-15 00:00:00,CUST1022,Kavya Patel,Kota,Rajasthan,Beverages,Coffee,ITC,2,150,15,127.5,255,203.18,51.82,UPI,Pooja,Completed
ORD101990,2025-06-28 00:00:00,CUST1222,Pooja Patel,Udaipur,Rajasthan,Baby Care,Baby Shampoo,Britannia,7,60,8,55.2,386.4,325.08,61.32,UPI,Rohan,Completed
ORD101991,2026-01-09 00:00:00,CUST1024,Amit Gupta,Khandwa,Madhya Pradesh,Grocery,Sugar,HUL,7,120,12,105.6,739.2,571.41,167.79,UPI,Amit,Completed
ORD101992,2025-04-05 00:00:00,CUST1207,Ananya Agrawal,Bhopal,Madhya Pradesh,Grocery,Toor Dal,Nestle,4,150,0,150,600,443.2,156.8,Net Banking,Pooja,Completed
ORD101993,2025-10-15 00:00:00,CUST1264,Meera Singh,Surat,Gujarat,Beverages,Coffee,P&G,7,300,5,285,1995,1427.23,567.77,UPI,Neha,Completed
ORD101994,2025-07-02 00:00:00,CUST1063,Priya Joshi,Khandwa,Madhya Pradesh,Home Care,Floor Cleaner,P&G,5,500,15,425,2125,1446.95,678.05,UPI,Neha,Completed
ORD101995,2025-11-07 00:00:00,CUST1242,Ananya Jain,Mumbai,Maharashtra,Baby Care,Baby Shampoo,Britannia,5,500,2,490,2450,1759,691,UPI,Pooja,Completed
ORD101996,2025-06-11 00:00:00,CUST1048,Kavya Gupta,Vadodara,Gujarat,Personal Care,Hair Oil,ITC,2,100,15,85,170,129.52,40.48,Debit Card,Vikas,Completed
ORD101997,2025-12-07 00:00:00,CUST1226,Sneha Singh,Indore,Madhya Pradesh,Snacks,Dry Fruits,P&G,1,80,12,70.4,70.4,52.65,17.75,Net Banking,Sneha,Completed
ORD101998,2025-05-29 00:00:00,CUST1110,Meera Jain,Indore,Madhya Pradesh,Personal Care,Toothpaste,Nestle,3,250,5,237.5,712.5,567.9,144.6,UPI,Neha,Completed
ORD101999,2025-06-09 00:00:00,CUST1083,Rahul Joshi,Ahmedabad,Gujarat,Baby Care,Baby Lotion,HUL,3,250,8,230,0,495.3,0,UPI,Rohan,Returned
ORD102000,2025-07-21 00:00:00,CUST1270,Sneha Sharma,Burhanpur,Madhya Pradesh,Grocery,Toor Dal,Nestle,3,30,10,27,81,57.45,23.55,Debit Card,Rohan,Completed
